Year,AR6_R10,GW,Type,MWh/yr,MtCO2/yr
1924,R10EUROPE,0.05,Historical,153300.0,0.1010247
1925,R10EUROPE,0.05,Historical,153300.0,0.1010247
1925,R10REF_ECON,0.08,Historical,245279.99999999997,0.16163951999999998
1926,R10EUROPE,0.05,Historical,153300.0,0.1010247
1926,R10REF_ECON,0.08,Historical,245279.99999999997,0.16163951999999998
1927,R10EUROPE,0.05,Historical,153300.0,0.1010247
1927,R10REF_ECON,0.08,Historical,245279.99999999997,0.16163951999999998
1928,R10EUROPE,0.05,Historical,153300.0,0.1010247
1928,R10REF_ECON,0.08,Historical,245279.99999999997,0.16163951999999998
1929,R10EUROPE,0.05,Historical,153300.0,0.1010247
1929,R10REF_ECON,0.08,Historical,245279.99999999997,0.16163951999999998
1930,R10EUROPE,0.131,Historical,401645.99999999994,0.264684714
1930,R10REF_ECON,0.08,Historical,245279.99999999997,0.16163951999999998
1931,R10EUROPE,0.131,Historical,401645.99999999994,0.264684714
1931,R10REF_ECON,0.19,Historical,582540.0,0.38389386
1932,R10EUROPE,0.131,Historical,401645.99999999994,0.264684714
1932,R10REF_ECON,0.19,Historical,582540.0,0.38389386
1933,R10EUROPE,0.131,Historical,401645.99999999994,0.264684714
1933,R10REF_ECON,0.19,Historical,582540.0,0.38389386
1934,R10EUROPE,0.131,Historical,401645.99999999994,0.264684714
1934,R10REF_ECON,0.19,Historical,582540.0,0.38389386
1935,R10EUROPE,0.131,Historical,401645.99999999994,0.264684714
1935,R10REF_ECON,0.19,Historical,582540.0,0.38389386
1936,R10EUROPE,0.158,Historical,484427.99999999994,0.31923805199999994
1936,R10REF_ECON,0.19,Historical,582540.0,0.38389386
1937,R10EUROPE,0.158,Historical,484427.99999999994,0.31923805199999994
1937,R10REF_ECON,0.19,Historical,582540.0,0.38389386
1938,R10EUROPE,0.158,Historical,484427.99999999994,0.31923805199999994
1938,R10REF_ECON,0.19,Historical,582540.0,0.38389386
1939,R10EUROPE,0.158,Historical,484427.99999999994,0.31923805199999994
1939,R10REF_ECON,0.19,Historical,582540.0,0.38389386
1940,R10EUROPE,0.158,Historical,484427.99999999994,0.31923805199999994
1940,R10REF_ECON,0.19,Historical,582540.0,0.38389386
1941,R10EUROPE,0.158,Historical,484427.99999999994,0.31923805199999994
1941,R10REF_ECON,0.19,Historical,582540.0,0.38389386
1942,R10EUROPE,0.158,Historical,484427.99999999994,0.31923805199999994
1942,R10REF_ECON,0.246,Historical,754236.0,0.497041524
1943,R10EUROPE,0.158,Historical,484427.99999999994,0.31923805199999994
1943,R10REF_ECON,0.246,Historical,754236.0,0.497041524
1944,R10EUROPE,0.158,Historical,484427.99999999994,0.31923805199999994
1944,R10INDIA+,0.144,Historical,441503.9999999999,0.29095113599999994
1944,R10REF_ECON,0.246,Historical,754236.0,0.497041524
1944,R10REST_ASIA,0.144,Historical,441503.9999999999,0.29095113599999994
1945,R10EUROPE,0.158,Historical,484427.99999999994,0.31923805199999994
1945,R10INDIA+,0.144,Historical,441503.9999999999,0.29095113599999994
1945,R10REF_ECON,0.246,Historical,754236.0,0.497041524
1945,R10REST_ASIA,0.144,Historical,441503.9999999999,0.29095113599999994
1946,R10EUROPE,0.158,Historical,484427.99999999994,0.31923805199999994
1946,R10INDIA+,0.144,Historical,441503.9999999999,0.29095113599999994
1946,R10REF_ECON,0.246,Historical,754236.0,0.497041524
1946,R10REST_ASIA,0.144,Historical,441503.9999999999,0.29095113599999994
1947,R10EUROPE,0.158,Historical,484427.99999999994,0.31923805199999994
1947,R10INDIA+,0.144,Historical,441503.9999999999,0.29095113599999994
1947,R10REF_ECON,0.246,Historical,754236.0,0.497041524
1947,R10REST_ASIA,0.144,Historical,441503.9999999999,0.29095113599999994
1948,R10EUROPE,0.242,Historical,741972.0,0.488959548
1948,R10INDIA+,0.144,Historical,441503.9999999999,0.29095113599999994
1948,R10REF_ECON,0.246,Historical,754236.0,0.497041524
1948,R10REST_ASIA,0.144,Historical,441503.9999999999,0.29095113599999994
1949,R10EUROPE,0.242,Historical,741972.0,0.488959548
1949,R10INDIA+,0.144,Historical,441503.9999999999,0.29095113599999994
1949,R10REF_ECON,0.246,Historical,754236.0,0.497041524
1949,R10REST_ASIA,0.144,Historical,441503.9999999999,0.29095113599999994
1950,R10EUROPE,0.242,Historical,741972.0,0.488959548
1950,R10INDIA+,0.144,Historical,441503.9999999999,0.29095113599999994
1950,R10NORTH_AM,0.1,Historical,306600.0,0.2020494
1950,R10REF_ECON,0.246,Historical,754236.0,0.497041524
1950,R10REST_ASIA,0.144,Historical,441503.9999999999,0.29095113599999994
1951,R10EUROPE,0.242,Historical,741972.0,0.488959548
1951,R10INDIA+,0.144,Historical,441503.9999999999,0.29095113599999994
1951,R10NORTH_AM,0.325,Historical,996450.0,0.65666055
1951,R10REF_ECON,0.366,Historical,1122155.9999999998,0.7395008039999998
1951,R10REST_ASIA,0.144,Historical,441503.9999999999,0.29095113599999994
1952,R10EUROPE,0.242,Historical,741972.0,0.488959548
1952,R10INDIA+,0.144,Historical,441503.9999999999,0.29095113599999994
1952,R10NORTH_AM,0.478,Historical,1465547.9999999998,0.9657961319999999
1952,R10REF_ECON,0.766,Historical,2348555.9999999995,1.5476984039999997
1952,R10REST_ASIA,0.144,Historical,441503.9999999999,0.29095113599999994
1953,R10EUROPE,0.242,Historical,741972.0,0.488959548
1953,R10INDIA+,0.144,Historical,441503.9999999999,0.29095113599999994
1953,R10NORTH_AM,0.651,Historical,1995966.0,1.315341594
1953,R10REF_ECON,0.766,Historical,2348555.9999999995,1.5476984039999997
1953,R10REST_ASIA,0.144,Historical,441503.9999999999,0.29095113599999994
1954,R10EUROPE,0.332,Historical,1017912.0,0.670804008
1954,R10INDIA+,0.144,Historical,441503.9999999999,0.29095113599999994
1954,R10NORTH_AM,1.428,Historical,4378248.0,2.885265432
1954,R10REF_ECON,0.866,Historical,2655156.0,1.749747804
1954,R10REST_ASIA,0.144,Historical,441503.9999999999,0.29095113599999994
1955,R10EUROPE,0.332,Historical,1017912.0,0.670804008
1955,R10INDIA+,0.144,Historical,441503.9999999999,0.29095113599999994
1955,R10NORTH_AM,1.91,Historical,5856059.999999999,3.8591435399999994
1955,R10REF_ECON,0.866,Historical,2655156.0,1.749747804
1955,R10REST_ASIA,0.144,Historical,441503.9999999999,0.29095113599999994
1956,R10EUROPE,0.332,Historical,1017912.0,0.670804008
1956,R10INDIA+,0.144,Historical,441503.9999999999,0.29095113599999994
1956,R10LATIN_AM,0.4,Historical,1226400.0,0.8081976
1956,R10NORTH_AM,2.537,Historical,7778441.999999999,5.125993277999999
1956,R10REF_ECON,1.491,Historical,4571406.0,3.012556554
1956,R10REST_ASIA,0.144,Historical,441503.9999999999,0.29095113599999994
1957,R10EUROPE,0.332,Historical,1017912.0,0.670804008
1957,R10INDIA+,0.144,Historical,441503.9999999999,0.29095113599999994
1957,R10LATIN_AM,0.4,Historical,1226400.0,0.8081976
1957,R10NORTH_AM,3.217,Historical,9863321.999999998,6.499929197999999
1957,R10REF_ECON,1.821,Historical,5583186.0,3.679319574
1957,R10REST_ASIA,0.144,Historical,441503.9999999999,0.29095113599999994
1958,R10EUROPE,0.332,Historical,1017912.0,0.670804008
1958,R10INDIA+,0.144,Historical,441503.9999999999,0.29095113599999994
1958,R10LATIN_AM,0.4,Historical,1226400.0,0.8081976
1958,R10MIDDLE_EAST,0.228,Historical,699048.0,0.460672632
1958,R10NORTH_AM,5.834,Historical,17887043.999999996,11.787561995999997
1958,R10REF_ECON,2.164,Historical,6634824.000000001,4.372349016000001
1958,R10REST_ASIA,0.144,Historical,441503.9999999999,0.29095113599999994
1959,R10EUROPE,0.332,Historical,1017912.0,0.670804008
1959,R10INDIA+,0.144,Historical,441503.9999999999,0.29095113599999994
1959,R10LATIN_AM,0.4,Historical,1226400.0,0.8081976
1959,R10MIDDLE_EAST,0.228,Historical,699048.0,0.460672632
1959,R10NORTH_AM,7.067,Historical,21667422.0,14.278831098
1959,R10REF_ECON,2.164,Historical,6634824.000000001,4.372349016000001
1959,R10REST_ASIA,0.144,Historical,441503.9999999999,0.29095113599999994
1960,R10EUROPE,0.332,Historical,1017912.0,0.670804008
1960,R10INDIA+,0.144,Historical,441503.9999999999,0.29095113599999994
1960,R10LATIN_AM,0.4,Historical,1226400.0,0.8081976
1960,R10MIDDLE_EAST,0.228,Historical,699048.0,0.460672632
1960,R10NORTH_AM,8.117,Historical,24886722.0,16.400349798
1960,R10REF_ECON,2.532,Historical,7763111.999999999,5.115890807999999
1960,R10REST_ASIA,0.144,Historical,441503.9999999999,0.29095113599999994
1961,R10EUROPE,0.332,Historical,1017912.0,0.670804008
1961,R10INDIA+,0.144,Historical,441503.9999999999,0.29095113599999994
1961,R10LATIN_AM,0.545,Historical,1670970.0000000002,1.1011692300000002
1961,R10MIDDLE_EAST,0.228,Historical,699048.0,0.460672632
1961,R10NORTH_AM,9.451,Historical,28976766.0,19.095688794
1961,R10REF_ECON,2.968,Historical,9099887.999999998,5.9968261919999994
1961,R10REST_ASIA,0.144,Historical,441503.9999999999,0.29095113599999994
1962,R10EUROPE,0.407,Historical,1247861.9999999998,0.8223410579999999
1962,R10INDIA+,0.144,Historical,441503.9999999999,0.29095113599999994
1962,R10LATIN_AM,0.545,Historical,1670970.0000000002,1.1011692300000002
1962,R10MIDDLE_EAST,0.228,Historical,699048.0,0.460672632
1962,R10NORTH_AM,10.977,Historical,33655482.0,22.178962638
1962,R10REF_ECON,3.863,Historical,11843958.0,7.805168322
1962,R10REST_ASIA,0.144,Historical,441503.9999999999,0.29095113599999994
1963,R10EUROPE,0.677,Historical,2075682.0000000002,1.3678744380000003
1963,R10INDIA+,0.144,Historical,441503.9999999999,0.29095113599999994
1963,R10LATIN_AM,1.592,Historical,4881072.0,3.216626448
1963,R10MIDDLE_EAST,0.456,Historical,1398096.0,0.921345264
1963,R10NORTH_AM,13.034,Historical,39962244.0,26.335118796
1963,R10REF_ECON,5.074,Historical,15556883.999999998,10.251986555999999
1963,R10REST_ASIA,0.144,Historical,441503.9999999999,0.29095113599999994
1964,R10EUROPE,1.188,Historical,3642408.0,2.400346872
1964,R10INDIA+,0.144,Historical,441503.9999999999,0.29095113599999994
1964,R10LATIN_AM,1.592,Historical,4881072.0,3.216626448
1964,R10MIDDLE_EAST,0.456,Historical,1398096.0,0.921345264
1964,R10NORTH_AM,14.603,Historical,44772797.99999999,29.505273881999997
1964,R10PAC_OECD,0.175,Historical,536549.9999999999,0.35358644999999994
1964,R10REF_ECON,6.769,Historical,20753754.0,13.676723886
1964,R10REST_ASIA,0.144,Historical,441503.9999999999,0.29095113599999994
1965,R10AFRICA,0.06,Historical,183960.0,0.12122964
1965,R10EUROPE,1.316,Historical,4034856.0,2.658970104
1965,R10INDIA+,0.144,Historical,441503.9999999999,0.29095113599999994
1965,R10LATIN_AM,1.702,Historical,5218331.999999999,3.4388807879999996
1965,R10MIDDLE_EAST,0.456,Historical,1398096.0,0.921345264
1965,R10NORTH_AM,16.872,Historical,51729551.99999999,34.089774768
1965,R10PAC_OECD,0.175,Historical,536549.9999999999,0.35358644999999994
1965,R10REF_ECON,9.077,Historical,27830082.0,18.340024038
1965,R10REST_ASIA,0.144,Historical,441503.9999999999,0.29095113599999994
1966,R10AFRICA,0.06,Historical,183960.0,0.12122964
1966,R10EUROPE,1.82,Historical,5580120.0,3.67729908
1966,R10INDIA+,0.144,Historical,441503.9999999999,0.29095113599999994
1966,R10LATIN_AM,1.702,Historical,5218331.999999999,3.4388807879999996
1966,R10MIDDLE_EAST,0.456,Historical,1398096.0,0.921345264
1966,R10NORTH_AM,18.553,Historical,56883498.00000001,37.486225182000005
1966,R10PAC_OECD,0.175,Historical,536549.9999999999,0.35358644999999994
1966,R10REF_ECON,11.242,Historical,34467971.99999999,22.714393547999997
1966,R10REST_ASIA,0.144,Historical,441503.9999999999,0.29095113599999994
1967,R10AFRICA,0.06,Historical,183960.0,0.12122964
1967,R10EUROPE,2.049,Historical,6282234.0,4.139992206
1967,R10INDIA+,0.276,Historical,846216.0,0.557656344
1967,R10LATIN_AM,1.702,Historical,5218331.999999999,3.4388807879999996
1967,R10MIDDLE_EAST,0.456,Historical,1398096.0,0.921345264
1967,R10NORTH_AM,21.238,Historical,65115708.0,42.911251572
1967,R10PAC_OECD,1.255,Historical,3847829.9999999995,2.5357199699999997
1967,R10REF_ECON,13.007,Historical,39879462.0,26.280565458
1967,R10REST_ASIA,0.276,Historical,846216.0,0.557656344
1968,R10AFRICA,0.06,Historical,183960.0,0.12122964
1968,R10EUROPE,2.209,Historical,6772794.0,4.463271246
1968,R10INDIA+,0.276,Historical,846216.0,0.557656344
1968,R10LATIN_AM,1.702,Historical,5218331.999999999,3.4388807879999996
1968,R10MIDDLE_EAST,0.705,Historical,2161529.9999999995,1.4244482699999998
1968,R10NORTH_AM,23.762,Historical,72854291.99999999,48.010978427999994
1968,R10PAC_OECD,2.105,Historical,6453929.999999999,4.253139869999999
1968,R10REF_ECON,14.735,Historical,45177509.99999999,29.771979089999995
1968,R10REST_ASIA,0.276,Historical,846216.0,0.557656344
1969,R10AFRICA,0.06,Historical,183960.0,0.12122964
1969,R10EUROPE,2.235,Historical,6852509.999999999,4.515804089999999
1969,R10INDIA+,0.276,Historical,846216.0,0.557656344
1969,R10LATIN_AM,1.952,Historical,5984831.999999999,3.9440042879999995
1969,R10MIDDLE_EAST,0.705,Historical,2161529.9999999995,1.4244482699999998
1969,R10NORTH_AM,25.981,Historical,79657746.0,52.494454614
1969,R10PAC_OECD,2.705,Historical,8293529.999999999,5.465436269999999
1969,R10REF_ECON,18.38,Historical,56353079.99999999,37.13667971999999
1969,R10REST_ASIA,0.276,Historical,846216.0,0.557656344
1970,R10AFRICA,0.06,Historical,183960.0,0.12122964
1970,R10EUROPE,2.235,Historical,6852509.999999999,4.515804089999999
1970,R10INDIA+,0.276,Historical,846216.0,0.557656344
1970,R10LATIN_AM,2.412,Historical,7395191.999999999,4.873431527999999
1970,R10MIDDLE_EAST,0.825,Historical,2529449.9999999995,1.6669075499999997
1970,R10NORTH_AM,29.964,Historical,91869624.0,60.542082216
1970,R10PAC_OECD,3.405,Historical,10439730.0,6.87978207
1970,R10REF_ECON,22.313,Historical,68411657.99999999,45.08328262199999
1970,R10REST_ASIA,0.276,Historical,846216.0,0.557656344
1971,R10AFRICA,0.06,Historical,183960.0,0.12122964
1971,R10EUROPE,2.782,Historical,8529612.0,5.621014308
1971,R10INDIA+,0.276,Historical,846216.0,0.557656344
1971,R10LATIN_AM,2.622,Historical,8039051.999999999,5.297735267999999
1971,R10MIDDLE_EAST,1.065,Historical,3265289.9999999995,2.1518261099999996
1971,R10NORTH_AM,34.053,Historical,104406497.99999999,68.80388218199998
1971,R10PAC_OECD,4.005,Historical,12279330.0,8.09207847
1971,R10REF_ECON,26.183,Historical,80277078.0,52.902594402
1971,R10REST_ASIA,0.276,Historical,846216.0,0.557656344
1972,R10AFRICA,0.06,Historical,183960.0,0.12122964
1972,R10EUROPE,2.884,Historical,8842343.999999998,5.827104695999999
1972,R10INDIA+,0.276,Historical,846216.0,0.557656344
1972,R10LATIN_AM,2.622,Historical,8039051.999999999,5.297735267999999
1972,R10MIDDLE_EAST,1.185,Historical,3633210.0,2.39428539
1972,R10NORTH_AM,39.473,Historical,121024217.99999999,79.75495966199999
1972,R10PAC_OECD,5.205,Historical,15958530.0,10.51667127
1972,R10REF_ECON,32.968,Historical,101079888.0,66.611646192
1972,R10REST_ASIA,0.38,Historical,1165080.0,0.76778772
1973,R10AFRICA,0.06,Historical,183960.0,0.12122964
1973,R10EUROPE,5.464,Historical,16752624.0,11.039979216
1973,R10INDIA+,0.276,Historical,846216.0,0.557656344
1973,R10LATIN_AM,2.824,Historical,8658383.999999998,5.705875055999999
1973,R10MIDDLE_EAST,2.049,Historical,6282234.0,4.139992206
1973,R10NORTH_AM,44.591,Historical,136716006.0,90.095847954
1973,R10PAC_OECD,7.011,Historical,21495726.0,14.165683434
1973,R10REF_ECON,37.041,Historical,113567705.99999999,74.84111825399998
1973,R10REST_ASIA,0.38,Historical,1165080.0,0.76778772
1974,R10AFRICA,0.133,Historical,407778.0,0.268725702
1974,R10EUROPE,6.613,Historical,20275458.0,13.361526822
1974,R10INDIA+,0.551,Historical,1689366.0,1.113292194
1974,R10LATIN_AM,2.824,Historical,8658383.999999998,5.705875055999999
1974,R10MIDDLE_EAST,2.58,Historical,7910279.999999999,5.212874519999999
1974,R10NORTH_AM,54.576,Historical,167330016.0,110.270480544
1974,R10PAC_OECD,8.311,Historical,25481525.999999996,16.792325633999997
1974,R10REF_ECON,40.54,Historical,124295640.0,81.91082676
1974,R10REST_ASIA,0.655,Historical,2008230.0,1.32342357
1975,R10AFRICA,0.555,Historical,1701629.9999999998,1.1213741699999997
1975,R10EUROPE,7.618,Historical,23356787.999999996,15.392123291999997
1975,R10INDIA+,0.651,Historical,1995966.0,1.315341594
1975,R10LATIN_AM,4.881,Historical,14965146.0,9.862031214
1975,R10MIDDLE_EAST,3.012,Historical,9234792.0,6.085727928
1975,R10NORTH_AM,64.83,Historical,198768780.0,130.98862602
1975,R10PAC_OECD,9.661,Historical,29620625.999999993,19.519992533999996
1975,R10REF_ECON,43.963,Historical,134790558.0,88.826977722
1975,R10REST_ASIA,0.755,Historical,2314830.0,1.52547297
1976,R10AFRICA,0.555,Historical,1701629.9999999998,1.1213741699999997
1976,R10EUROPE,9.101,Historical,27903666.0,18.388515894
1976,R10INDIA+,0.706,Historical,2164595.9999999995,1.4264687639999998
1976,R10LATIN_AM,5.59,Historical,17138940.0,11.29456146
1976,R10MIDDLE_EAST,3.012,Historical,9234792.0,6.085727928
1976,R10NORTH_AM,71.56,Historical,219402960.0,144.58655064
1976,R10PAC_OECD,10.461,Historical,32073426.0,21.136387734
1976,R10REF_ECON,49.597,Historical,152064401.99999997,100.21044091799999
1976,R10REST_ASIA,0.81,Historical,2483460.0,1.63660014
1977,R10AFRICA,0.555,Historical,1701629.9999999998,1.1213741699999997
1977,R10EUROPE,10.08,Historical,30905280.0,20.36657952
1977,R10INDIA+,0.706,Historical,2164595.9999999995,1.4264687639999998
1977,R10LATIN_AM,6.228,Historical,19095047.999999996,12.583636631999997
1977,R10MIDDLE_EAST,4.296,Historical,13171536.000000002,8.680042224000001
1977,R10NORTH_AM,77.059,Historical,236262893.99999997,155.69724714599997
1977,R10PAC_OECD,12.661,Historical,38818625.99999999,25.581474533999994
1977,R10REF_ECON,54.057,Historical,165738761.99999997,109.22184415799998
1977,R10REST_ASIA,0.81,Historical,2483460.0,1.63660014
1978,R10AFRICA,0.555,Historical,1701629.9999999998,1.1213741699999997
1978,R10EUROPE,10.755,Historical,32974830.0,21.73041297
1978,R10INDIA+,0.706,Historical,2164595.9999999995,1.4264687639999998
1978,R10LATIN_AM,6.628,Historical,20321447.999999996,13.391834231999997
1978,R10MIDDLE_EAST,5.709,Historical,17503793.999999996,11.535000245999997
1978,R10NORTH_AM,78.977,Historical,242143482.0,159.572554638
1978,R10PAC_OECD,13.636,Historical,41807975.99999999,27.551456183999996
1978,R10REF_ECON,56.907,Historical,174476862.0,114.980252058
1978,R10REST_ASIA,0.91,Historical,2790060.0,1.83864954
1979,R10AFRICA,0.555,Historical,1701629.9999999998,1.1213741699999997
1979,R10EUROPE,11.181,Historical,34280946.0,22.591143414
1979,R10INDIA+,0.85,Historical,2606099.9999999995,1.7174198999999997
1979,R10LATIN_AM,6.73,Historical,20634180.0,13.59792462
1979,R10MIDDLE_EAST,10.42,Historical,31947719.999999996,21.053547479999995
1979,R10NORTH_AM,82.234,Historical,252129443.99999997,166.15330359599997
1979,R10PAC_OECD,16.048,Historical,49203167.99999999,32.42488771199999
1979,R10REF_ECON,59.782,Historical,183291612.0,120.789172308
1979,R10REST_ASIA,1.054,Historical,3231563.9999999995,2.129600676
1980,R10AFRICA,1.435,Historical,4399709.999999999,2.8994088899999997
1980,R10EUROPE,12.965,Historical,39750689.99999999,26.195704709999998
1980,R10INDIA+,1.06,Historical,3249960.0,2.14172364
1980,R10LATIN_AM,7.237,Historical,22188641.999999996,14.622315077999998
1980,R10MIDDLE_EAST,13.024,Historical,39931583.99999999,26.314913855999997
1980,R10NORTH_AM,82.524,Historical,253018583.99999997,166.73924685599997
1980,R10PAC_OECD,16.786,Historical,51465876.00000001,33.916012284000004
1980,R10REF_ECON,64.866,Historical,198879156.0,131.061363804
1980,R10REST_ASIA,1.364,Historical,4182024.0000000005,2.7559538160000003
1981,R10AFRICA,1.735,Historical,5319510.0,3.50555709
1981,R10EUROPE,13.459,Historical,41265293.99999999,27.193828745999998
1981,R10INDIA+,1.06,Historical,3249960.0,2.14172364
1981,R10LATIN_AM,9.45,Historical,28973699.999999996,19.093668299999997
1981,R10MIDDLE_EAST,16.139,Historical,49482174.0,32.608752666
1981,R10NORTH_AM,84.722,Historical,259757651.99999997,171.18029266799996
1981,R10PAC_OECD,17.171,Historical,52646285.99999999,34.69390247399999
1981,R10REF_ECON,67.126,Historical,205808316.0,135.627680244
1981,R10REST_ASIA,1.864,Historical,5715024.0,3.766200816
1982,R10AFRICA,2.833,Historical,8685978.0,5.724059502
1982,R10EUROPE,13.917,Historical,42669522.0,28.119214998
1982,R10INDIA+,1.06,Historical,3249960.0,2.14172364
1982,R10LATIN_AM,11.162,Historical,34222692.0,22.552754028
1982,R10MIDDLE_EAST,19.404,Historical,59492664.0,39.205665576
1982,R10NORTH_AM,84.722,Historical,259757651.99999997,171.18029266799996
1982,R10PAC_OECD,17.171,Historical,52646285.99999999,34.69390247399999
1982,R10REF_ECON,70.356,Historical,215711495.99999997,142.15387586399996
1982,R10REST_ASIA,1.864,Historical,5715024.0,3.766200816
1983,R10AFRICA,3.451,Historical,10580766.0,6.972724794
1983,R10EUROPE,15.029,Historical,46078914.0,30.366004326
1983,R10INDIA+,1.27,Historical,3893820.0,2.56602738
1983,R10LATIN_AM,11.847,Historical,36322901.99999999,23.936792417999996
1983,R10MIDDLE_EAST,22.741,Historical,69723906.0,45.948054054
1983,R10NORTH_AM,84.882,Historical,260248212.0,171.503571708
1983,R10PAC_OECD,18.371,Historical,56325486.0,37.118495274
1983,R10REF_ECON,72.631,Historical,222686646.0,146.750499714
1983,R10REST_ASIA,2.074,Historical,6358883.999999999,4.190504556
1984,R10AFRICA,4.219,Historical,12935454.0,8.524464186
1984,R10EUROPE,15.24,Historical,46725840.0,30.79232856
1984,R10INDIA+,1.48,Historical,4537679.999999999,2.9903311199999996
1984,R10LATIN_AM,12.157,Historical,37273362.0,24.563145558
1984,R10MIDDLE_EAST,24.581,Historical,75365345.99999999,49.66576301399999
1984,R10NORTH_AM,85.938,Historical,263485908.0,173.637213372
1984,R10PAC_OECD,19.114,Historical,58603523.99999999,38.619722315999994
1984,R10REF_ECON,74.486,Historical,228374076.00000003,150.49851608400004
1984,R10REST_ASIA,2.544,Historical,7799903.999999999,5.140136735999999
1985,R10AFRICA,6.289,Historical,19282073.999999996,12.706886765999998
1985,R10EUROPE,15.561,Historical,47710025.99999999,31.440907133999996
1985,R10INDIA+,1.69,Historical,5181540.0,3.41463486
1985,R10LATIN_AM,13.505,Historical,41406330.0,27.28677147
1985,R10MIDDLE_EAST,25.191,Historical,77235605.99999999,50.89826435399999
1985,R10NORTH_AM,86.292,Historical,264571271.99999994,174.35246824799998
1985,R10PAC_OECD,20.386,Historical,62503476.0,41.189790684
1985,R10REF_ECON,78.128,Historical,239540448.0,157.857155232
1985,R10REST_ASIA,3.036,Historical,9308376.0,6.134219784
1986,R10AFRICA,7.053,Historical,21624498.0,14.250544182
1986,R10EUROPE,15.776,Historical,48369216.0,31.875313344
1986,R10INDIA+,1.84,Historical,5641440.000000001,3.7177089600000004
1986,R10LATIN_AM,13.505,Historical,41406330.0,27.28677147
1986,R10MIDDLE_EAST,26.839,Historical,82288374.0,54.228038466
1986,R10NORTH_AM,86.679,Historical,265757814.0,175.134399426
1986,R10PAC_OECD,21.384,Historical,65563344.0,43.206243696
1986,R10REF_ECON,81.478,Historical,249811547.99999994,164.62581013199997
1986,R10REST_ASIA,3.468,Historical,10632887.999999998,7.007073191999999
1987,R10AFRICA,7.521,Historical,23059385.999999996,15.196135373999999
1987,R10EUROPE,16.673,Historical,51119417.99999999,33.687696462
1987,R10INDIA+,2.59,Historical,7940939.999999999,5.233079459999999
1987,R10LATIN_AM,13.505,Historical,41406330.0,27.28677147
1987,R10MIDDLE_EAST,28.279,Historical,86703414.0,57.137549826
1987,R10NORTH_AM,88.158,Historical,270292427.99999994,178.12271005199997
1987,R10PAC_OECD,22.649,Historical,69441834.0,45.762168606
1987,R10REF_ECON,87.75,Historical,269041500.0,177.2983485
1987,R10REST_ASIA,4.218,Historical,12932387.999999998,8.522443692
1988,R10AFRICA,9.365,Historical,28713089.999999996,18.921926309999996
1988,R10EUROPE,18.568,Historical,56929488.00000001,37.516532592000004
1988,R10INDIA+,2.74,Historical,8400840.0,5.53615356
1988,R10LATIN_AM,14.205,Historical,43552530.0,28.70111727
1988,R10MIDDLE_EAST,31.054,Historical,95211563.99999999,62.74442067599999
1988,R10NORTH_AM,90.318,Historical,276914988.0,182.486977092
1988,R10PAC_OECD,24.201,Historical,74200266.0,48.897975294
1988,R10REF_ECON,91.15,Historical,279465900.0,184.1680281
1988,R10REST_ASIA,4.768,Historical,14618687.999999996,9.633715391999997
1989,R10AFRICA,10.585,Historical,32453610.0,21.38692899
1989,R10EUROPE,18.937,Historical,58060842.00000001,38.262094878000006
1989,R10INDIA+,3.779,Historical,11586413.999999998,7.635446825999999
1989,R10LATIN_AM,14.835,Historical,45484110.0,29.97402849
1989,R10MIDDLE_EAST,33.683,Historical,103272078.0,68.056299402
1989,R10NORTH_AM,92.167,Historical,282584021.99999994,186.22287049799996
1989,R10PAC_OECD,24.901,Historical,76346466.0,50.312321094
1989,R10REF_ECON,92.29,Historical,282961140.0,186.47139126
1989,R10REST_ASIA,5.388,Historical,16519608.0,10.886421672
1990,R10AFRICA,11.584,Historical,35516543.99999999,23.405402495999997
1990,R10EUROPE,19.261,Historical,59054226.0,38.916734934
1990,R10INDIA+,4.952,Historical,15182831.999999998,10.005486287999998
1990,R10LATIN_AM,14.835,Historical,45484110.0,29.97402849
1990,R10MIDDLE_EAST,33.903,Historical,103946598.0,68.500808082
1990,R10NORTH_AM,94.999,Historical,291266933.99999994,191.94490950599996
1990,R10PAC_OECD,26.291,Historical,80608205.99999999,53.12080775399999
1990,R10REF_ECON,96.03,Historical,294427980.0,194.02803882
1990,R10REST_ASIA,5.798,Historical,17776667.999999996,11.714824211999998
1991,R10AFRICA,12.652,Historical,38791031.99999999,25.563290087999995
1991,R10CHINA+,0.069,Historical,211554.0,0.139414086
1991,R10EUROPE,19.695,Historical,60384870.0,39.79362933
1991,R10INDIA+,5.433,Historical,16657578.000000002,10.977343902000001
1991,R10LATIN_AM,15.145,Historical,46434570.0,30.60038163
1991,R10MIDDLE_EAST,34.441,Historical,105596106.0,69.587833854
1991,R10NORTH_AM,98.169,Historical,300986154.0,198.349875486
1991,R10PAC_OECD,29.091,Historical,89193005.99999999,58.778190953999996
1991,R10REF_ECON,99.866,Historical,306189156.0,201.778653804
1991,R10REST_ASIA,6.907,Historical,21176861.999999996,13.955552057999999
1992,R10AFRICA,13.148,Historical,40311768.0,26.565455112
1992,R10CHINA+,0.069,Historical,211554.0,0.139414086
1992,R10EUROPE,21.047,Historical,64530102.0,42.525337218
1992,R10INDIA+,6.313,Historical,19355658.0,12.755378622
1992,R10LATIN_AM,15.835,Historical,48550110.0,31.99452249
1992,R10MIDDLE_EAST,36.451,Historical,111758766.0,73.649026794
1992,R10NORTH_AM,101.894,Historical,312407004.0,205.876215636
1992,R10PAC_OECD,29.877,Historical,91602882.0,60.366299238
1992,R10REF_ECON,100.116,Historical,306955656.0,202.283777304
1992,R10REST_ASIA,10.741,Historical,32931906.000000004,21.702126054000004
1993,R10AFRICA,14.544,Historical,44591904.0,29.386064736
1993,R10CHINA+,0.069,Historical,211554.0,0.139414086
1993,R10EUROPE,23.557,Historical,72225761.99999999,47.596777157999995
1993,R10INDIA+,7.389,Historical,22654674.000000004,14.929430166000001
1993,R10LATIN_AM,16.095,Historical,49347269.99999999,32.51985093
1993,R10MIDDLE_EAST,37.769,Historical,115799753.99999997,76.31203788599998
1993,R10NORTH_AM,106.335,Historical,326023110.0,214.84922949
1993,R10PAC_OECD,29.877,Historical,91602882.0,60.366299238
1993,R10REF_ECON,101.671,Historical,311723286.0,205.425645474
1993,R10REST_ASIA,15.983,Historical,49003877.99999999,32.293555602
1994,R10AFRICA,15.462,Historical,47406492.0,31.240878228
1994,R10CHINA+,0.135,Historical,413910.0,0.27276669
1994,R10EUROPE,26.511,Historical,81282726.0,53.565316434
1994,R10INDIA+,9.28,Historical,28452479.999999996,18.750184319999995
1994,R10LATIN_AM,16.889,Historical,51781674.0,34.124123166
1994,R10MIDDLE_EAST,40.878,Historical,125331948.0,82.593753732
1994,R10NORTH_AM,115.163,Historical,353089757.99999994,232.68615052199996
1994,R10PAC_OECD,32.045,Historical,98249970.0,64.74673023
1994,R10REF_ECON,102.241,Historical,313470906.0,206.577327054
1994,R10REST_ASIA,19.64,Historical,60216239.99999999,39.68250215999999
1995,R10AFRICA,16.957,Historical,51990162.0,34.261516758
1995,R10CHINA+,0.201,Historical,616266.0,0.406119294
1995,R10EUROPE,30.886,Historical,94696476.0,62.404977684
1995,R10INDIA+,10.644,Historical,32634503.999999996,21.506138135999997
1995,R10LATIN_AM,17.099,Historical,52425533.99999999,34.54842690599999
1995,R10MIDDLE_EAST,42.654,Historical,130777164.0,86.182151076
1995,R10NORTH_AM,121.97,Historical,373960019.99999994,246.43965317999997
1995,R10PAC_OECD,34.617,Historical,106135722.0,69.943440798
1995,R10REF_ECON,102.535,Historical,314372310.0,207.17135229
1995,R10REST_ASIA,22.44,Historical,68801040.00000001,45.33988536000001
1996,R10AFRICA,16.957,Historical,51990162.0,34.261516758
1996,R10CHINA+,0.565,Historical,1732289.9999999998,1.1415791099999997
1996,R10EUROPE,36.423,Historical,111672918.0,73.592452962
1996,R10INDIA+,12.514,Historical,38367924.0,25.284461916
1996,R10LATIN_AM,17.225,Historical,52811850.0,34.80300915
1996,R10MIDDLE_EAST,43.917,Historical,134649522.0,88.734034998
1996,R10NORTH_AM,125.959,Historical,386190294.0,254.499403746
1996,R10PAC_OECD,40.629,Historical,124568513.99999999,82.09065072599998
1996,R10REF_ECON,103.275,Historical,316641150.0,208.66651785
1996,R10REST_ASIA,27.063,Historical,82975157.99999999,54.68062912199999
1997,R10AFRICA,18.775,Historical,57564149.99999999,37.93477484999999
1997,R10CHINA+,0.759,Historical,2327094.0,1.533554946
1997,R10EUROPE,42.914,Historical,131574324.00000003,86.70747951600002
1997,R10INDIA+,14.341,Historical,43969505.99999999,28.975904453999995
1997,R10LATIN_AM,18.224,Historical,55874783.99999999,36.82148265599999
1997,R10MIDDLE_EAST,46.468,Historical,142470887.99999997,93.88831519199998
1997,R10NORTH_AM,129.427,Historical,396823181.99999994,261.506476938
1997,R10PAC_OECD,43.899,Historical,134594334.0,88.697666106
1997,R10REF_ECON,103.475,Historical,317254349.99999994,209.07061664999998
1997,R10REST_ASIA,34.931,Historical,107098446.0,70.577875914
1998,R10AFRICA,19.862,Historical,60896891.99999999,40.13105182799999
1998,R10CHINA+,1.259,Historical,3860093.999999999,2.5438019459999994
1998,R10EUROPE,51.262,Historical,157169292.0,103.574563428
1998,R10INDIA+,16.135,Historical,49469909.99999999,32.600670689999994
1998,R10LATIN_AM,21.245,Historical,65137170.0,42.92539503
1998,R10MIDDLE_EAST,50.015,Historical,153345990.0,101.05500741
1998,R10NORTH_AM,132.79,Historical,407134139.99999994,268.30139826
1998,R10PAC_OECD,47.879,Historical,146797014.0,96.739232226
1998,R10REF_ECON,104.118,Historical,319225787.99999994,210.36979429199997
1998,R10REST_ASIA,36.581,Historical,112157346.00000001,73.91169101400001
1999,R10AFRICA,20.558,Historical,63030827.99999999,41.53731565199999
1999,R10CHINA+,3.179,Historical,9746813.999999998,6.423150425999999
1999,R10EUROPE,59.253,Historical,181669698.0,119.720330982
1999,R10INDIA+,17.455,Historical,53517029.99999999,35.26772276999999
1999,R10LATIN_AM,25.1,Historical,76956600.0,50.7143994
1999,R10MIDDLE_EAST,52.592,Historical,161247072.0,106.261820448
1999,R10NORTH_AM,141.01,Historical,432336659.99999994,284.90985893999994
1999,R10PAC_OECD,50.478,Historical,154765547.99999997,101.99049613199999
1999,R10REF_ECON,104.724,Historical,321083784.00000006,211.59421365600002
1999,R10REST_ASIA,38.941,Historical,119393106.0,78.680056854
2000,R10AFRICA,21.548,Historical,66066167.99999999,43.53760471199999
2000,R10CHINA+,4.351,Historical,13340166.0,8.791169394
2000,R10EUROPE,68.193,Historical,209079738.0,137.783547342
2000,R10INDIA+,18.84,Historical,57763439.99999999,38.06610695999999
2000,R10LATIN_AM,29.823,Historical,91437317.99999999,60.25719256199999
2000,R10MIDDLE_EAST,56.451,Historical,173078766.0,114.058906794
2000,R10NORTH_AM,170.355,Historical,522308429.9999999,344.20125536999996
2000,R10PAC_OECD,51.904,Historical,159137664.0,104.871720576
2000,R10REF_ECON,105.174,Historical,322463484.0,212.503435956
2000,R10REST_ASIA,42.026,Historical,128851716.0,84.913280844
2001,R10AFRICA,22.549,Historical,69135233.99999999,45.56011920599999
2001,R10CHINA+,4.351,Historical,13340166.0,8.791169394
2001,R10EUROPE,72.199,Historical,221362134.0,145.877646306
2001,R10INDIA+,20.303,Historical,62248998.00000001,41.02208968200001
2001,R10LATIN_AM,35.154,Historical,107782164.0,71.028446076
2001,R10MIDDLE_EAST,63.114,Historical,193507523.99999994,127.52145831599995
2001,R10NORTH_AM,212.348,Historical,651058968.0,429.047859912
2001,R10PAC_OECD,53.573,Historical,164254817.99999997,108.24392506199999
2001,R10REF_ECON,105.364,Historical,323046023.99999994,212.88732981599998
2001,R10REST_ASIA,47.223,Historical,144785717.99999997,95.41378816199999
2002,R10AFRICA,24.405,Historical,74825730.0,49.31015607
2002,R10CHINA+,4.716,Historical,14459255.999999998,9.528649703999998
2002,R10EUROPE,82.471,Historical,252856086.0,166.632160674
2002,R10INDIA+,21.129,Historical,64781513.99999999,42.69101772599999
2002,R10LATIN_AM,40.326,Historical,123639515.99999999,81.47844104399998
2002,R10MIDDLE_EAST,67.862,Historical,208064892.0,137.114763828
2002,R10NORTH_AM,277.564,Historical,851011224.0,560.816396616
2002,R10PAC_OECD,55.183,Historical,169191078.0,111.496920402
2002,R10REF_ECON,107.134,Historical,328472844.0,216.463604196
2002,R10REST_ASIA,55.636,Historical,170579976.0,112.412204184
2003,R10AFRICA,25.892,Historical,79384872.0,52.314630648
2003,R10CHINA+,8.144,Historical,24969504.0,16.454903136
2003,R10EUROPE,93.008,Historical,285162528.0,187.922105952
2003,R10INDIA+,21.554,Historical,66084563.999999985,43.54972767599999
2003,R10LATIN_AM,47.839,Historical,146674373.99999997,96.65841246599999
2003,R10MIDDLE_EAST,72.129,Historical,221147514.0,145.736211726
2003,R10NORTH_AM,333.906,Historical,1023755796.0,674.655069564
2003,R10PAC_OECD,56.665,Historical,173734889.99999997,114.49129250999998
2003,R10REF_ECON,108.382,Historical,332299212.0,218.985180708
2003,R10REST_ASIA,58.157,Historical,178309362.0,117.505869558
2004,R10AFRICA,26.304,Historical,80648063.99999999,53.14707417599999
2004,R10CHINA+,11.483,Historical,35206877.99999999,23.201332601999997
2004,R10EUROPE,105.23,Historical,322635180.0,212.61658362
2004,R10INDIA+,21.761,Historical,66719225.99999999,43.967969933999996
2004,R10LATIN_AM,50.441,Historical,154652106.0,101.915737854
2004,R10MIDDLE_EAST,76.773,Historical,235386017.99999997,155.11938586199997
2004,R10NORTH_AM,360.77,Historical,1106120819.9999998,728.9336203799999
2004,R10PAC_OECD,56.876,Historical,174381815.99999997,114.91761674399999
2004,R10REF_ECON,108.462,Historical,332544492.0,219.146820228
2004,R10REST_ASIA,59.842,Historical,183475572.0,120.910401948
2005,R10AFRICA,28.081,Historical,86096345.99999999,56.73749201399999
2005,R10CHINA+,19.339,Historical,59293373.99999999,39.07433346599999
2005,R10EUROPE,118.262,Historical,362591291.99999994,238.94766142799998
2005,R10INDIA+,22.206,Historical,68083595.99999999,44.86708976399999
2005,R10LATIN_AM,52.088,Historical,159701808.0,105.243491472
2005,R10MIDDLE_EAST,85.409,Historical,261863994.0,172.568372046
2005,R10NORTH_AM,376.607,Historical,1154677062.0,760.932183858
2005,R10PAC_OECD,57.374,Historical,175908684.0,115.923822756
2005,R10REF_ECON,110.357,Historical,338354562.0,222.975656358
2005,R10REST_ASIA,63.431,Historical,194479446.0,128.161954914
2006,R10AFRICA,30.773,Historical,94350017.99999999,62.17666186199999
2006,R10CHINA+,25.305,Historical,77585129.99999999,51.12860066999999
2006,R10EUROPE,130.568,Historical,400321488.0,263.811860592
2006,R10INDIA+,23.908,Historical,73301928.0,48.305970552
2006,R10LATIN_AM,56.434,Historical,173026643.99999997,114.02455839599999
2006,R10MIDDLE_EAST,90.318,Historical,276914988.0,182.486977092
2006,R10NORTH_AM,388.515,Historical,1191186990.0,784.99222641
2006,R10PAC_OECD,59.805,Historical,183362129.99999997,120.83564366999998
2006,R10REF_ECON,111.881,Historical,343027146.0,226.054889214
2006,R10REST_ASIA,64.951,Historical,199139765.99999994,131.23310579399995
2007,R10AFRICA,34.174,Historical,104777484.0,69.048361956
2007,R10CHINA+,32.208,Historical,98749727.99999997,65.07607075199998
2007,R10EUROPE,138.717,Historical,425306322.00000006,280.27686619800005
2007,R10INDIA+,25.282,Historical,77514612.0,51.082129308
2007,R10LATIN_AM,60.002,Historical,183966131.99999997,121.23368098799999
2007,R10MIDDLE_EAST,100.519,Historical,308191254.0,203.098036386
2007,R10NORTH_AM,396.348,Historical,1215202968.0,800.818755912
2007,R10PAC_OECD,61.298,Historical,187939667.99999997,123.85224121199998
2007,R10REF_ECON,112.728,Historical,345624047.99999994,227.76624763199996
2007,R10REST_ASIA,67.806,Historical,207893196.0,137.001616164
2008,R10AFRICA,36.434,Historical,111706643.99999999,73.61467839599999
2008,R10CHINA+,36.186,Historical,110946275.99999999,73.11359588399999
2008,R10EUROPE,149.012,Historical,456870792.0,301.077851928
2008,R10INDIA+,25.374,Historical,77796684.0,51.268014756
2008,R10LATIN_AM,61.598,Historical,188859468.0,124.458389412
2008,R10MIDDLE_EAST,108.442,Historical,332483171.99999994,219.10641034799997
2008,R10NORTH_AM,406.577,Historical,1246565082.0,821.486389038
2008,R10PAC_OECD,65.171,Historical,199814286.00000003,131.67761447400002
2008,R10REF_ECON,115.463,Historical,354009557.99999994,233.29229872199997
2008,R10REST_ASIA,73.679,Historical,225899814.0,148.867977426
2009,R10AFRICA,39.47,Historical,121015019.99999999,79.74889817999998
2009,R10CHINA+,39.485,Historical,121061009.99999999,79.77920558999999
2009,R10EUROPE,157.136,Historical,481778976.0,317.492345184
2009,R10INDIA+,27.361,Historical,83888825.99999999,55.28273633399999
2009,R10LATIN_AM,63.503,Historical,194700198.0,128.307430482
2009,R10MIDDLE_EAST,121.477,Historical,372448481.99999994,245.44354963799998
2009,R10NORTH_AM,420.021,Historical,1287784386.0000002,848.6499103740001
2009,R10PAC_OECD,72.606,Historical,222609995.99999997,146.69998736399998
2009,R10REF_ECON,116.683,Historical,357750078.0,235.757301402
2009,R10REST_ASIA,76.414,Historical,234285324.0,154.394028516
2010,R10AFRICA,46.875,Historical,143718750.0,94.71065625
2010,R10CHINA+,42.4,Historical,129998399.99999997,85.66894559999999
2010,R10EUROPE,174.219,Historical,534155453.9999999,352.00844418599996
2010,R10INDIA+,29.947,Historical,91817501.99999999,60.50773381799999
2010,R10LATIN_AM,67.102,Historical,205734732.0,135.579188388
2010,R10MIDDLE_EAST,134.667,Historical,412889021.99999994,272.09386549799996
2010,R10NORTH_AM,429.034,Historical,1315418243.9999998,866.8606227959999
2010,R10PAC_OECD,76.281,Historical,233877546.0,154.125302814
2010,R10REF_ECON,118.732,Historical,364032312.0,239.897293608
2010,R10REST_ASIA,82.303,Historical,252340998.0,166.292717682
2011,R10AFRICA,50.857,Historical,155927562.0,102.756263358
2011,R10CHINA+,45.894,Historical,140711003.99999997,92.72855163599999
2011,R10EUROPE,188.605,Historical,578262929.9999999,381.07527086999994
2011,R10INDIA+,30.674,Historical,94046484.0,61.976632956
2011,R10LATIN_AM,68.747,Historical,210778301.99999997,138.90290101799997
2011,R10MIDDLE_EAST,144.171,Historical,442028285.99999994,291.29664047399996
2011,R10NORTH_AM,440.391,Historical,1350238805.9999998,889.8073731539998
2011,R10PAC_OECD,77.136,Historical,236498975.99999997,155.85282518399998
2011,R10REF_ECON,123.222,Historical,377798651.99999994,248.96931166799996
2011,R10REST_ASIA,85.466,Historical,262038755.99999997,172.68354020399997
2012,R10AFRICA,56.392,Historical,172897872.0,113.939697648
2012,R10CHINA+,47.314,Historical,145064724.0,95.597653116
2012,R10EUROPE,197.415,Historical,605274389.9999999,398.8758230099999
2012,R10INDIA+,32.51,Historical,99675659.99999999,65.68625994
2012,R10LATIN_AM,73.147,Historical,224268702.00000003,147.79307461800002
2012,R10MIDDLE_EAST,160.458,Historical,491964228.0,324.204426252
2012,R10NORTH_AM,451.861,Historical,1385405826.0,912.982439334
2012,R10PAC_OECD,78.678,Historical,241226748.0,158.968426932
2012,R10REF_ECON,128.32,Historical,393429119.99999994,259.26979007999995
2012,R10REST_ASIA,87.759,Historical,269069094.0,177.316532946
2013,R10AFRICA,61.444,Historical,188387303.99999997,124.14723333599999
2013,R10CHINA+,52.967,Historical,162396822.0,107.019505698
2013,R10EUROPE,207.014,Historical,634704924.0,418.270544916
2013,R10INDIA+,33.926,Historical,104017116.0,68.547279444
2013,R10LATIN_AM,75.954,Historical,232874963.99999994,153.46460127599997
2013,R10MIDDLE_EAST,182.902,Historical,560777531.9999999,369.5523935879999
2013,R10NORTH_AM,460.576,Historical,1412126016.0,930.591044544
2013,R10PAC_OECD,81.995,Historical,251396670.0,165.67040553
2013,R10REF_ECON,131.116,Historical,402001656.0,264.919091304
2013,R10REST_ASIA,95.516,Historical,292852056.0,192.989504904
2014,R10AFRICA,63.552,Historical,194850432.0,128.406434688
2014,R10CHINA+,66.127,Historical,202745381.99999994,133.60920673799995
2014,R10EUROPE,209.746,Historical,643081236.0,423.790534524
2014,R10INDIA+,39.023,Historical,119644518.00000001,78.84573736200001
2014,R10LATIN_AM,80.062,Historical,245470091.99999997,161.76479062799996
2014,R10MIDDLE_EAST,197.206,Historical,604633595.9999999,398.4535397639999
2014,R10NORTH_AM,471.759,Historical,1446413094.0,953.186228946
2014,R10PAC_OECD,88.72,Historical,272015519.99999994,179.25822767999998
2014,R10REF_ECON,137.566,Historical,421777356.0,277.951277604
2014,R10REST_ASIA,109.178,Historical,334739747.99999994,220.59349393199997
2015,R10AFRICA,72.095,Historical,221043269.99999997,145.66751492999998
2015,R10CHINA+,74.898,Historical,229637267.99999997,151.33095961199996
2015,R10EUROPE,211.506,Historical,648477396.0,427.346603964
2015,R10INDIA+,42.78,Historical,131163479.99999999,86.43673331999999
2015,R10LATIN_AM,83.198,Historical,255085067.99999997,168.10105981199996
2015,R10MIDDLE_EAST,205.846,Historical,631123835.9999999,415.9106079239999
2015,R10NORTH_AM,484.392,Historical,1485145872.0,978.711129648
2015,R10PAC_OECD,90.592,Historical,277755072.0,183.040592448
2015,R10REF_ECON,140.822,Historical,431760252.0,284.530006068
2015,R10REST_ASIA,114.708,Historical,351694728.0,231.766825752
2016,R10AFRICA,75.023,Historical,230020517.99999997,151.58352136199997
2016,R10CHINA+,77.592,Historical,237897072.0,156.774170448
2016,R10EUROPE,216.144,Historical,662697504.0,436.717655136
2016,R10INDIA+,44.724,Historical,137123784.0,90.364573656
2016,R10LATIN_AM,87.909,Historical,269528994.0,177.619607046
2016,R10MIDDLE_EAST,218.162,Historical,668884691.9999999,440.7950120279999
2016,R10NORTH_AM,496.785,Historical,1523142809.9999998,1003.7511117899999
2016,R10PAC_OECD,93.711,Historical,287317926.0,189.342513234
2016,R10REF_ECON,143.51,Historical,440001659.99999994,289.96109393999996
2016,R10REST_ASIA,123.193,Historical,377709737.99999994,248.91071734199997
2017,R10AFRICA,80.246,Historical,246034235.99999997,162.13656152399997
2017,R10CHINA+,83.187,Historical,255051341.99999997,168.07883437799998
2017,R10EUROPE,219.958,Historical,674391228.0,444.423819252
2017,R10INDIA+,46.267,Historical,141854622.0,93.482195898
2017,R10LATIN_AM,91.879,Historical,281701013.99999994,185.64096822599996
2017,R10MIDDLE_EAST,228.249,Historical,699811434.0,461.175735006
2017,R10NORTH_AM,508.88,Historical,1560226079.9999998,1028.1889867199998
2017,R10PAC_OECD,95.539,Historical,292922573.99999994,193.03597626599998
2017,R10REF_ECON,146.603,Historical,449484798.0,296.210481882
2017,R10REST_ASIA,133.153,Historical,408247097.9999999,269.0348375819999
2018,R10AFRICA,97.375,Historical,298551750.0,196.74560325
2018,R10CHINA+,90.149,Historical,276396834.0,182.145513606
2018,R10EUROPE,222.29,Historical,681541139.9999999,449.13561125999996
2018,R10INDIA+,50.812,Historical,155789591.99999997,102.66534112799998
2018,R10LATIN_AM,95.576,Historical,293036015.99999994,193.11073454399997
2018,R10MIDDLE_EAST,238.055,Historical,729876629.9999999,480.98869916999996
2018,R10NORTH_AM,531.918,Historical,1630860587.9999998,1074.737127492
2018,R10PAC_OECD,97.151,Historical,297864965.99999994,196.29301259399998
2018,R10REF_ECON,149.768,Historical,459188687.99999994,302.60534539199995
2018,R10REST_ASIA,140.283,Historical,430107677.9999999,283.44095980199995
2019,R10AFRICA,104.069,Historical,319075553.99999994,210.27079008599998
2019,R10CHINA+,98.079,Historical,300710214.0,198.168031026
2019,R10EUROPE,223.462,Historical,685134492.0,451.503630228
2019,R10INDIA+,51.961,Historical,159312425.99999997,104.98688873399999
2019,R10LATIN_AM,100.03,Historical,306691980.0,202.11001482
2019,R10MIDDLE_EAST,254.643,Historical,780735437.9999999,514.504653642
2019,R10NORTH_AM,542.2,Historical,1662385200.0,1095.5118468
2019,R10PAC_OECD,98.344,Historical,301522703.99999994,198.70346193599997
2019,R10REF_ECON,152.488,Historical,467528207.99999994,308.1010890719999
2019,R10REST_ASIA,145.288,Historical,445453008.00000006,293.55353227200004
2020,R10AFRICA,104.59,Historical,320672939.99999994,211.32346745999996
2020,R10CHINA+,106.141,Historical,325428306.0,214.457253654
2020,R10EUROPE,224.666,Historical,688825956.0,453.936305004
2020,R10INDIA+,52.348,Historical,160498967.99999997,105.76881991199998
2020,R10LATIN_AM,108.431,Historical,332449446.0,219.084184914
2020,R10MIDDLE_EAST,266.928,Historical,818401247.9999999,539.326422432
2020,R10NORTH_AM,550.168,Historical,1686815087.9999998,1111.6111429919997
2020,R10PAC_OECD,100.921,Historical,309423786.0,203.910274974
2020,R10REF_ECON,154.401,Historical,473393465.99999994,311.9662940939999
2020,R10REST_ASIA,148.656,Historical,455779296.0,300.358556064
2021,R10AFRICA,109.257,Historical,334981962.0,220.753112958
2021,R10CHINA+,113.336,Historical,347488176.0,228.994707984
2021,R10EUROPE,225.221,Historical,690527585.9999999,455.05767917399993
2021,R10INDIA+,53.628,Historical,164423448.0,108.355052232
2021,R10LATIN_AM,112.371,Historical,344529486.0,227.044931274
2021,R10MIDDLE_EAST,273.3,Historical,837937800.0000001,552.2010102000002
2021,R10NORTH_AM,561.577,Historical,1721795081.9999998,1134.6629590379998
2021,R10PAC_OECD,101.121,Historical,310036986.0,204.314373774
2021,R10REF_ECON,155.517,Historical,476815121.99999994,314.2211653979999
2021,R10REST_ASIA,155.689,Historical,477342474.0,314.568690366
2022,R10AFRICA,112.377,Historical,344547881.99999994,227.05705423799998
2022,R10CHINA+,121.725,Historical,373208849.99999994,245.94463214999996
2022,R10EUROPE,226.949,Historical,695825634.0,458.549092806
2022,R10INDIA+,56.05,Historical,171849299.99999997,113.24868869999999
2022,R10LATIN_AM,114.935,Historical,352390709.99999994,232.22547788999998
2022,R10MIDDLE_EAST,281.213,Historical,862199058.0000001,568.1891792220001
2022,R10NORTH_AM,567.794,Historical,1740856404.0,1147.224370236
2022,R10PAC_OECD,101.271,Historical,310496885.99999994,204.61744787399996
2022,R10REF_ECON,157.885,Historical,484075409.99999994,319.0056951899999
2022,R10REST_ASIA,165.453,Historical,507278898.0,334.296793782
2023,R10AFRICA,112.377,Historical,344547881.99999994,227.05705423799998
2023,R10CHINA+,121.725,Historical,373208849.99999994,245.94463214999996
2023,R10EUROPE,226.949,Historical,695825634.0,458.549092806
2023,R10INDIA+,56.05,Historical,171849299.99999997,113.24868869999999
2023,R10LATIN_AM,116.036,Historical,355766376.0,234.450041784
2023,R10MIDDLE_EAST,281.996,Historical,864599735.9999999,569.7712260239999
2023,R10NORTH_AM,567.794,Historical,1740856404.0,1147.224370236
2023,R10PAC_OECD,101.921,Historical,312489786.0,205.930768974
2023,R10REF_ECON,157.885,Historical,484075409.99999994,319.0056951899999
2023,R10REST_ASIA,165.453,Historical,507278898.0,334.296793782
