Year,AR6_R10,GW,aged,Type,MWh/yr,MtCO2/yr
2028,R10AFRICA,92.515,0.0,Current_low,283650990.0,186.92600241
2028,R10CHINA+,120.101,0.0,Current_low,368229665.99999994,242.66334989399996
2028,R10EUROPE,175.058,0.0,Current_low,536727827.9999999,353.70363865199994
2028,R10INDIA+,39.915,0.0,Current_low,122379390.0,80.64801801
2028,R10LATIN_AM,94.791,0.0,Current_low,290629205.99999994,191.52464675399997
2028,R10MIDDLE_EAST,231.577,0.0,Current_low,710015081.9999999,467.89993903799996
2028,R10NORTH_AM,433.657,0.0,Current_low,1329592362.0,876.201366558
2028,R10PAC_OECD,54.041999999999994,0.0,Current_low,165692771.99999997,109.19153674799999
2028,R10REF_ECON,53.39,0.0,Current_low,163693740.0,107.87417466
2028,R10REST_ASIA,128.152,0.0,Current_low,392914031.9999999,258.9303470879999
2029,R10AFRICA,91.819,0.0,Current_low,281517053.99999994,185.51973858599996
2029,R10CHINA+,118.18100000000001,0.0,Current_low,362342946.0,238.784001414
2029,R10EUROPE,167.123,0.0,Current_low,512399117.99999994,337.67101876199996
2029,R10INDIA+,38.595,0.0,Current_low,118332269.99999999,77.98096592999998
2029,R10LATIN_AM,90.93599999999999,0.0,Current_low,278809775.99999994,183.73564238399996
2029,R10MIDDLE_EAST,229.0,0.0,Current_low,702114000.0,462.693126
2029,R10NORTH_AM,425.437,0.0,Current_low,1304389842.0000002,859.5929058780001
2029,R10PAC_OECD,51.443,0.0,Current_low,157724238.0,103.940272842
2029,R10REF_ECON,52.784,0.0,Current_low,161835744.0,106.649755296
2029,R10REST_ASIA,125.792,0.0,Current_low,385678271.99999994,254.16198124799996
2030,R10AFRICA,90.829,0.0,Current_low,278481714.0,183.519449526
2030,R10CHINA+,117.009,0.0,Current_low,358749594.0,236.415982446
2030,R10EUROPE,158.226,0.0,Current_low,485120915.99999994,319.69468364399995
2030,R10INDIA+,37.21,0.0,Current_low,114085859.99999999,75.18258173999999
2030,R10LATIN_AM,86.213,0.0,Current_low,264329057.99999997,174.19284922199998
2030,R10MIDDLE_EAST,225.141,0.0,Current_low,690282306.0,454.896039654
2030,R10NORTH_AM,396.307,0.0,Current_low,1215077262.0,800.735915658
2030,R10PAC_OECD,50.017,0.0,Current_low,153352122.0,101.059048398
2030,R10REF_ECON,52.334,0.0,Current_low,160456044.0,105.740532996
2030,R10REST_ASIA,123.42699999999999,0.0,Current_low,378427181.99999994,249.38351293799997
2031,R10AFRICA,89.82799999999999,0.0,Current_low,275412647.99999994,181.49693503199998
2031,R10CHINA+,117.009,0.0,Current_low,358749594.0,236.415982446
2031,R10EUROPE,154.302,0.0,Current_low,473089931.99999994,311.7662651879999
2031,R10INDIA+,35.747,0.0,Current_low,109600301.99999999,72.22659901799999
2031,R10LATIN_AM,80.88199999999999,0.0,Current_low,247984211.9999999,163.42159570799993
2031,R10MIDDLE_EAST,218.478,0.0,Current_low,669853547.9999999,441.4334881319999
2031,R10NORTH_AM,354.31399999999996,0.0,Current_low,1086326724.0,715.889311116
2031,R10PAC_OECD,48.348,0.0,Current_low,148234967.99999997,97.68684391199999
2031,R10REF_ECON,52.144,0.0,Current_low,159873503.99999997,105.35663913599998
2031,R10REST_ASIA,118.23,0.0,Current_low,362493180.0,238.88300562
2032,R10AFRICA,87.97200000000001,0.0,Current_low,269722152.00000006,177.74689816800003
2032,R10CHINA+,117.009,0.0,Current_low,358749594.0,236.415982446
2032,R10EUROPE,144.086,0.0,Current_low,441767676.00000006,291.1248984840001
2032,R10INDIA+,34.921,0.0,Current_low,107067786.0,70.557670974
2032,R10LATIN_AM,75.71,0.0,Current_low,232126860.0,152.97160074
2032,R10MIDDLE_EAST,213.73,0.0,Current_low,655296179.9999999,431.84018261999995
2032,R10NORTH_AM,289.09799999999996,0.0,Current_low,886374467.9999998,584.1207744119998
2032,R10PAC_OECD,46.73799999999999,0.0,Current_low,143298707.99999994,94.43384857199996
2032,R10REF_ECON,50.374,0.0,Current_low,154446684.0,101.780364756
2032,R10REST_ASIA,109.817,0.0,Current_low,336698921.99999994,221.88458959799996
2033,R10AFRICA,86.485,0.0,Current_low,265163009.99999994,174.74242358999996
2033,R10CHINA+,113.581,0.0,Current_low,348239345.99999994,229.48972901399998
2033,R10EUROPE,133.549,0.0,Current_low,409461234.00000006,269.834953206
2033,R10INDIA+,34.496,0.0,Current_low,105764736.0,69.698961024
2033,R10LATIN_AM,68.197,0.0,Current_low,209092001.99999997,137.79162931799996
2033,R10MIDDLE_EAST,209.463,0.0,Current_low,642213558.0,423.218734722
2033,R10NORTH_AM,232.756,0.0,Current_low,713629896.0,470.282101464
2033,R10PAC_OECD,45.25599999999999,0.0,Current_low,138754895.99999997,91.43947646399998
2033,R10REF_ECON,49.126,0.0,Current_low,150620315.99999997,99.25878824399999
2033,R10REST_ASIA,107.29599999999999,0.0,Current_low,328969535.99999994,216.79092422399998
2034,R10AFRICA,86.073,0.0,Current_low,263899817.99999997,173.90998006199996
2034,R10CHINA+,110.242,0.0,Current_low,338001972.0,222.743299548
2034,R10EUROPE,121.327,0.0,Current_low,371988582.0,245.140475538
2034,R10INDIA+,34.289,0.0,Current_low,105130074.0,69.280718766
2034,R10LATIN_AM,65.595,0.0,Current_low,201114269.99999997,132.53430393
2034,R10MIDDLE_EAST,204.81900000000002,0.0,Current_low,627975054.0000001,413.83556058600004
2034,R10NORTH_AM,205.892,0.0,Current_low,631264871.9999999,416.00355064799993
2034,R10PAC_OECD,45.045,0.0,Current_low,138107969.99999997,91.01315222999999
2034,R10REF_ECON,49.046,0.0,Current_low,150375036.0,99.097148724
2034,R10REST_ASIA,105.611,0.0,Current_low,323803326.0,213.386391834
2035,R10AFRICA,84.29599999999999,0.0,Current_low,258451535.99999997,170.31956222399998
2035,R10CHINA+,102.386,0.0,Current_low,313915476.0,206.870298684
2035,R10EUROPE,108.295,0.0,Current_low,332032470.0,218.80939773
2035,R10INDIA+,33.844,0.0,Current_low,103765704.0,68.381598936
2035,R10LATIN_AM,63.948,0.0,Current_low,196064567.99999997,129.206550312
2035,R10MIDDLE_EAST,196.183,0.0,Current_low,601497077.9999999,396.38657440199995
2035,R10NORTH_AM,190.05499999999998,0.0,Current_low,582708629.9999999,384.00498716999994
2035,R10PAC_OECD,44.547000000000004,0.0,Current_low,136581102.0,90.006946218
2035,R10REF_ECON,47.150999999999996,0.0,Current_low,144564966.0,95.268312594
2035,R10REST_ASIA,102.02199999999999,0.0,Current_low,312799452.0,206.134838868
2036,R10AFRICA,81.604,0.0,Current_low,250197864.0,164.880392376
2036,R10CHINA+,96.42,0.0,Current_low,295623720.0,194.81603148
2036,R10EUROPE,95.989,0.0,Current_low,294302273.99999994,193.94519856599996
2036,R10INDIA+,32.141999999999996,0.0,Current_low,98547371.99999999,64.942718148
2036,R10LATIN_AM,59.602000000000004,0.0,Current_low,182739732.0,120.425483388
2036,R10MIDDLE_EAST,191.274,0.0,Current_low,586446083.9999999,386.4679693559999
2036,R10NORTH_AM,178.147,0.0,Current_low,546198702.0,359.944944618
2036,R10PAC_OECD,42.116,0.0,Current_low,129127655.99999999,85.09512530399998
2036,R10REF_ECON,45.626999999999995,0.0,Current_low,139892381.99999994,92.18907973799996
2036,R10REST_ASIA,100.50200000000001,0.0,Current_low,308139132.00000006,203.06368798800003
2037,R10AFRICA,78.203,0.0,Current_low,239770398.0,158.008692282
2037,R10CHINA+,89.517,0.0,Current_low,274459122.0,180.868561398
2037,R10EUROPE,87.84,0.0,Current_low,269317439.99999994,177.48019295999998
2037,R10INDIA+,30.768,0.0,Current_low,94334688.0,62.166559392
2037,R10LATIN_AM,56.034000000000006,0.0,Current_low,171800244.0,113.216360796
2037,R10MIDDLE_EAST,181.073,0.0,Current_low,555169818.0000001,365.85691006200005
2037,R10NORTH_AM,170.374,0.0,Current_low,522366683.99999994,344.23964475599996
2037,R10PAC_OECD,40.62299999999999,0.0,Current_low,124550117.99999996,82.07852776199996
2037,R10REF_ECON,44.78,0.0,Current_low,137295479.99999997,90.47772131999999
2037,R10REST_ASIA,97.647,0.0,Current_low,299385702.0,197.295177618
2038,R10AFRICA,75.943,0.0,Current_low,232841238.0,153.442375842
2038,R10CHINA+,85.539,0.0,Current_low,262262573.99999997,172.83103626599996
2038,R10EUROPE,77.545,0.0,Current_low,237752969.99999997,156.67920722999997
2038,R10INDIA+,30.676,0.0,Current_low,94052615.99999999,61.980673943999996
2038,R10LATIN_AM,54.438,0.0,Current_low,166906908.00000003,109.99165237200002
2038,R10MIDDLE_EAST,173.15,0.0,Current_low,530877900.0,349.8485361
2038,R10NORTH_AM,160.145,0.0,Current_low,491004570.0,323.57201163
2038,R10PAC_OECD,36.75,0.0,Current_low,112675500.0,74.2531545
2038,R10REF_ECON,42.37,0.0,Current_low,129906419.99999997,85.60833077999999
2038,R10REST_ASIA,91.774,0.0,Current_low,281379084.0,185.428816356
2039,R10AFRICA,72.907,0.0,Current_low,223532862.00000003,147.30815605800004
2039,R10CHINA+,82.24,0.0,Current_low,252147839.99999994,166.16542655999996
2039,R10EUROPE,69.601,0.0,Current_low,213396666.0,140.628402894
2039,R10INDIA+,28.689,0.0,Current_low,87960474.0,57.965952366
2039,R10LATIN_AM,52.533,0.0,Current_low,161066178.0,106.142611302
2039,R10MIDDLE_EAST,160.115,0.0,Current_low,490912590.0,323.51139681
2039,R10NORTH_AM,147.11100000000002,0.0,Current_low,451042326.0000001,297.23689283400006
2039,R10PAC_OECD,29.315,0.0,Current_low,89879790.00000001,59.23078161000001
2039,R10REF_ECON,41.202,0.0,Current_low,126325331.99999999,83.24839378799999
2039,R10REST_ASIA,89.039,0.0,Current_low,272993573.99999994,179.90276526599996
2040,R10AFRICA,65.50200000000001,0.0,Current_low,200829132.00000003,132.346397988
2040,R10CHINA+,79.325,0.0,Current_low,243210450.0,160.27568655
2040,R10EUROPE,52.730000000000004,0.0,Current_low,161670180.0,106.54064862
2040,R10INDIA+,26.102999999999998,0.0,Current_low,80031798.0,52.740954882
2040,R10LATIN_AM,48.934000000000005,0.0,Current_low,150031644.00000003,98.87085339600002
2040,R10MIDDLE_EAST,146.925,0.0,Current_low,450472050.0,296.86108095
2040,R10NORTH_AM,138.508,0.0,Current_low,424665528.0,279.854582952
2040,R10PAC_OECD,25.64,0.0,Current_low,78612239.99999999,51.805466159999995
2040,R10REF_ECON,39.153000000000006,0.0,Current_low,120043098.0,79.108401582
2040,R10REST_ASIA,83.15,0.0,Current_low,254937900.0,168.0040761
2041,R10AFRICA,61.519999999999996,0.0,Current_low,188620319.99999997,124.30079087999998
2041,R10CHINA+,75.831,0.0,Current_low,232497845.99999997,153.21608051399997
2041,R10EUROPE,38.344,0.0,Current_low,117562704.0,77.473821936
2041,R10INDIA+,25.376,0.0,Current_low,77802815.99999999,51.27205574399999
2041,R10LATIN_AM,47.289,0.0,Current_low,144988074.00000003,95.54714076600001
2041,R10MIDDLE_EAST,137.421,0.0,Current_low,421332785.99999994,277.6583059739999
2041,R10NORTH_AM,127.15100000000001,0.0,Current_low,389844965.99999994,256.90783259399996
2041,R10PAC_OECD,24.784999999999997,0.0,Current_low,75990809.99999999,50.07794378999999
2041,R10REF_ECON,34.663000000000004,0.0,Current_low,106276758.0,70.036383522
2041,R10REST_ASIA,79.987,0.0,Current_low,245240142.0,161.613253578
2042,R10AFRICA,55.985,0.0,Current_low,171650009.99999997,113.11735658999999
2042,R10CHINA+,74.411,0.0,Current_low,228144126.0,150.346979034
2042,R10EUROPE,29.534,0.0,Current_low,90551244.0,59.673269796
2042,R10INDIA+,23.54,0.0,Current_low,72173640.0,47.56242876
2042,R10LATIN_AM,42.888999999999996,0.0,Current_low,131497673.99999997,86.65696716599999
2042,R10MIDDLE_EAST,121.134,0.0,Current_low,371396843.99999994,244.75052019599997
2042,R10NORTH_AM,115.681,0.0,Current_low,354677946.0,233.732766414
2042,R10PAC_OECD,23.243,0.0,Current_low,71263037.99999999,46.96234204199999
2042,R10REF_ECON,29.565,0.0,Current_low,90646290.00000001,59.735905110000004
2042,R10REST_ASIA,77.694,0.0,Current_low,238209803.99999997,156.98026083599996
2043,R10AFRICA,50.933,0.0,Current_low,156160578.0,102.909820902
2043,R10CHINA+,68.758,0.0,Current_low,210812027.99999997,138.92512645199997
2043,R10EUROPE,19.935,0.0,Current_low,61120709.999999985,40.27854788999999
2043,R10INDIA+,22.124000000000002,0.0,Current_low,67832184.00000001,44.701409256000005
2043,R10LATIN_AM,40.082,0.0,Current_low,122891412.0,80.985440508
2043,R10MIDDLE_EAST,99.09400000000001,0.0,Current_low,303822204.0,200.218832436
2043,R10NORTH_AM,107.017,0.0,Current_low,328114122.0,216.227206398
2043,R10PAC_OECD,19.926000000000002,0.0,Current_low,61093116.0,40.260363444
2043,R10REF_ECON,26.769000000000002,0.0,Current_low,82073754.0,54.086603886
2043,R10REST_ASIA,69.937,0.0,Current_low,214426841.99999997,141.30728887799998
2044,R10AFRICA,48.824999999999996,0.0,Current_low,149697449.99999997,98.65061954999999
2044,R10CHINA+,55.598,0.0,Current_low,170463467.99999997,112.33542541199998
2044,R10EUROPE,17.203,0.0,Current_low,52744397.99999999,34.758558281999996
2044,R10INDIA+,17.027,0.0,Current_low,52204782.00000001,34.40295133800001
2044,R10LATIN_AM,35.974000000000004,0.0,Current_low,110296284.00000001,72.68525115600002
2044,R10MIDDLE_EAST,84.79,0.0,Current_low,259966139.99999997,171.31768625999996
2044,R10NORTH_AM,95.834,0.0,Current_low,293827044.0,193.632021996
2044,R10PAC_OECD,13.200999999999999,0.0,Current_low,40474265.999999985,26.672541293999988
2044,R10REF_ECON,20.319,0.0,Current_low,62298053.99999999,41.05441758599999
2044,R10REST_ASIA,56.275000000000006,0.0,Current_low,172539150.00000003,113.70329985000002
2045,R10AFRICA,40.282,0.0,Current_low,123504611.99999999,81.38953930799998
2045,R10CHINA+,46.827,0.0,Current_low,143571581.99999997,94.61367253799999
2045,R10EUROPE,15.443,0.0,Current_low,47348238.0,31.202488842
2045,R10INDIA+,13.270000000000001,0.0,Current_low,40685820.0,26.81195538
2045,R10LATIN_AM,32.838,0.0,Current_low,100681307.99999999,66.34898197199999
2045,R10MIDDLE_EAST,76.15,0.0,Current_low,233475900.0,153.8606181
2045,R10NORTH_AM,83.402,0.0,Current_low,255710531.99999997,168.51324058799997
2045,R10PAC_OECD,11.329,0.0,Current_low,34734714.0,22.890176526
2045,R10REF_ECON,17.063,0.0,Current_low,52315157.999999985,34.47568912199999
2045,R10REST_ASIA,50.745000000000005,0.0,Current_low,155584169.99999997,102.52996802999998
2046,R10AFRICA,37.354,0.0,Current_low,114527363.99999999,75.47353287599998
2046,R10CHINA+,44.133,0.0,Current_low,135311778.0,89.170461702
2046,R10EUROPE,10.805,0.0,Current_low,33128129.999999996,21.831437669999996
2046,R10INDIA+,11.326,0.0,Current_low,34725516.0,22.884115044
2046,R10LATIN_AM,28.127,0.0,Current_low,86237382.0,56.830434738
2046,R10MIDDLE_EAST,63.834,0.0,Current_low,195715044.00000003,128.976213996
2046,R10NORTH_AM,71.009,0.0,Current_low,217713593.99999997,143.47325844599996
2046,R10PAC_OECD,8.209999999999999,0.0,Current_low,25171859.999999996,16.588255739999997
2046,R10REF_ECON,14.375,0.0,Current_low,44073750.0,29.04460125
2046,R10REST_ASIA,42.260000000000005,0.0,Current_low,129569160.0,85.38607644
2047,R10AFRICA,32.131,0.0,Current_low,98513646.0,64.920492714
2047,R10CHINA+,38.538,0.0,Current_low,118157507.99999997,77.86579777199998
2047,R10EUROPE,6.991,0.0,Current_low,21434406.0,14.125273554
2047,R10INDIA+,9.783000000000001,0.0,Current_low,29994678.000000004,19.766492802000005
2047,R10LATIN_AM,24.157,0.0,Current_low,74065362.0,48.809073558
2047,R10MIDDLE_EAST,53.747,0.0,Current_low,164788301.99999997,108.59549101799999
2047,R10NORTH_AM,58.914,0.0,Current_low,180630324.00000003,119.03538351600001
2047,R10PAC_OECD,6.382,0.0,Current_low,19567212.0,12.894792708
2047,R10REF_ECON,11.282,0.0,Current_low,34590612.0,22.795213308
2047,R10REST_ASIA,32.3,0.0,Current_low,99031799.99999999,65.26195619999999
2048,R10AFRICA,15.002,0.0,Current_low,45996131.99999999,30.311450987999997
2048,R10CHINA+,31.576,0.0,Current_low,96812016.0,63.799118544
2048,R10EUROPE,4.659,0.0,Current_low,14284494.0,9.413481546
2048,R10INDIA+,5.2379999999999995,0.0,Current_low,16059707.999999998,10.583347571999997
2048,R10LATIN_AM,20.459999999999997,0.0,Current_low,62730359.999999985,41.33930723999999
2048,R10MIDDLE_EAST,43.941,0.0,Current_low,134723106.0,88.782526854
2048,R10NORTH_AM,35.876,0.0,Current_low,109995815.99999997,72.48724274399999
2048,R10PAC_OECD,4.77,0.0,Current_low,14624819.999999998,9.637756379999997
2048,R10REF_ECON,8.116999999999999,0.0,Current_low,24886721.999999996,16.400349797999997
2048,R10REST_ASIA,25.169999999999998,0.0,Current_low,77171219.99999999,50.85583397999999
2049,R10AFRICA,8.308,0.0,Current_low,25472327.999999996,16.786264151999998
2049,R10CHINA+,23.646,0.0,Current_low,72498636.0,47.776601124
2049,R10EUROPE,3.487,0.0,Current_low,10691142.0,7.045462578
2049,R10INDIA+,4.0889999999999995,0.0,Current_low,12536874.0,8.261799966
2049,R10LATIN_AM,16.006,0.0,Current_low,49074395.99999999,32.340026963999996
2049,R10MIDDLE_EAST,27.353,0.0,Current_low,83864298.0,55.266572382
2049,R10NORTH_AM,25.593999999999998,0.0,Current_low,78471204.0,51.712523436
2049,R10PAC_OECD,3.577,0.0,Current_low,10967082.0,7.227307038
2049,R10REF_ECON,5.397,0.0,Current_low,16547202.000000002,10.904606118000002
2049,R10REST_ASIA,20.165,0.0,Current_low,61825889.99999999,40.74326150999999
2050,R10AFRICA,7.787,0.0,Current_low,23874941.999999996,15.733586777999998
2050,R10CHINA+,15.584,0.0,Current_low,47780543.99999999,31.487378495999994
2050,R10EUROPE,2.283,0.0,Current_low,6999678.0,4.612787802
2050,R10INDIA+,3.7019999999999995,0.0,Current_low,11350331.999999996,7.479868787999997
2050,R10LATIN_AM,7.6049999999999995,0.0,Current_low,23316929.999999993,15.365856869999995
2050,R10MIDDLE_EAST,15.068000000000001,0.0,Current_low,46198488.00000001,30.444803592000003
2050,R10NORTH_AM,17.625999999999998,0.0,Current_low,54041315.99999999,35.613227243999994
2050,R10PAC_OECD,1.0,0.0,Current_low,3066000.0,2.020494
2050,R10REF_ECON,3.484,0.0,Current_low,10681944.0,7.039401096
2050,R10REST_ASIA,16.796999999999997,0.0,Current_low,51499601.999999985,33.93823771799999
2051,R10AFRICA,3.12,0.0,Current_low,9565919.999999998,6.303941279999999
2051,R10CHINA+,8.389,0.0,Current_low,25720674.0,16.949924166
2051,R10EUROPE,1.728,0.0,Current_low,5298048.0,3.491413632
2051,R10INDIA+,2.4219999999999997,0.0,Current_low,7425851.999999999,4.893636467999999
2051,R10LATIN_AM,3.665,0.0,Current_low,11236890.0,7.40511051
2051,R10MIDDLE_EAST,8.696,0.0,Current_low,26661936.0,17.570215824
2051,R10NORTH_AM,6.2170000000000005,0.0,Current_low,19061322.000000004,12.561411198000002
2051,R10PAC_OECD,0.8,0.0,Current_low,2452800.0,1.6163952
2051,R10REF_ECON,2.3680000000000003,0.0,Current_low,7260288.0,4.784529792
2051,R10REST_ASIA,9.764,0.0,Current_low,29936424.0,19.728103416
2052,R10AFRICA,0.0,0.0,Current_low,0.0,0.0
2052,R10CHINA+,0.0,0.0,Current_low,0.0,0.0
2052,R10EUROPE,0.0,0.0,Current_low,0.0,0.0
2052,R10INDIA+,0.0,0.0,Current_low,0.0,0.0
2052,R10LATIN_AM,1.101,0.0,Current_low,3375665.9999999995,2.2245638939999997
2052,R10MIDDLE_EAST,0.783,0.0,Current_low,2400678.0000000005,1.5820468020000003
2052,R10NORTH_AM,0.0,0.0,Current_low,0.0,0.0
2052,R10PAC_OECD,0.65,0.0,Current_low,1992900.0,1.3133211
2052,R10REF_ECON,0.0,0.0,Current_low,0.0,0.0
2052,R10REST_ASIA,0.0,0.0,Current_low,0.0,0.0
2053,R10AFRICA,0.0,0.0,Current_low,0.0,0.0
2053,R10CHINA+,0.0,0.0,Current_low,0.0,0.0
2053,R10EUROPE,0.0,0.0,Current_low,0.0,0.0
2053,R10INDIA+,0.0,0.0,Current_low,0.0,0.0
2053,R10LATIN_AM,0.0,0.0,Current_low,0.0,0.0
2053,R10MIDDLE_EAST,0.0,0.0,Current_low,0.0,0.0
2053,R10NORTH_AM,0.0,0.0,Current_low,0.0,0.0
2053,R10PAC_OECD,0.0,0.0,Current_low,0.0,0.0
2053,R10REF_ECON,0.0,0.0,Current_low,0.0,0.0
2053,R10REST_ASIA,0.0,0.0,Current_low,0.0,0.0
2054,R10AFRICA,0.0,0.0,Current_low,0.0,0.0
2054,R10CHINA+,0.0,0.0,Current_low,0.0,0.0
2054,R10EUROPE,0.0,0.0,Current_low,0.0,0.0
2054,R10INDIA+,0.0,0.0,Current_low,0.0,0.0
2054,R10LATIN_AM,0.0,0.0,Current_low,0.0,0.0
2054,R10MIDDLE_EAST,0.0,0.0,Current_low,0.0,0.0
2054,R10NORTH_AM,0.0,0.0,Current_low,0.0,0.0
2054,R10PAC_OECD,0.0,0.0,Current_low,0.0,0.0
2054,R10REF_ECON,0.0,0.0,Current_low,0.0,0.0
2054,R10REST_ASIA,0.0,0.0,Current_low,0.0,0.0
2055,R10AFRICA,0.0,0.0,Current_low,0.0,0.0
2055,R10CHINA+,0.0,0.0,Current_low,0.0,0.0
2055,R10EUROPE,0.0,0.0,Current_low,0.0,0.0
2055,R10INDIA+,0.0,0.0,Current_low,0.0,0.0
2055,R10LATIN_AM,0.0,0.0,Current_low,0.0,0.0
2055,R10MIDDLE_EAST,0.0,0.0,Current_low,0.0,0.0
2055,R10NORTH_AM,0.0,0.0,Current_low,0.0,0.0
2055,R10PAC_OECD,0.0,0.0,Current_low,0.0,0.0
2055,R10REF_ECON,0.0,0.0,Current_low,0.0,0.0
2055,R10REST_ASIA,0.0,0.0,Current_low,0.0,0.0
2056,R10AFRICA,0.0,0.0,Current_low,0.0,0.0
2056,R10CHINA+,0.0,0.0,Current_low,0.0,0.0
2056,R10EUROPE,0.0,0.0,Current_low,0.0,0.0
2056,R10INDIA+,0.0,0.0,Current_low,0.0,0.0
2056,R10LATIN_AM,0.0,0.0,Current_low,0.0,0.0
2056,R10MIDDLE_EAST,0.0,0.0,Current_low,0.0,0.0
2056,R10NORTH_AM,0.0,0.0,Current_low,0.0,0.0
2056,R10PAC_OECD,0.0,0.0,Current_low,0.0,0.0
2056,R10REF_ECON,0.0,0.0,Current_low,0.0,0.0
2056,R10REST_ASIA,0.0,0.0,Current_low,0.0,0.0
2057,R10AFRICA,0.0,0.0,Current_low,0.0,0.0
2057,R10CHINA+,0.0,0.0,Current_low,0.0,0.0
2057,R10EUROPE,0.0,0.0,Current_low,0.0,0.0
2057,R10INDIA+,0.0,0.0,Current_low,0.0,0.0
2057,R10LATIN_AM,0.0,0.0,Current_low,0.0,0.0
2057,R10MIDDLE_EAST,0.0,0.0,Current_low,0.0,0.0
2057,R10NORTH_AM,0.0,0.0,Current_low,0.0,0.0
2057,R10PAC_OECD,0.0,0.0,Current_low,0.0,0.0
2057,R10REF_ECON,0.0,0.0,Current_low,0.0,0.0
2057,R10REST_ASIA,0.0,0.0,Current_low,0.0,0.0
2058,R10AFRICA,0.0,0.0,Current_low,0.0,0.0
2058,R10CHINA+,0.0,0.0,Current_low,0.0,0.0
2058,R10EUROPE,0.0,0.0,Current_low,0.0,0.0
2058,R10INDIA+,0.0,0.0,Current_low,0.0,0.0
2058,R10LATIN_AM,0.0,0.0,Current_low,0.0,0.0
2058,R10MIDDLE_EAST,0.0,0.0,Current_low,0.0,0.0
2058,R10NORTH_AM,0.0,0.0,Current_low,0.0,0.0
2058,R10PAC_OECD,0.0,0.0,Current_low,0.0,0.0
2058,R10REF_ECON,0.0,0.0,Current_low,0.0,0.0
2058,R10REST_ASIA,0.0,0.0,Current_low,0.0,0.0
2059,R10AFRICA,0.0,0.0,Current_low,0.0,0.0
2059,R10CHINA+,0.0,0.0,Current_low,0.0,0.0
2059,R10EUROPE,0.0,0.0,Current_low,0.0,0.0
2059,R10INDIA+,0.0,0.0,Current_low,0.0,0.0
2059,R10LATIN_AM,0.0,0.0,Current_low,0.0,0.0
2059,R10MIDDLE_EAST,0.0,0.0,Current_low,0.0,0.0
2059,R10NORTH_AM,0.0,0.0,Current_low,0.0,0.0
2059,R10PAC_OECD,0.0,0.0,Current_low,0.0,0.0
2059,R10REF_ECON,0.0,0.0,Current_low,0.0,0.0
2059,R10REST_ASIA,0.0,0.0,Current_low,0.0,0.0
2060,R10AFRICA,0.0,0.0,Current_low,0.0,0.0
2060,R10CHINA+,0.0,0.0,Current_low,0.0,0.0
2060,R10EUROPE,0.0,0.0,Current_low,0.0,0.0
2060,R10INDIA+,0.0,0.0,Current_low,0.0,0.0
2060,R10LATIN_AM,0.0,0.0,Current_low,0.0,0.0
2060,R10MIDDLE_EAST,0.0,0.0,Current_low,0.0,0.0
2060,R10NORTH_AM,0.0,0.0,Current_low,0.0,0.0
2060,R10PAC_OECD,0.0,0.0,Current_low,0.0,0.0
2060,R10REF_ECON,0.0,0.0,Current_low,0.0,0.0
2060,R10REST_ASIA,0.0,0.0,Current_low,0.0,0.0
2061,R10AFRICA,0.0,0.0,Current_low,0.0,0.0
2061,R10CHINA+,0.0,0.0,Current_low,0.0,0.0
2061,R10EUROPE,0.0,0.0,Current_low,0.0,0.0
2061,R10INDIA+,0.0,0.0,Current_low,0.0,0.0
2061,R10LATIN_AM,0.0,0.0,Current_low,0.0,0.0
2061,R10MIDDLE_EAST,0.0,0.0,Current_low,0.0,0.0
2061,R10NORTH_AM,0.0,0.0,Current_low,0.0,0.0
2061,R10PAC_OECD,0.0,0.0,Current_low,0.0,0.0
2061,R10REF_ECON,0.0,0.0,Current_low,0.0,0.0
2061,R10REST_ASIA,0.0,0.0,Current_low,0.0,0.0
2062,R10AFRICA,0.0,0.0,Current_low,0.0,0.0
2062,R10CHINA+,0.0,0.0,Current_low,0.0,0.0
2062,R10EUROPE,0.0,0.0,Current_low,0.0,0.0
2062,R10INDIA+,0.0,0.0,Current_low,0.0,0.0
2062,R10LATIN_AM,0.0,0.0,Current_low,0.0,0.0
2062,R10MIDDLE_EAST,0.0,0.0,Current_low,0.0,0.0
2062,R10NORTH_AM,0.0,0.0,Current_low,0.0,0.0
2062,R10PAC_OECD,0.0,0.0,Current_low,0.0,0.0
2062,R10REF_ECON,0.0,0.0,Current_low,0.0,0.0
2062,R10REST_ASIA,0.0,0.0,Current_low,0.0,0.0
2063,R10AFRICA,0.0,0.0,Current_low,0.0,0.0
2063,R10CHINA+,0.0,0.0,Current_low,0.0,0.0
2063,R10EUROPE,0.0,0.0,Current_low,0.0,0.0
2063,R10INDIA+,0.0,0.0,Current_low,0.0,0.0
2063,R10LATIN_AM,0.0,0.0,Current_low,0.0,0.0
2063,R10MIDDLE_EAST,0.0,0.0,Current_low,0.0,0.0
2063,R10NORTH_AM,0.0,0.0,Current_low,0.0,0.0
2063,R10PAC_OECD,0.0,0.0,Current_low,0.0,0.0
2063,R10REF_ECON,0.0,0.0,Current_low,0.0,0.0
2063,R10REST_ASIA,0.0,0.0,Current_low,0.0,0.0
2064,R10AFRICA,0.0,0.0,Current_low,0.0,0.0
2064,R10CHINA+,0.0,0.0,Current_low,0.0,0.0
2064,R10EUROPE,0.0,0.0,Current_low,0.0,0.0
2064,R10INDIA+,0.0,0.0,Current_low,0.0,0.0
2064,R10LATIN_AM,0.0,0.0,Current_low,0.0,0.0
2064,R10MIDDLE_EAST,0.0,0.0,Current_low,0.0,0.0
2064,R10NORTH_AM,0.0,0.0,Current_low,0.0,0.0
2064,R10PAC_OECD,0.0,0.0,Current_low,0.0,0.0
2064,R10REF_ECON,0.0,0.0,Current_low,0.0,0.0
2064,R10REST_ASIA,0.0,0.0,Current_low,0.0,0.0
2065,R10AFRICA,0.0,0.0,Current_low,0.0,0.0
2065,R10CHINA+,0.0,0.0,Current_low,0.0,0.0
2065,R10EUROPE,0.0,0.0,Current_low,0.0,0.0
2065,R10INDIA+,0.0,0.0,Current_low,0.0,0.0
2065,R10LATIN_AM,0.0,0.0,Current_low,0.0,0.0
2065,R10MIDDLE_EAST,0.0,0.0,Current_low,0.0,0.0
2065,R10NORTH_AM,0.0,0.0,Current_low,0.0,0.0
2065,R10PAC_OECD,0.0,0.0,Current_low,0.0,0.0
2065,R10REF_ECON,0.0,0.0,Current_low,0.0,0.0
2065,R10REST_ASIA,0.0,0.0,Current_low,0.0,0.0
2066,R10AFRICA,0.0,0.0,Current_low,0.0,0.0
2066,R10CHINA+,0.0,0.0,Current_low,0.0,0.0
2066,R10EUROPE,0.0,0.0,Current_low,0.0,0.0
2066,R10INDIA+,0.0,0.0,Current_low,0.0,0.0
2066,R10LATIN_AM,0.0,0.0,Current_low,0.0,0.0
2066,R10MIDDLE_EAST,0.0,0.0,Current_low,0.0,0.0
2066,R10NORTH_AM,0.0,0.0,Current_low,0.0,0.0
2066,R10PAC_OECD,0.0,0.0,Current_low,0.0,0.0
2066,R10REF_ECON,0.0,0.0,Current_low,0.0,0.0
2066,R10REST_ASIA,0.0,0.0,Current_low,0.0,0.0
2067,R10AFRICA,0.0,0.0,Current_low,0.0,0.0
2067,R10CHINA+,0.0,0.0,Current_low,0.0,0.0
2067,R10EUROPE,0.0,0.0,Current_low,0.0,0.0
2067,R10INDIA+,0.0,0.0,Current_low,0.0,0.0
2067,R10LATIN_AM,0.0,0.0,Current_low,0.0,0.0
2067,R10MIDDLE_EAST,0.0,0.0,Current_low,0.0,0.0
2067,R10NORTH_AM,0.0,0.0,Current_low,0.0,0.0
2067,R10PAC_OECD,0.0,0.0,Current_low,0.0,0.0
2067,R10REF_ECON,0.0,0.0,Current_low,0.0,0.0
2067,R10REST_ASIA,0.0,0.0,Current_low,0.0,0.0
2068,R10AFRICA,0.0,0.0,Current_low,0.0,0.0
2068,R10CHINA+,0.0,0.0,Current_low,0.0,0.0
2068,R10EUROPE,0.0,0.0,Current_low,0.0,0.0
2068,R10INDIA+,0.0,0.0,Current_low,0.0,0.0
2068,R10LATIN_AM,0.0,0.0,Current_low,0.0,0.0
2068,R10MIDDLE_EAST,0.0,0.0,Current_low,0.0,0.0
2068,R10NORTH_AM,0.0,0.0,Current_low,0.0,0.0
2068,R10PAC_OECD,0.0,0.0,Current_low,0.0,0.0
2068,R10REF_ECON,0.0,0.0,Current_low,0.0,0.0
2068,R10REST_ASIA,0.0,0.0,Current_low,0.0,0.0
2069,R10AFRICA,0.0,0.0,Current_low,0.0,0.0
2069,R10CHINA+,0.0,0.0,Current_low,0.0,0.0
2069,R10EUROPE,0.0,0.0,Current_low,0.0,0.0
2069,R10INDIA+,0.0,0.0,Current_low,0.0,0.0
2069,R10LATIN_AM,0.0,0.0,Current_low,0.0,0.0
2069,R10MIDDLE_EAST,0.0,0.0,Current_low,0.0,0.0
2069,R10NORTH_AM,0.0,0.0,Current_low,0.0,0.0
2069,R10PAC_OECD,0.0,0.0,Current_low,0.0,0.0
2069,R10REF_ECON,0.0,0.0,Current_low,0.0,0.0
2069,R10REST_ASIA,0.0,0.0,Current_low,0.0,0.0
2070,R10AFRICA,0.0,0.0,Current_low,0.0,0.0
2070,R10CHINA+,0.0,0.0,Current_low,0.0,0.0
2070,R10EUROPE,0.0,0.0,Current_low,0.0,0.0
2070,R10INDIA+,0.0,0.0,Current_low,0.0,0.0
2070,R10LATIN_AM,0.0,0.0,Current_low,0.0,0.0
2070,R10MIDDLE_EAST,0.0,0.0,Current_low,0.0,0.0
2070,R10NORTH_AM,0.0,0.0,Current_low,0.0,0.0
2070,R10PAC_OECD,0.0,0.0,Current_low,0.0,0.0
2070,R10REF_ECON,0.0,0.0,Current_low,0.0,0.0
2070,R10REST_ASIA,0.0,0.0,Current_low,0.0,0.0
2071,R10AFRICA,0.0,0.0,Current_low,0.0,0.0
2071,R10CHINA+,0.0,0.0,Current_low,0.0,0.0
2071,R10EUROPE,0.0,0.0,Current_low,0.0,0.0
2071,R10INDIA+,0.0,0.0,Current_low,0.0,0.0
2071,R10LATIN_AM,0.0,0.0,Current_low,0.0,0.0
2071,R10MIDDLE_EAST,0.0,0.0,Current_low,0.0,0.0
2071,R10NORTH_AM,0.0,0.0,Current_low,0.0,0.0
2071,R10PAC_OECD,0.0,0.0,Current_low,0.0,0.0
2071,R10REF_ECON,0.0,0.0,Current_low,0.0,0.0
2071,R10REST_ASIA,0.0,0.0,Current_low,0.0,0.0
2072,R10AFRICA,0.0,0.0,Current_low,0.0,0.0
2072,R10CHINA+,0.0,0.0,Current_low,0.0,0.0
2072,R10EUROPE,0.0,0.0,Current_low,0.0,0.0
2072,R10INDIA+,0.0,0.0,Current_low,0.0,0.0
2072,R10LATIN_AM,0.0,0.0,Current_low,0.0,0.0
2072,R10MIDDLE_EAST,0.0,0.0,Current_low,0.0,0.0
2072,R10NORTH_AM,0.0,0.0,Current_low,0.0,0.0
2072,R10PAC_OECD,0.0,0.0,Current_low,0.0,0.0
2072,R10REF_ECON,0.0,0.0,Current_low,0.0,0.0
2072,R10REST_ASIA,0.0,0.0,Current_low,0.0,0.0
2073,R10AFRICA,0.0,0.0,Current_low,0.0,0.0
2073,R10CHINA+,0.0,0.0,Current_low,0.0,0.0
2073,R10EUROPE,0.0,0.0,Current_low,0.0,0.0
2073,R10INDIA+,0.0,0.0,Current_low,0.0,0.0
2073,R10LATIN_AM,0.0,0.0,Current_low,0.0,0.0
2073,R10MIDDLE_EAST,0.0,0.0,Current_low,0.0,0.0
2073,R10NORTH_AM,0.0,0.0,Current_low,0.0,0.0
2073,R10PAC_OECD,0.0,0.0,Current_low,0.0,0.0
2073,R10REF_ECON,0.0,0.0,Current_low,0.0,0.0
2073,R10REST_ASIA,0.0,0.0,Current_low,0.0,0.0
2028,R10AFRICA,102.517,0.0,Current_mid,314317122.0,207.134983398
2028,R10CHINA+,121.36,0.0,Current_mid,372089759.99999994,245.20715183999997
2028,R10EUROPE,207.21,0.0,Current_mid,635305860.0,418.66656174
2028,R10INDIA+,53.1,0.0,Current_mid,162804600.0,107.2882314
2028,R10LATIN_AM,101.831,0.0,Current_mid,312213845.99999994,205.74892451399998
2028,R10MIDDLE_EAST,250.538,0.0,Current_mid,768149507.9999999,506.2105257719999
2028,R10NORTH_AM,475.385,0.0,Current_mid,1457530410.0,960.51254019
2028,R10PAC_OECD,76.662,0.0,Current_mid,235045692.0,154.895111028
2028,R10REF_ECON,66.358,0.0,Current_mid,203453628.00000003,134.075940852
2028,R10REST_ASIA,159.051,0.0,Current_mid,487650365.9999999,321.3615911939999
2029,R10AFRICA,101.627,0.0,Current_mid,311588381.99999994,205.33674373799997
2029,R10CHINA+,121.36,0.0,Current_mid,372089759.99999994,245.20715183999997
2029,R10EUROPE,206.841,0.0,Current_mid,634174506.0,417.920999454
2029,R10INDIA+,52.271,0.0,Current_mid,160262885.99999997,105.61324187399998
2029,R10LATIN_AM,101.201,0.0,Current_mid,310282265.99999994,204.47601329399998
2029,R10MIDDLE_EAST,247.909,0.0,Current_mid,760088994.0,500.898647046
2029,R10NORTH_AM,473.77000000000004,0.0,Current_mid,1452578820.0,957.24944238
2029,R10PAC_OECD,75.96199999999999,0.0,Current_mid,232899491.99999994,153.48076522799997
2029,R10REF_ECON,65.218,0.0,Current_mid,199958387.99999997,131.772577692
2029,R10REST_ASIA,158.641,0.0,Current_mid,486393305.99999994,320.53318865399996
2030,R10AFRICA,100.628,0.0,Current_mid,308525448.0,203.318270232
2030,R10CHINA+,121.36,0.0,Current_mid,372089759.99999994,245.20715183999997
2030,R10EUROPE,206.517,0.0,Current_mid,633181121.9999999,417.26635939799996
2030,R10INDIA+,51.098,0.0,Current_mid,156666467.99999997,103.24320241199999
2030,R10LATIN_AM,101.201,0.0,Current_mid,310282265.99999994,204.47601329399998
2030,R10MIDDLE_EAST,247.689,0.0,Current_mid,759414474.0,500.454138366
2030,R10NORTH_AM,471.101,0.0,Current_mid,1444395665.9999998,951.8567438939999
2030,R10PAC_OECD,74.572,0.0,Current_mid,228637751.99999997,150.67227856799997
2030,R10REF_ECON,61.477999999999994,0.0,Current_mid,188491547.99999994,124.21593013199995
2030,R10REST_ASIA,158.231,0.0,Current_mid,485136246.0,319.704786114
2031,R10AFRICA,99.56,0.0,Current_mid,305250959.99999994,201.16038263999997
2031,R10CHINA+,121.291,0.0,Current_mid,371878205.99999994,245.06773775399998
2031,R10EUROPE,206.083,0.0,Current_mid,631850478.0,416.389465002
2031,R10INDIA+,50.617000000000004,0.0,Current_mid,155191721.99999997,102.27134479799999
2031,R10LATIN_AM,100.89099999999999,0.0,Current_mid,309331806.0,203.849660154
2031,R10MIDDLE_EAST,247.151,0.0,Current_mid,757764965.9999999,499.36711259399993
2031,R10NORTH_AM,467.986,0.0,Current_mid,1434845076.0,945.562905084
2031,R10PAC_OECD,71.77199999999999,0.0,Current_mid,220052952.0,145.014895368
2031,R10REF_ECON,57.642,0.0,Current_mid,176730372.0,116.465315148
2031,R10REST_ASIA,157.12199999999999,0.0,Current_mid,481736051.99999994,317.4640582679999
2032,R10AFRICA,99.06400000000001,0.0,Current_mid,303730224.0,200.158217616
2032,R10CHINA+,121.291,0.0,Current_mid,371878205.99999994,245.06773775399998
2032,R10EUROPE,205.051,0.0,Current_mid,628686365.9999999,414.3043151939999
2032,R10INDIA+,49.737,0.0,Current_mid,152493642.00000003,100.49331007800002
2032,R10LATIN_AM,100.201,0.0,Current_mid,307216265.99999994,202.45551929399997
2032,R10MIDDLE_EAST,245.141,0.0,Current_mid,751602306.0,495.305919654
2032,R10NORTH_AM,464.401,0.0,Current_mid,1423853465.9999998,938.3194340939999
2032,R10PAC_OECD,70.98599999999999,0.0,Current_mid,217643075.99999994,143.42678708399998
2032,R10REF_ECON,57.392,0.0,Current_mid,175963872.0,115.960191648
2032,R10REST_ASIA,153.288,0.0,Current_mid,469981008.00000006,309.71748427200004
2033,R10AFRICA,97.668,0.0,Current_mid,299450088.0,197.337607992
2033,R10CHINA+,121.291,0.0,Current_mid,371878205.99999994,245.06773775399998
2033,R10EUROPE,202.541,0.0,Current_mid,620990706.0,409.232875254
2033,R10INDIA+,48.661,0.0,Current_mid,149194626.0,98.319258534
2033,R10LATIN_AM,99.941,0.0,Current_mid,306419106.0,201.930190854
2033,R10MIDDLE_EAST,243.823,0.0,Current_mid,747561318.0,492.642908562
2033,R10NORTH_AM,460.112,0.0,Current_mid,1410703392.0,929.653535328
2033,R10PAC_OECD,70.98599999999999,0.0,Current_mid,217643075.99999994,143.42678708399998
2033,R10REF_ECON,55.837,0.0,Current_mid,171196242.0,112.818323478
2033,R10REST_ASIA,148.046,0.0,Current_mid,453909035.99999994,299.1260547239999
2034,R10AFRICA,96.915,0.0,Current_mid,297141390.0,195.81617601
2034,R10CHINA+,121.225,0.0,Current_mid,371675849.99999994,244.93438514999997
2034,R10EUROPE,199.587,0.0,Current_mid,611933742.0,403.264335978
2034,R10INDIA+,46.769999999999996,0.0,Current_mid,143396820.0,94.49850438
2034,R10LATIN_AM,99.147,0.0,Current_mid,303984702.0,200.325918618
2034,R10MIDDLE_EAST,240.714,0.0,Current_mid,738029124.0,486.361192716
2034,R10NORTH_AM,451.284,0.0,Current_mid,1383636743.9999998,911.8166142959999
2034,R10PAC_OECD,68.818,0.0,Current_mid,210995988.0,139.046356092
2034,R10REF_ECON,55.266999999999996,0.0,Current_mid,169448621.99999997,111.66664189799998
2034,R10REST_ASIA,144.689,0.0,Current_mid,443616474.00000006,292.34325636600005
2035,R10AFRICA,95.42,0.0,Current_mid,292557720.0,192.79553748
2035,R10CHINA+,121.159,0.0,Current_mid,371473494.0,244.801032546
2035,R10EUROPE,195.254,0.0,Current_mid,598648763.9999999,394.50953547599994
2035,R10INDIA+,45.406,0.0,Current_mid,139214796.0,91.742550564
2035,R10LATIN_AM,98.93700000000001,0.0,Current_mid,303340842.0,199.901614878
2035,R10MIDDLE_EAST,238.938,0.0,Current_mid,732583907.9999999,482.77279537199996
2035,R10NORTH_AM,444.477,0.0,Current_mid,1362766481.9999998,898.0631116379999
2035,R10PAC_OECD,66.775,0.0,Current_mid,204732150.0,134.91848685
2035,R10REF_ECON,54.973,0.0,Current_mid,168547217.99999997,111.07261666199999
2035,R10REST_ASIA,142.293,0.0,Current_mid,436270338.00000006,287.5021527420001
2036,R10AFRICA,95.42,0.0,Current_mid,292557720.0,192.79553748
2036,R10CHINA+,120.795,0.0,Current_mid,370357470.0,244.06557273
2036,R10EUROPE,189.717,0.0,Current_mid,581672322.0,383.322060198
2036,R10INDIA+,43.536,0.0,Current_mid,133481375.99999999,87.96422678399999
2036,R10LATIN_AM,98.811,0.0,Current_mid,302954525.99999994,199.64703263399997
2036,R10MIDDLE_EAST,237.67499999999998,0.0,Current_mid,728711549.9999999,480.22091144999996
2036,R10NORTH_AM,440.488,0.0,Current_mid,1350536207.9999998,890.0033610719998
2036,R10PAC_OECD,61.292,0.0,Current_mid,187921272.0,123.840118248
2036,R10REF_ECON,54.233000000000004,0.0,Current_mid,166278378.0,109.577451102
2036,R10REST_ASIA,137.67,0.0,Current_mid,422096220.0,278.16140898
2037,R10AFRICA,93.602,0.0,Current_mid,286983732.0,189.122279388
2037,R10CHINA+,120.601,0.0,Current_mid,369762665.99999994,243.67359689399996
2037,R10EUROPE,183.226,0.0,Current_mid,561770916.0,370.207033644
2037,R10INDIA+,41.708999999999996,0.0,Current_mid,127879793.99999999,84.27278424599999
2037,R10LATIN_AM,97.812,0.0,Current_mid,299891592.0,197.628559128
2037,R10MIDDLE_EAST,235.124,0.0,Current_mid,720890184.0,475.066631256
2037,R10NORTH_AM,437.02,0.0,Current_mid,1339903319.9999998,882.9962878799998
2037,R10PAC_OECD,58.022,0.0,Current_mid,177895452.0,117.233102868
2037,R10REF_ECON,54.033,0.0,Current_mid,165665178.0,109.173352302
2037,R10REST_ASIA,129.802,0.0,Current_mid,397972931.99999994,262.26416218799994
2038,R10AFRICA,92.515,0.0,Current_mid,283650990.0,186.92600241
2038,R10CHINA+,120.101,0.0,Current_mid,368229665.99999994,242.66334989399996
2038,R10EUROPE,175.058,0.0,Current_mid,536727827.9999999,353.70363865199994
2038,R10INDIA+,39.915,0.0,Current_mid,122379390.0,80.64801801
2038,R10LATIN_AM,94.791,0.0,Current_mid,290629205.99999994,191.52464675399997
2038,R10MIDDLE_EAST,231.577,0.0,Current_mid,710015081.9999999,467.89993903799996
2038,R10NORTH_AM,433.657,0.0,Current_mid,1329592362.0,876.201366558
2038,R10PAC_OECD,54.041999999999994,0.0,Current_mid,165692771.99999997,109.19153674799999
2038,R10REF_ECON,53.39,0.0,Current_mid,163693740.0,107.87417466
2038,R10REST_ASIA,128.152,0.0,Current_mid,392914031.9999999,258.9303470879999
2039,R10AFRICA,91.819,0.0,Current_mid,281517053.99999994,185.51973858599996
2039,R10CHINA+,118.18100000000001,0.0,Current_mid,362342946.0,238.784001414
2039,R10EUROPE,167.123,0.0,Current_mid,512399117.99999994,337.67101876199996
2039,R10INDIA+,38.595,0.0,Current_mid,118332269.99999999,77.98096592999998
2039,R10LATIN_AM,90.93599999999999,0.0,Current_mid,278809775.99999994,183.73564238399996
2039,R10MIDDLE_EAST,229.0,0.0,Current_mid,702114000.0,462.693126
2039,R10NORTH_AM,425.437,0.0,Current_mid,1304389842.0000002,859.5929058780001
2039,R10PAC_OECD,51.443,0.0,Current_mid,157724238.0,103.940272842
2039,R10REF_ECON,52.784,0.0,Current_mid,161835744.0,106.649755296
2039,R10REST_ASIA,125.792,0.0,Current_mid,385678271.99999994,254.16198124799996
2040,R10AFRICA,90.829,0.0,Current_mid,278481714.0,183.519449526
2040,R10CHINA+,117.009,0.0,Current_mid,358749594.0,236.415982446
2040,R10EUROPE,158.226,0.0,Current_mid,485120915.99999994,319.69468364399995
2040,R10INDIA+,37.21,0.0,Current_mid,114085859.99999999,75.18258173999999
2040,R10LATIN_AM,86.213,0.0,Current_mid,264329057.99999997,174.19284922199998
2040,R10MIDDLE_EAST,225.141,0.0,Current_mid,690282306.0,454.896039654
2040,R10NORTH_AM,396.307,0.0,Current_mid,1215077262.0,800.735915658
2040,R10PAC_OECD,50.017,0.0,Current_mid,153352122.0,101.059048398
2040,R10REF_ECON,52.334,0.0,Current_mid,160456044.0,105.740532996
2040,R10REST_ASIA,123.42699999999999,0.0,Current_mid,378427181.99999994,249.38351293799997
2041,R10AFRICA,89.82799999999999,0.0,Current_mid,275412647.99999994,181.49693503199998
2041,R10CHINA+,117.009,0.0,Current_mid,358749594.0,236.415982446
2041,R10EUROPE,154.302,0.0,Current_mid,473089931.99999994,311.7662651879999
2041,R10INDIA+,35.747,0.0,Current_mid,109600301.99999999,72.22659901799999
2041,R10LATIN_AM,80.88199999999999,0.0,Current_mid,247984211.9999999,163.42159570799993
2041,R10MIDDLE_EAST,218.478,0.0,Current_mid,669853547.9999999,441.4334881319999
2041,R10NORTH_AM,354.31399999999996,0.0,Current_mid,1086326724.0,715.889311116
2041,R10PAC_OECD,48.348,0.0,Current_mid,148234967.99999997,97.68684391199999
2041,R10REF_ECON,52.144,0.0,Current_mid,159873503.99999997,105.35663913599998
2041,R10REST_ASIA,118.23,0.0,Current_mid,362493180.0,238.88300562
2042,R10AFRICA,87.97200000000001,0.0,Current_mid,269722152.00000006,177.74689816800003
2042,R10CHINA+,117.009,0.0,Current_mid,358749594.0,236.415982446
2042,R10EUROPE,144.086,0.0,Current_mid,441767676.00000006,291.1248984840001
2042,R10INDIA+,34.921,0.0,Current_mid,107067786.0,70.557670974
2042,R10LATIN_AM,75.71,0.0,Current_mid,232126860.0,152.97160074
2042,R10MIDDLE_EAST,213.73,0.0,Current_mid,655296179.9999999,431.84018261999995
2042,R10NORTH_AM,289.09799999999996,0.0,Current_mid,886374467.9999998,584.1207744119998
2042,R10PAC_OECD,46.73799999999999,0.0,Current_mid,143298707.99999994,94.43384857199996
2042,R10REF_ECON,50.374,0.0,Current_mid,154446684.0,101.780364756
2042,R10REST_ASIA,109.817,0.0,Current_mid,336698921.99999994,221.88458959799996
2043,R10AFRICA,86.485,0.0,Current_mid,265163009.99999994,174.74242358999996
2043,R10CHINA+,113.581,0.0,Current_mid,348239345.99999994,229.48972901399998
2043,R10EUROPE,133.549,0.0,Current_mid,409461234.00000006,269.834953206
2043,R10INDIA+,34.496,0.0,Current_mid,105764736.0,69.698961024
2043,R10LATIN_AM,68.197,0.0,Current_mid,209092001.99999997,137.79162931799996
2043,R10MIDDLE_EAST,209.463,0.0,Current_mid,642213558.0,423.218734722
2043,R10NORTH_AM,232.756,0.0,Current_mid,713629896.0,470.282101464
2043,R10PAC_OECD,45.25599999999999,0.0,Current_mid,138754895.99999997,91.43947646399998
2043,R10REF_ECON,49.126,0.0,Current_mid,150620315.99999997,99.25878824399999
2043,R10REST_ASIA,107.29599999999999,0.0,Current_mid,328969535.99999994,216.79092422399998
2044,R10AFRICA,86.073,0.0,Current_mid,263899817.99999997,173.90998006199996
2044,R10CHINA+,110.242,0.0,Current_mid,338001972.0,222.743299548
2044,R10EUROPE,121.327,0.0,Current_mid,371988582.0,245.140475538
2044,R10INDIA+,34.289,0.0,Current_mid,105130074.0,69.280718766
2044,R10LATIN_AM,65.595,0.0,Current_mid,201114269.99999997,132.53430393
2044,R10MIDDLE_EAST,204.81900000000002,0.0,Current_mid,627975054.0000001,413.83556058600004
2044,R10NORTH_AM,205.892,0.0,Current_mid,631264871.9999999,416.00355064799993
2044,R10PAC_OECD,45.045,0.0,Current_mid,138107969.99999997,91.01315222999999
2044,R10REF_ECON,49.046,0.0,Current_mid,150375036.0,99.097148724
2044,R10REST_ASIA,105.611,0.0,Current_mid,323803326.0,213.386391834
2045,R10AFRICA,84.29599999999999,0.0,Current_mid,258451535.99999997,170.31956222399998
2045,R10CHINA+,102.386,0.0,Current_mid,313915476.0,206.870298684
2045,R10EUROPE,108.295,0.0,Current_mid,332032470.0,218.80939773
2045,R10INDIA+,33.844,0.0,Current_mid,103765704.0,68.381598936
2045,R10LATIN_AM,63.948,0.0,Current_mid,196064567.99999997,129.206550312
2045,R10MIDDLE_EAST,196.183,0.0,Current_mid,601497077.9999999,396.38657440199995
2045,R10NORTH_AM,190.05499999999998,0.0,Current_mid,582708629.9999999,384.00498716999994
2045,R10PAC_OECD,44.547000000000004,0.0,Current_mid,136581102.0,90.006946218
2045,R10REF_ECON,47.150999999999996,0.0,Current_mid,144564966.0,95.268312594
2045,R10REST_ASIA,102.02199999999999,0.0,Current_mid,312799452.0,206.134838868
2046,R10AFRICA,81.604,0.0,Current_mid,250197864.0,164.880392376
2046,R10CHINA+,96.42,0.0,Current_mid,295623720.0,194.81603148
2046,R10EUROPE,95.989,0.0,Current_mid,294302273.99999994,193.94519856599996
2046,R10INDIA+,32.141999999999996,0.0,Current_mid,98547371.99999999,64.942718148
2046,R10LATIN_AM,59.602000000000004,0.0,Current_mid,182739732.0,120.425483388
2046,R10MIDDLE_EAST,191.274,0.0,Current_mid,586446083.9999999,386.4679693559999
2046,R10NORTH_AM,178.147,0.0,Current_mid,546198702.0,359.944944618
2046,R10PAC_OECD,42.116,0.0,Current_mid,129127655.99999999,85.09512530399998
2046,R10REF_ECON,45.626999999999995,0.0,Current_mid,139892381.99999994,92.18907973799996
2046,R10REST_ASIA,100.50200000000001,0.0,Current_mid,308139132.00000006,203.06368798800003
2047,R10AFRICA,78.203,0.0,Current_mid,239770398.0,158.008692282
2047,R10CHINA+,89.517,0.0,Current_mid,274459122.0,180.868561398
2047,R10EUROPE,87.84,0.0,Current_mid,269317439.99999994,177.48019295999998
2047,R10INDIA+,30.768,0.0,Current_mid,94334688.0,62.166559392
2047,R10LATIN_AM,56.034000000000006,0.0,Current_mid,171800244.0,113.216360796
2047,R10MIDDLE_EAST,181.073,0.0,Current_mid,555169818.0000001,365.85691006200005
2047,R10NORTH_AM,170.374,0.0,Current_mid,522366683.99999994,344.23964475599996
2047,R10PAC_OECD,40.62299999999999,0.0,Current_mid,124550117.99999996,82.07852776199996
2047,R10REF_ECON,44.78,0.0,Current_mid,137295479.99999997,90.47772131999999
2047,R10REST_ASIA,97.647,0.0,Current_mid,299385702.0,197.295177618
2048,R10AFRICA,75.943,0.0,Current_mid,232841238.0,153.442375842
2048,R10CHINA+,85.539,0.0,Current_mid,262262573.99999997,172.83103626599996
2048,R10EUROPE,77.545,0.0,Current_mid,237752969.99999997,156.67920722999997
2048,R10INDIA+,30.676,0.0,Current_mid,94052615.99999999,61.980673943999996
2048,R10LATIN_AM,54.438,0.0,Current_mid,166906908.00000003,109.99165237200002
2048,R10MIDDLE_EAST,173.15,0.0,Current_mid,530877900.0,349.8485361
2048,R10NORTH_AM,160.145,0.0,Current_mid,491004570.0,323.57201163
2048,R10PAC_OECD,36.75,0.0,Current_mid,112675500.0,74.2531545
2048,R10REF_ECON,42.37,0.0,Current_mid,129906419.99999997,85.60833077999999
2048,R10REST_ASIA,91.774,0.0,Current_mid,281379084.0,185.428816356
2049,R10AFRICA,72.907,0.0,Current_mid,223532862.00000003,147.30815605800004
2049,R10CHINA+,82.24,0.0,Current_mid,252147839.99999994,166.16542655999996
2049,R10EUROPE,69.601,0.0,Current_mid,213396666.0,140.628402894
2049,R10INDIA+,28.689,0.0,Current_mid,87960474.0,57.965952366
2049,R10LATIN_AM,52.533,0.0,Current_mid,161066178.0,106.142611302
2049,R10MIDDLE_EAST,160.115,0.0,Current_mid,490912590.0,323.51139681
2049,R10NORTH_AM,147.11100000000002,0.0,Current_mid,451042326.0000001,297.23689283400006
2049,R10PAC_OECD,29.315,0.0,Current_mid,89879790.00000001,59.23078161000001
2049,R10REF_ECON,41.202,0.0,Current_mid,126325331.99999999,83.24839378799999
2049,R10REST_ASIA,89.039,0.0,Current_mid,272993573.99999994,179.90276526599996
2050,R10AFRICA,65.50200000000001,0.0,Current_mid,200829132.00000003,132.346397988
2050,R10CHINA+,79.325,0.0,Current_mid,243210450.0,160.27568655
2050,R10EUROPE,52.730000000000004,0.0,Current_mid,161670180.0,106.54064862
2050,R10INDIA+,26.102999999999998,0.0,Current_mid,80031798.0,52.740954882
2050,R10LATIN_AM,48.934000000000005,0.0,Current_mid,150031644.00000003,98.87085339600002
2050,R10MIDDLE_EAST,146.925,0.0,Current_mid,450472050.0,296.86108095
2050,R10NORTH_AM,138.508,0.0,Current_mid,424665528.0,279.854582952
2050,R10PAC_OECD,25.64,0.0,Current_mid,78612239.99999999,51.805466159999995
2050,R10REF_ECON,39.153000000000006,0.0,Current_mid,120043098.0,79.108401582
2050,R10REST_ASIA,83.15,0.0,Current_mid,254937900.0,168.0040761
2051,R10AFRICA,61.519999999999996,0.0,Current_mid,188620319.99999997,124.30079087999998
2051,R10CHINA+,75.831,0.0,Current_mid,232497845.99999997,153.21608051399997
2051,R10EUROPE,38.344,0.0,Current_mid,117562704.0,77.473821936
2051,R10INDIA+,25.376,0.0,Current_mid,77802815.99999999,51.27205574399999
2051,R10LATIN_AM,47.289,0.0,Current_mid,144988074.00000003,95.54714076600001
2051,R10MIDDLE_EAST,137.421,0.0,Current_mid,421332785.99999994,277.6583059739999
2051,R10NORTH_AM,127.15100000000001,0.0,Current_mid,389844965.99999994,256.90783259399996
2051,R10PAC_OECD,24.784999999999997,0.0,Current_mid,75990809.99999999,50.07794378999999
2051,R10REF_ECON,34.663000000000004,0.0,Current_mid,106276758.0,70.036383522
2051,R10REST_ASIA,79.987,0.0,Current_mid,245240142.0,161.613253578
2052,R10AFRICA,55.985,0.0,Current_mid,171650009.99999997,113.11735658999999
2052,R10CHINA+,74.411,0.0,Current_mid,228144126.0,150.346979034
2052,R10EUROPE,29.534,0.0,Current_mid,90551244.0,59.673269796
2052,R10INDIA+,23.54,0.0,Current_mid,72173640.0,47.56242876
2052,R10LATIN_AM,42.888999999999996,0.0,Current_mid,131497673.99999997,86.65696716599999
2052,R10MIDDLE_EAST,121.134,0.0,Current_mid,371396843.99999994,244.75052019599997
2052,R10NORTH_AM,115.681,0.0,Current_mid,354677946.0,233.732766414
2052,R10PAC_OECD,23.243,0.0,Current_mid,71263037.99999999,46.96234204199999
2052,R10REF_ECON,29.565,0.0,Current_mid,90646290.00000001,59.735905110000004
2052,R10REST_ASIA,77.694,0.0,Current_mid,238209803.99999997,156.98026083599996
2053,R10AFRICA,50.933,0.0,Current_mid,156160578.0,102.909820902
2053,R10CHINA+,68.758,0.0,Current_mid,210812027.99999997,138.92512645199997
2053,R10EUROPE,19.935,0.0,Current_mid,61120709.999999985,40.27854788999999
2053,R10INDIA+,22.124000000000002,0.0,Current_mid,67832184.00000001,44.701409256000005
2053,R10LATIN_AM,40.082,0.0,Current_mid,122891412.0,80.985440508
2053,R10MIDDLE_EAST,99.09400000000001,0.0,Current_mid,303822204.0,200.218832436
2053,R10NORTH_AM,107.017,0.0,Current_mid,328114122.0,216.227206398
2053,R10PAC_OECD,19.926000000000002,0.0,Current_mid,61093116.0,40.260363444
2053,R10REF_ECON,26.769000000000002,0.0,Current_mid,82073754.0,54.086603886
2053,R10REST_ASIA,69.937,0.0,Current_mid,214426841.99999997,141.30728887799998
2054,R10AFRICA,48.824999999999996,0.0,Current_mid,149697449.99999997,98.65061954999999
2054,R10CHINA+,55.598,0.0,Current_mid,170463467.99999997,112.33542541199998
2054,R10EUROPE,17.203,0.0,Current_mid,52744397.99999999,34.758558281999996
2054,R10INDIA+,17.027,0.0,Current_mid,52204782.00000001,34.40295133800001
2054,R10LATIN_AM,35.974000000000004,0.0,Current_mid,110296284.00000001,72.68525115600002
2054,R10MIDDLE_EAST,84.79,0.0,Current_mid,259966139.99999997,171.31768625999996
2054,R10NORTH_AM,95.834,0.0,Current_mid,293827044.0,193.632021996
2054,R10PAC_OECD,13.200999999999999,0.0,Current_mid,40474265.999999985,26.672541293999988
2054,R10REF_ECON,20.319,0.0,Current_mid,62298053.99999999,41.05441758599999
2054,R10REST_ASIA,56.275000000000006,0.0,Current_mid,172539150.00000003,113.70329985000002
2055,R10AFRICA,40.282,0.0,Current_mid,123504611.99999999,81.38953930799998
2055,R10CHINA+,46.827,0.0,Current_mid,143571581.99999997,94.61367253799999
2055,R10EUROPE,15.443,0.0,Current_mid,47348238.0,31.202488842
2055,R10INDIA+,13.270000000000001,0.0,Current_mid,40685820.0,26.81195538
2055,R10LATIN_AM,32.838,0.0,Current_mid,100681307.99999999,66.34898197199999
2055,R10MIDDLE_EAST,76.15,0.0,Current_mid,233475900.0,153.8606181
2055,R10NORTH_AM,83.402,0.0,Current_mid,255710531.99999997,168.51324058799997
2055,R10PAC_OECD,11.329,0.0,Current_mid,34734714.0,22.890176526
2055,R10REF_ECON,17.063,0.0,Current_mid,52315157.999999985,34.47568912199999
2055,R10REST_ASIA,50.745000000000005,0.0,Current_mid,155584169.99999997,102.52996802999998
2056,R10AFRICA,37.354,0.0,Current_mid,114527363.99999999,75.47353287599998
2056,R10CHINA+,44.133,0.0,Current_mid,135311778.0,89.170461702
2056,R10EUROPE,10.805,0.0,Current_mid,33128129.999999996,21.831437669999996
2056,R10INDIA+,11.326,0.0,Current_mid,34725516.0,22.884115044
2056,R10LATIN_AM,28.127,0.0,Current_mid,86237382.0,56.830434738
2056,R10MIDDLE_EAST,63.834,0.0,Current_mid,195715044.00000003,128.976213996
2056,R10NORTH_AM,71.009,0.0,Current_mid,217713593.99999997,143.47325844599996
2056,R10PAC_OECD,8.209999999999999,0.0,Current_mid,25171859.999999996,16.588255739999997
2056,R10REF_ECON,14.375,0.0,Current_mid,44073750.0,29.04460125
2056,R10REST_ASIA,42.260000000000005,0.0,Current_mid,129569160.0,85.38607644
2057,R10AFRICA,32.131,0.0,Current_mid,98513646.0,64.920492714
2057,R10CHINA+,38.538,0.0,Current_mid,118157507.99999997,77.86579777199998
2057,R10EUROPE,6.991,0.0,Current_mid,21434406.0,14.125273554
2057,R10INDIA+,9.783000000000001,0.0,Current_mid,29994678.000000004,19.766492802000005
2057,R10LATIN_AM,24.157,0.0,Current_mid,74065362.0,48.809073558
2057,R10MIDDLE_EAST,53.747,0.0,Current_mid,164788301.99999997,108.59549101799999
2057,R10NORTH_AM,58.914,0.0,Current_mid,180630324.00000003,119.03538351600001
2057,R10PAC_OECD,6.382,0.0,Current_mid,19567212.0,12.894792708
2057,R10REF_ECON,11.282,0.0,Current_mid,34590612.0,22.795213308
2057,R10REST_ASIA,32.3,0.0,Current_mid,99031799.99999999,65.26195619999999
2058,R10AFRICA,15.002,0.0,Current_mid,45996131.99999999,30.311450987999997
2058,R10CHINA+,31.576,0.0,Current_mid,96812016.0,63.799118544
2058,R10EUROPE,4.659,0.0,Current_mid,14284494.0,9.413481546
2058,R10INDIA+,5.2379999999999995,0.0,Current_mid,16059707.999999998,10.583347571999997
2058,R10LATIN_AM,20.459999999999997,0.0,Current_mid,62730359.999999985,41.33930723999999
2058,R10MIDDLE_EAST,43.941,0.0,Current_mid,134723106.0,88.782526854
2058,R10NORTH_AM,35.876,0.0,Current_mid,109995815.99999997,72.48724274399999
2058,R10PAC_OECD,4.77,0.0,Current_mid,14624819.999999998,9.637756379999997
2058,R10REF_ECON,8.116999999999999,0.0,Current_mid,24886721.999999996,16.400349797999997
2058,R10REST_ASIA,25.169999999999998,0.0,Current_mid,77171219.99999999,50.85583397999999
2059,R10AFRICA,8.308,0.0,Current_mid,25472327.999999996,16.786264151999998
2059,R10CHINA+,23.646,0.0,Current_mid,72498636.0,47.776601124
2059,R10EUROPE,3.487,0.0,Current_mid,10691142.0,7.045462578
2059,R10INDIA+,4.0889999999999995,0.0,Current_mid,12536874.0,8.261799966
2059,R10LATIN_AM,16.006,0.0,Current_mid,49074395.99999999,32.340026963999996
2059,R10MIDDLE_EAST,27.353,0.0,Current_mid,83864298.0,55.266572382
2059,R10NORTH_AM,25.593999999999998,0.0,Current_mid,78471204.0,51.712523436
2059,R10PAC_OECD,3.577,0.0,Current_mid,10967082.0,7.227307038
2059,R10REF_ECON,5.397,0.0,Current_mid,16547202.000000002,10.904606118000002
2059,R10REST_ASIA,20.165,0.0,Current_mid,61825889.99999999,40.74326150999999
2060,R10AFRICA,7.787,0.0,Current_mid,23874941.999999996,15.733586777999998
2060,R10CHINA+,15.584,0.0,Current_mid,47780543.99999999,31.487378495999994
2060,R10EUROPE,2.283,0.0,Current_mid,6999678.0,4.612787802
2060,R10INDIA+,3.7019999999999995,0.0,Current_mid,11350331.999999996,7.479868787999997
2060,R10LATIN_AM,7.6049999999999995,0.0,Current_mid,23316929.999999993,15.365856869999995
2060,R10MIDDLE_EAST,15.068000000000001,0.0,Current_mid,46198488.00000001,30.444803592000003
2060,R10NORTH_AM,17.625999999999998,0.0,Current_mid,54041315.99999999,35.613227243999994
2060,R10PAC_OECD,1.0,0.0,Current_mid,3066000.0,2.020494
2060,R10REF_ECON,3.484,0.0,Current_mid,10681944.0,7.039401096
2060,R10REST_ASIA,16.796999999999997,0.0,Current_mid,51499601.999999985,33.93823771799999
2061,R10AFRICA,3.12,0.0,Current_mid,9565919.999999998,6.303941279999999
2061,R10CHINA+,8.389,0.0,Current_mid,25720674.0,16.949924166
2061,R10EUROPE,1.728,0.0,Current_mid,5298048.0,3.491413632
2061,R10INDIA+,2.4219999999999997,0.0,Current_mid,7425851.999999999,4.893636467999999
2061,R10LATIN_AM,3.665,0.0,Current_mid,11236890.0,7.40511051
2061,R10MIDDLE_EAST,8.696,0.0,Current_mid,26661936.0,17.570215824
2061,R10NORTH_AM,6.2170000000000005,0.0,Current_mid,19061322.000000004,12.561411198000002
2061,R10PAC_OECD,0.8,0.0,Current_mid,2452800.0,1.6163952
2061,R10REF_ECON,2.3680000000000003,0.0,Current_mid,7260288.0,4.784529792
2061,R10REST_ASIA,9.764,0.0,Current_mid,29936424.0,19.728103416
2062,R10AFRICA,0.0,0.0,Current_mid,0.0,0.0
2062,R10CHINA+,0.0,0.0,Current_mid,0.0,0.0
2062,R10EUROPE,0.0,0.0,Current_mid,0.0,0.0
2062,R10INDIA+,0.0,0.0,Current_mid,0.0,0.0
2062,R10LATIN_AM,1.101,0.0,Current_mid,3375665.9999999995,2.2245638939999997
2062,R10MIDDLE_EAST,0.783,0.0,Current_mid,2400678.0000000005,1.5820468020000003
2062,R10NORTH_AM,0.0,0.0,Current_mid,0.0,0.0
2062,R10PAC_OECD,0.65,0.0,Current_mid,1992900.0,1.3133211
2062,R10REF_ECON,0.0,0.0,Current_mid,0.0,0.0
2062,R10REST_ASIA,0.0,0.0,Current_mid,0.0,0.0
2063,R10AFRICA,0.0,0.0,Current_mid,0.0,0.0
2063,R10CHINA+,0.0,0.0,Current_mid,0.0,0.0
2063,R10EUROPE,0.0,0.0,Current_mid,0.0,0.0
2063,R10INDIA+,0.0,0.0,Current_mid,0.0,0.0
2063,R10LATIN_AM,0.0,0.0,Current_mid,0.0,0.0
2063,R10MIDDLE_EAST,0.0,0.0,Current_mid,0.0,0.0
2063,R10NORTH_AM,0.0,0.0,Current_mid,0.0,0.0
2063,R10PAC_OECD,0.0,0.0,Current_mid,0.0,0.0
2063,R10REF_ECON,0.0,0.0,Current_mid,0.0,0.0
2063,R10REST_ASIA,0.0,0.0,Current_mid,0.0,0.0
2064,R10AFRICA,0.0,0.0,Current_mid,0.0,0.0
2064,R10CHINA+,0.0,0.0,Current_mid,0.0,0.0
2064,R10EUROPE,0.0,0.0,Current_mid,0.0,0.0
2064,R10INDIA+,0.0,0.0,Current_mid,0.0,0.0
2064,R10LATIN_AM,0.0,0.0,Current_mid,0.0,0.0
2064,R10MIDDLE_EAST,0.0,0.0,Current_mid,0.0,0.0
2064,R10NORTH_AM,0.0,0.0,Current_mid,0.0,0.0
2064,R10PAC_OECD,0.0,0.0,Current_mid,0.0,0.0
2064,R10REF_ECON,0.0,0.0,Current_mid,0.0,0.0
2064,R10REST_ASIA,0.0,0.0,Current_mid,0.0,0.0
2065,R10AFRICA,0.0,0.0,Current_mid,0.0,0.0
2065,R10CHINA+,0.0,0.0,Current_mid,0.0,0.0
2065,R10EUROPE,0.0,0.0,Current_mid,0.0,0.0
2065,R10INDIA+,0.0,0.0,Current_mid,0.0,0.0
2065,R10LATIN_AM,0.0,0.0,Current_mid,0.0,0.0
2065,R10MIDDLE_EAST,0.0,0.0,Current_mid,0.0,0.0
2065,R10NORTH_AM,0.0,0.0,Current_mid,0.0,0.0
2065,R10PAC_OECD,0.0,0.0,Current_mid,0.0,0.0
2065,R10REF_ECON,0.0,0.0,Current_mid,0.0,0.0
2065,R10REST_ASIA,0.0,0.0,Current_mid,0.0,0.0
2066,R10AFRICA,0.0,0.0,Current_mid,0.0,0.0
2066,R10CHINA+,0.0,0.0,Current_mid,0.0,0.0
2066,R10EUROPE,0.0,0.0,Current_mid,0.0,0.0
2066,R10INDIA+,0.0,0.0,Current_mid,0.0,0.0
2066,R10LATIN_AM,0.0,0.0,Current_mid,0.0,0.0
2066,R10MIDDLE_EAST,0.0,0.0,Current_mid,0.0,0.0
2066,R10NORTH_AM,0.0,0.0,Current_mid,0.0,0.0
2066,R10PAC_OECD,0.0,0.0,Current_mid,0.0,0.0
2066,R10REF_ECON,0.0,0.0,Current_mid,0.0,0.0
2066,R10REST_ASIA,0.0,0.0,Current_mid,0.0,0.0
2067,R10AFRICA,0.0,0.0,Current_mid,0.0,0.0
2067,R10CHINA+,0.0,0.0,Current_mid,0.0,0.0
2067,R10EUROPE,0.0,0.0,Current_mid,0.0,0.0
2067,R10INDIA+,0.0,0.0,Current_mid,0.0,0.0
2067,R10LATIN_AM,0.0,0.0,Current_mid,0.0,0.0
2067,R10MIDDLE_EAST,0.0,0.0,Current_mid,0.0,0.0
2067,R10NORTH_AM,0.0,0.0,Current_mid,0.0,0.0
2067,R10PAC_OECD,0.0,0.0,Current_mid,0.0,0.0
2067,R10REF_ECON,0.0,0.0,Current_mid,0.0,0.0
2067,R10REST_ASIA,0.0,0.0,Current_mid,0.0,0.0
2068,R10AFRICA,0.0,0.0,Current_mid,0.0,0.0
2068,R10CHINA+,0.0,0.0,Current_mid,0.0,0.0
2068,R10EUROPE,0.0,0.0,Current_mid,0.0,0.0
2068,R10INDIA+,0.0,0.0,Current_mid,0.0,0.0
2068,R10LATIN_AM,0.0,0.0,Current_mid,0.0,0.0
2068,R10MIDDLE_EAST,0.0,0.0,Current_mid,0.0,0.0
2068,R10NORTH_AM,0.0,0.0,Current_mid,0.0,0.0
2068,R10PAC_OECD,0.0,0.0,Current_mid,0.0,0.0
2068,R10REF_ECON,0.0,0.0,Current_mid,0.0,0.0
2068,R10REST_ASIA,0.0,0.0,Current_mid,0.0,0.0
2069,R10AFRICA,0.0,0.0,Current_mid,0.0,0.0
2069,R10CHINA+,0.0,0.0,Current_mid,0.0,0.0
2069,R10EUROPE,0.0,0.0,Current_mid,0.0,0.0
2069,R10INDIA+,0.0,0.0,Current_mid,0.0,0.0
2069,R10LATIN_AM,0.0,0.0,Current_mid,0.0,0.0
2069,R10MIDDLE_EAST,0.0,0.0,Current_mid,0.0,0.0
2069,R10NORTH_AM,0.0,0.0,Current_mid,0.0,0.0
2069,R10PAC_OECD,0.0,0.0,Current_mid,0.0,0.0
2069,R10REF_ECON,0.0,0.0,Current_mid,0.0,0.0
2069,R10REST_ASIA,0.0,0.0,Current_mid,0.0,0.0
2070,R10AFRICA,0.0,0.0,Current_mid,0.0,0.0
2070,R10CHINA+,0.0,0.0,Current_mid,0.0,0.0
2070,R10EUROPE,0.0,0.0,Current_mid,0.0,0.0
2070,R10INDIA+,0.0,0.0,Current_mid,0.0,0.0
2070,R10LATIN_AM,0.0,0.0,Current_mid,0.0,0.0
2070,R10MIDDLE_EAST,0.0,0.0,Current_mid,0.0,0.0
2070,R10NORTH_AM,0.0,0.0,Current_mid,0.0,0.0
2070,R10PAC_OECD,0.0,0.0,Current_mid,0.0,0.0
2070,R10REF_ECON,0.0,0.0,Current_mid,0.0,0.0
2070,R10REST_ASIA,0.0,0.0,Current_mid,0.0,0.0
2071,R10AFRICA,0.0,0.0,Current_mid,0.0,0.0
2071,R10CHINA+,0.0,0.0,Current_mid,0.0,0.0
2071,R10EUROPE,0.0,0.0,Current_mid,0.0,0.0
2071,R10INDIA+,0.0,0.0,Current_mid,0.0,0.0
2071,R10LATIN_AM,0.0,0.0,Current_mid,0.0,0.0
2071,R10MIDDLE_EAST,0.0,0.0,Current_mid,0.0,0.0
2071,R10NORTH_AM,0.0,0.0,Current_mid,0.0,0.0
2071,R10PAC_OECD,0.0,0.0,Current_mid,0.0,0.0
2071,R10REF_ECON,0.0,0.0,Current_mid,0.0,0.0
2071,R10REST_ASIA,0.0,0.0,Current_mid,0.0,0.0
2072,R10AFRICA,0.0,0.0,Current_mid,0.0,0.0
2072,R10CHINA+,0.0,0.0,Current_mid,0.0,0.0
2072,R10EUROPE,0.0,0.0,Current_mid,0.0,0.0
2072,R10INDIA+,0.0,0.0,Current_mid,0.0,0.0
2072,R10LATIN_AM,0.0,0.0,Current_mid,0.0,0.0
2072,R10MIDDLE_EAST,0.0,0.0,Current_mid,0.0,0.0
2072,R10NORTH_AM,0.0,0.0,Current_mid,0.0,0.0
2072,R10PAC_OECD,0.0,0.0,Current_mid,0.0,0.0
2072,R10REF_ECON,0.0,0.0,Current_mid,0.0,0.0
2072,R10REST_ASIA,0.0,0.0,Current_mid,0.0,0.0
2073,R10AFRICA,0.0,0.0,Current_mid,0.0,0.0
2073,R10CHINA+,0.0,0.0,Current_mid,0.0,0.0
2073,R10EUROPE,0.0,0.0,Current_mid,0.0,0.0
2073,R10INDIA+,0.0,0.0,Current_mid,0.0,0.0
2073,R10LATIN_AM,0.0,0.0,Current_mid,0.0,0.0
2073,R10MIDDLE_EAST,0.0,0.0,Current_mid,0.0,0.0
2073,R10NORTH_AM,0.0,0.0,Current_mid,0.0,0.0
2073,R10PAC_OECD,0.0,0.0,Current_mid,0.0,0.0
2073,R10REF_ECON,0.0,0.0,Current_mid,0.0,0.0
2073,R10REST_ASIA,0.0,0.0,Current_mid,0.0,0.0
2028,R10AFRICA,109.04899999999999,0.0,Current_high,334344234.0,220.332850206
2028,R10CHINA+,121.36,0.0,Current_high,372089759.99999994,245.20715183999997
2028,R10EUROPE,211.501,0.0,Current_high,648462066.0,427.336501494
2028,R10INDIA+,54.78,0.0,Current_high,167955479.99999997,110.68266131999998
2028,R10LATIN_AM,104.385,0.0,Current_high,320044410.00000006,210.90926619000004
2028,R10MIDDLE_EAST,262.188,0.0,Current_high,803868407.9999999,529.749280872
2028,R10NORTH_AM,480.724,0.0,Current_high,1473899784.0,971.299957656
2028,R10PAC_OECD,83.69200000000001,0.0,Current_high,256599672.0,169.099183848
2028,R10REF_ECON,87.072,0.0,Current_high,266962751.99999997,175.92845356799998
2028,R10REST_ASIA,161.95499999999998,0.0,Current_high,496554029.99999994,327.22910576999993
2029,R10AFRICA,109.04899999999999,0.0,Current_high,334344234.0,220.332850206
2029,R10CHINA+,121.36,0.0,Current_high,372089759.99999994,245.20715183999997
2029,R10EUROPE,211.501,0.0,Current_high,648462066.0,427.336501494
2029,R10INDIA+,54.78,0.0,Current_high,167955479.99999997,110.68266131999998
2029,R10LATIN_AM,104.385,0.0,Current_high,320044410.00000006,210.90926619000004
2029,R10MIDDLE_EAST,262.188,0.0,Current_high,803868407.9999999,529.749280872
2029,R10NORTH_AM,480.724,0.0,Current_high,1473899784.0,971.299957656
2029,R10PAC_OECD,83.69200000000001,0.0,Current_high,256599672.0,169.099183848
2029,R10REF_ECON,87.072,0.0,Current_high,266962751.99999997,175.92845356799998
2029,R10REST_ASIA,161.95499999999998,0.0,Current_high,496554029.99999994,327.22910576999993
2030,R10AFRICA,109.04899999999999,0.0,Current_high,334344234.0,220.332850206
2030,R10CHINA+,121.36,0.0,Current_high,372089759.99999994,245.20715183999997
2030,R10EUROPE,211.501,0.0,Current_high,648462066.0,427.336501494
2030,R10INDIA+,54.78,0.0,Current_high,167955479.99999997,110.68266131999998
2030,R10LATIN_AM,104.385,0.0,Current_high,320044410.00000006,210.90926619000004
2030,R10MIDDLE_EAST,262.188,0.0,Current_high,803868407.9999999,529.749280872
2030,R10NORTH_AM,480.724,0.0,Current_high,1473899784.0,971.299957656
2030,R10PAC_OECD,83.69200000000001,0.0,Current_high,256599672.0,169.099183848
2030,R10REF_ECON,87.072,0.0,Current_high,266962751.99999997,175.92845356799998
2030,R10REST_ASIA,161.95499999999998,0.0,Current_high,496554029.99999994,327.22910576999993
2031,R10AFRICA,109.04899999999999,0.0,Current_high,334344234.0,220.332850206
2031,R10CHINA+,121.36,0.0,Current_high,372089759.99999994,245.20715183999997
2031,R10EUROPE,211.501,0.0,Current_high,648462066.0,427.336501494
2031,R10INDIA+,54.78,0.0,Current_high,167955479.99999997,110.68266131999998
2031,R10LATIN_AM,104.385,0.0,Current_high,320044410.00000006,210.90926619000004
2031,R10MIDDLE_EAST,262.188,0.0,Current_high,803868407.9999999,529.749280872
2031,R10NORTH_AM,480.724,0.0,Current_high,1473899784.0,971.299957656
2031,R10PAC_OECD,83.69200000000001,0.0,Current_high,256599672.0,169.099183848
2031,R10REF_ECON,87.072,0.0,Current_high,266962751.99999997,175.92845356799998
2031,R10REST_ASIA,161.95499999999998,0.0,Current_high,496554029.99999994,327.22910576999993
2032,R10AFRICA,109.04899999999999,0.0,Current_high,334344234.0,220.332850206
2032,R10CHINA+,121.36,0.0,Current_high,372089759.99999994,245.20715183999997
2032,R10EUROPE,211.501,0.0,Current_high,648462066.0,427.336501494
2032,R10INDIA+,54.78,0.0,Current_high,167955479.99999997,110.68266131999998
2032,R10LATIN_AM,104.385,0.0,Current_high,320044410.00000006,210.90926619000004
2032,R10MIDDLE_EAST,262.188,0.0,Current_high,803868407.9999999,529.749280872
2032,R10NORTH_AM,480.724,0.0,Current_high,1473899784.0,971.299957656
2032,R10PAC_OECD,83.69200000000001,0.0,Current_high,256599672.0,169.099183848
2032,R10REF_ECON,87.072,0.0,Current_high,266962751.99999997,175.92845356799998
2032,R10REST_ASIA,161.95499999999998,0.0,Current_high,496554029.99999994,327.22910576999993
2033,R10AFRICA,108.431,0.0,Current_high,332449446.0,219.084184914
2033,R10CHINA+,121.36,0.0,Current_high,372089759.99999994,245.20715183999997
2033,R10EUROPE,210.74900000000002,0.0,Current_high,646156434.0,425.817090006
2033,R10INDIA+,54.57,0.0,Current_high,167311620.0,110.25835758
2033,R10LATIN_AM,104.189,0.0,Current_high,319443474.0,210.513249366
2033,R10MIDDLE_EAST,258.851,0.0,Current_high,793637165.9999999,523.0068923939999
2033,R10NORTH_AM,480.564,0.0,Current_high,1473409223.9999998,970.9766786159998
2033,R10PAC_OECD,82.49199999999999,0.0,Current_high,252920471.99999994,166.67459104799997
2033,R10REF_ECON,84.877,0.0,Current_high,260232881.99999994,171.49346923799996
2033,R10REST_ASIA,161.745,0.0,Current_high,495910169.99999994,326.80480202999996
2034,R10AFRICA,107.663,0.0,Current_high,330094757.99999994,217.53244552199996
2034,R10CHINA+,121.36,0.0,Current_high,372089759.99999994,245.20715183999997
2034,R10EUROPE,210.538,0.0,Current_high,645509508.0,425.390765772
2034,R10INDIA+,54.36,0.0,Current_high,166667759.99999997,109.83405383999998
2034,R10LATIN_AM,103.879,0.0,Current_high,318493013.99999994,209.88689622599998
2034,R10MIDDLE_EAST,257.011,0.0,Current_high,787995726.0,519.289183434
2034,R10NORTH_AM,479.61,0.0,Current_high,1470484259.9999998,969.0491273399999
2034,R10PAC_OECD,81.749,0.0,Current_high,250642433.99999997,165.17336400599996
2034,R10REF_ECON,83.022,0.0,Current_high,254545452.00000003,167.74545286800003
2034,R10REST_ASIA,161.27499999999998,0.0,Current_high,494469149.9999999,325.8551698499999
2035,R10AFRICA,105.593,0.0,Current_high,323748138.0,213.350022942
2035,R10CHINA+,121.36,0.0,Current_high,372089759.99999994,245.20715183999997
2035,R10EUROPE,210.21699999999998,0.0,Current_high,644525321.9999999,424.74218719799995
2035,R10INDIA+,54.150000000000006,0.0,Current_high,166023900.00000003,109.40975010000001
2035,R10LATIN_AM,102.531,0.0,Current_high,314360046.0,207.163270314
2035,R10MIDDLE_EAST,256.401,0.0,Current_high,786125465.9999999,518.0566820939999
2035,R10NORTH_AM,479.25600000000003,0.0,Current_high,1469398896.0000002,968.3338724640001
2035,R10PAC_OECD,80.477,0.0,Current_high,246742482.0,162.603295638
2035,R10REF_ECON,79.38000000000001,0.0,Current_high,243379080.00000006,160.38681372000002
2035,R10REST_ASIA,160.783,0.0,Current_high,492960677.9999999,324.86108680199993
2036,R10AFRICA,104.82900000000001,0.0,Current_high,321405714.0,211.806365526
2036,R10CHINA+,121.36,0.0,Current_high,372089759.99999994,245.20715183999997
2036,R10EUROPE,210.002,0.0,Current_high,643866132.0000001,424.30778098800005
2036,R10INDIA+,54.0,0.0,Current_high,165564000.0,109.106676
2036,R10LATIN_AM,102.531,0.0,Current_high,314360046.0,207.163270314
2036,R10MIDDLE_EAST,254.753,0.0,Current_high,781072698.0000001,514.7269079820001
2036,R10NORTH_AM,478.869,0.0,Current_high,1468212353.9999998,967.5519412859999
2036,R10PAC_OECD,79.47900000000001,0.0,Current_high,243682614.00000003,160.58684262600002
2036,R10REF_ECON,76.03,0.0,Current_high,233107980.0,153.61815882
2036,R10REST_ASIA,160.351,0.0,Current_high,491636165.99999994,323.98823339399996
2037,R10AFRICA,104.361,0.0,Current_high,319970826.0,210.860774334
2037,R10CHINA+,121.36,0.0,Current_high,372089759.99999994,245.20715183999997
2037,R10EUROPE,209.10500000000002,0.0,Current_high,641115929.9999999,422.4953978699999
2037,R10INDIA+,53.25,0.0,Current_high,163264500.0,107.5913055
2037,R10LATIN_AM,102.531,0.0,Current_high,314360046.0,207.163270314
2037,R10MIDDLE_EAST,253.313,0.0,Current_high,776657657.9999999,511.81739662199993
2037,R10NORTH_AM,477.474,0.0,Current_high,1463935284.0,964.733352156
2037,R10PAC_OECD,78.214,0.0,Current_high,239804123.99999997,158.03091771599998
2037,R10REF_ECON,69.758,0.0,Current_high,213878027.99999997,140.94562045199996
2037,R10REST_ASIA,159.601,0.0,Current_high,489336665.99999994,322.47286289399995
2038,R10AFRICA,102.517,0.0,Current_high,314317122.0,207.134983398
2038,R10CHINA+,121.36,0.0,Current_high,372089759.99999994,245.20715183999997
2038,R10EUROPE,207.21,0.0,Current_high,635305860.0,418.66656174
2038,R10INDIA+,53.1,0.0,Current_high,162804600.0,107.2882314
2038,R10LATIN_AM,101.831,0.0,Current_high,312213845.99999994,205.74892451399998
2038,R10MIDDLE_EAST,250.538,0.0,Current_high,768149507.9999999,506.2105257719999
2038,R10NORTH_AM,475.385,0.0,Current_high,1457530410.0,960.51254019
2038,R10PAC_OECD,76.662,0.0,Current_high,235045692.0,154.895111028
2038,R10REF_ECON,66.358,0.0,Current_high,203453628.00000003,134.075940852
2038,R10REST_ASIA,159.051,0.0,Current_high,487650365.9999999,321.3615911939999
2039,R10AFRICA,101.627,0.0,Current_high,311588381.99999994,205.33674373799997
2039,R10CHINA+,121.36,0.0,Current_high,372089759.99999994,245.20715183999997
2039,R10EUROPE,206.841,0.0,Current_high,634174506.0,417.920999454
2039,R10INDIA+,52.271,0.0,Current_high,160262885.99999997,105.61324187399998
2039,R10LATIN_AM,101.201,0.0,Current_high,310282265.99999994,204.47601329399998
2039,R10MIDDLE_EAST,247.909,0.0,Current_high,760088994.0,500.898647046
2039,R10NORTH_AM,473.77000000000004,0.0,Current_high,1452578820.0,957.24944238
2039,R10PAC_OECD,75.96199999999999,0.0,Current_high,232899491.99999994,153.48076522799997
2039,R10REF_ECON,65.218,0.0,Current_high,199958387.99999997,131.772577692
2039,R10REST_ASIA,158.641,0.0,Current_high,486393305.99999994,320.53318865399996
2040,R10AFRICA,100.628,0.0,Current_high,308525448.0,203.318270232
2040,R10CHINA+,121.36,0.0,Current_high,372089759.99999994,245.20715183999997
2040,R10EUROPE,206.517,0.0,Current_high,633181121.9999999,417.26635939799996
2040,R10INDIA+,51.098,0.0,Current_high,156666467.99999997,103.24320241199999
2040,R10LATIN_AM,101.201,0.0,Current_high,310282265.99999994,204.47601329399998
2040,R10MIDDLE_EAST,247.689,0.0,Current_high,759414474.0,500.454138366
2040,R10NORTH_AM,471.101,0.0,Current_high,1444395665.9999998,951.8567438939999
2040,R10PAC_OECD,74.572,0.0,Current_high,228637751.99999997,150.67227856799997
2040,R10REF_ECON,61.477999999999994,0.0,Current_high,188491547.99999994,124.21593013199995
2040,R10REST_ASIA,158.231,0.0,Current_high,485136246.0,319.704786114
2041,R10AFRICA,99.56,0.0,Current_high,305250959.99999994,201.16038263999997
2041,R10CHINA+,121.291,0.0,Current_high,371878205.99999994,245.06773775399998
2041,R10EUROPE,206.083,0.0,Current_high,631850478.0,416.389465002
2041,R10INDIA+,50.617000000000004,0.0,Current_high,155191721.99999997,102.27134479799999
2041,R10LATIN_AM,100.89099999999999,0.0,Current_high,309331806.0,203.849660154
2041,R10MIDDLE_EAST,247.151,0.0,Current_high,757764965.9999999,499.36711259399993
2041,R10NORTH_AM,467.986,0.0,Current_high,1434845076.0,945.562905084
2041,R10PAC_OECD,71.77199999999999,0.0,Current_high,220052952.0,145.014895368
2041,R10REF_ECON,57.642,0.0,Current_high,176730372.0,116.465315148
2041,R10REST_ASIA,157.12199999999999,0.0,Current_high,481736051.99999994,317.4640582679999
2042,R10AFRICA,99.06400000000001,0.0,Current_high,303730224.0,200.158217616
2042,R10CHINA+,121.291,0.0,Current_high,371878205.99999994,245.06773775399998
2042,R10EUROPE,205.051,0.0,Current_high,628686365.9999999,414.3043151939999
2042,R10INDIA+,49.737,0.0,Current_high,152493642.00000003,100.49331007800002
2042,R10LATIN_AM,100.201,0.0,Current_high,307216265.99999994,202.45551929399997
2042,R10MIDDLE_EAST,245.141,0.0,Current_high,751602306.0,495.305919654
2042,R10NORTH_AM,464.401,0.0,Current_high,1423853465.9999998,938.3194340939999
2042,R10PAC_OECD,70.98599999999999,0.0,Current_high,217643075.99999994,143.42678708399998
2042,R10REF_ECON,57.392,0.0,Current_high,175963872.0,115.960191648
2042,R10REST_ASIA,153.288,0.0,Current_high,469981008.00000006,309.71748427200004
2043,R10AFRICA,97.668,0.0,Current_high,299450088.0,197.337607992
2043,R10CHINA+,121.291,0.0,Current_high,371878205.99999994,245.06773775399998
2043,R10EUROPE,202.541,0.0,Current_high,620990706.0,409.232875254
2043,R10INDIA+,48.661,0.0,Current_high,149194626.0,98.319258534
2043,R10LATIN_AM,99.941,0.0,Current_high,306419106.0,201.930190854
2043,R10MIDDLE_EAST,243.823,0.0,Current_high,747561318.0,492.642908562
2043,R10NORTH_AM,460.112,0.0,Current_high,1410703392.0,929.653535328
2043,R10PAC_OECD,70.98599999999999,0.0,Current_high,217643075.99999994,143.42678708399998
2043,R10REF_ECON,55.837,0.0,Current_high,171196242.0,112.818323478
2043,R10REST_ASIA,148.046,0.0,Current_high,453909035.99999994,299.1260547239999
2044,R10AFRICA,96.915,0.0,Current_high,297141390.0,195.81617601
2044,R10CHINA+,121.225,0.0,Current_high,371675849.99999994,244.93438514999997
2044,R10EUROPE,199.587,0.0,Current_high,611933742.0,403.264335978
2044,R10INDIA+,46.769999999999996,0.0,Current_high,143396820.0,94.49850438
2044,R10LATIN_AM,99.147,0.0,Current_high,303984702.0,200.325918618
2044,R10MIDDLE_EAST,240.714,0.0,Current_high,738029124.0,486.361192716
2044,R10NORTH_AM,451.284,0.0,Current_high,1383636743.9999998,911.8166142959999
2044,R10PAC_OECD,68.818,0.0,Current_high,210995988.0,139.046356092
2044,R10REF_ECON,55.266999999999996,0.0,Current_high,169448621.99999997,111.66664189799998
2044,R10REST_ASIA,144.689,0.0,Current_high,443616474.00000006,292.34325636600005
2045,R10AFRICA,95.42,0.0,Current_high,292557720.0,192.79553748
2045,R10CHINA+,121.159,0.0,Current_high,371473494.0,244.801032546
2045,R10EUROPE,195.254,0.0,Current_high,598648763.9999999,394.50953547599994
2045,R10INDIA+,45.406,0.0,Current_high,139214796.0,91.742550564
2045,R10LATIN_AM,98.93700000000001,0.0,Current_high,303340842.0,199.901614878
2045,R10MIDDLE_EAST,238.938,0.0,Current_high,732583907.9999999,482.77279537199996
2045,R10NORTH_AM,444.477,0.0,Current_high,1362766481.9999998,898.0631116379999
2045,R10PAC_OECD,66.775,0.0,Current_high,204732150.0,134.91848685
2045,R10REF_ECON,54.973,0.0,Current_high,168547217.99999997,111.07261666199999
2045,R10REST_ASIA,142.293,0.0,Current_high,436270338.00000006,287.5021527420001
2046,R10AFRICA,95.42,0.0,Current_high,292557720.0,192.79553748
2046,R10CHINA+,120.795,0.0,Current_high,370357470.0,244.06557273
2046,R10EUROPE,189.717,0.0,Current_high,581672322.0,383.322060198
2046,R10INDIA+,43.536,0.0,Current_high,133481375.99999999,87.96422678399999
2046,R10LATIN_AM,98.811,0.0,Current_high,302954525.99999994,199.64703263399997
2046,R10MIDDLE_EAST,237.67499999999998,0.0,Current_high,728711549.9999999,480.22091144999996
2046,R10NORTH_AM,440.488,0.0,Current_high,1350536207.9999998,890.0033610719998
2046,R10PAC_OECD,61.292,0.0,Current_high,187921272.0,123.840118248
2046,R10REF_ECON,54.233000000000004,0.0,Current_high,166278378.0,109.577451102
2046,R10REST_ASIA,137.67,0.0,Current_high,422096220.0,278.16140898
2047,R10AFRICA,93.602,0.0,Current_high,286983732.0,189.122279388
2047,R10CHINA+,120.601,0.0,Current_high,369762665.99999994,243.67359689399996
2047,R10EUROPE,183.226,0.0,Current_high,561770916.0,370.207033644
2047,R10INDIA+,41.708999999999996,0.0,Current_high,127879793.99999999,84.27278424599999
2047,R10LATIN_AM,97.812,0.0,Current_high,299891592.0,197.628559128
2047,R10MIDDLE_EAST,235.124,0.0,Current_high,720890184.0,475.066631256
2047,R10NORTH_AM,437.02,0.0,Current_high,1339903319.9999998,882.9962878799998
2047,R10PAC_OECD,58.022,0.0,Current_high,177895452.0,117.233102868
2047,R10REF_ECON,54.033,0.0,Current_high,165665178.0,109.173352302
2047,R10REST_ASIA,129.802,0.0,Current_high,397972931.99999994,262.26416218799994
2048,R10AFRICA,92.515,0.0,Current_high,283650990.0,186.92600241
2048,R10CHINA+,120.101,0.0,Current_high,368229665.99999994,242.66334989399996
2048,R10EUROPE,175.058,0.0,Current_high,536727827.9999999,353.70363865199994
2048,R10INDIA+,39.915,0.0,Current_high,122379390.0,80.64801801
2048,R10LATIN_AM,94.791,0.0,Current_high,290629205.99999994,191.52464675399997
2048,R10MIDDLE_EAST,231.577,0.0,Current_high,710015081.9999999,467.89993903799996
2048,R10NORTH_AM,433.657,0.0,Current_high,1329592362.0,876.201366558
2048,R10PAC_OECD,54.041999999999994,0.0,Current_high,165692771.99999997,109.19153674799999
2048,R10REF_ECON,53.39,0.0,Current_high,163693740.0,107.87417466
2048,R10REST_ASIA,128.152,0.0,Current_high,392914031.9999999,258.9303470879999
2049,R10AFRICA,91.819,0.0,Current_high,281517053.99999994,185.51973858599996
2049,R10CHINA+,118.18100000000001,0.0,Current_high,362342946.0,238.784001414
2049,R10EUROPE,167.123,0.0,Current_high,512399117.99999994,337.67101876199996
2049,R10INDIA+,38.595,0.0,Current_high,118332269.99999999,77.98096592999998
2049,R10LATIN_AM,90.93599999999999,0.0,Current_high,278809775.99999994,183.73564238399996
2049,R10MIDDLE_EAST,229.0,0.0,Current_high,702114000.0,462.693126
2049,R10NORTH_AM,425.437,0.0,Current_high,1304389842.0000002,859.5929058780001
2049,R10PAC_OECD,51.443,0.0,Current_high,157724238.0,103.940272842
2049,R10REF_ECON,52.784,0.0,Current_high,161835744.0,106.649755296
2049,R10REST_ASIA,125.792,0.0,Current_high,385678271.99999994,254.16198124799996
2050,R10AFRICA,90.829,0.0,Current_high,278481714.0,183.519449526
2050,R10CHINA+,117.009,0.0,Current_high,358749594.0,236.415982446
2050,R10EUROPE,158.226,0.0,Current_high,485120915.99999994,319.69468364399995
2050,R10INDIA+,37.21,0.0,Current_high,114085859.99999999,75.18258173999999
2050,R10LATIN_AM,86.213,0.0,Current_high,264329057.99999997,174.19284922199998
2050,R10MIDDLE_EAST,225.141,0.0,Current_high,690282306.0,454.896039654
2050,R10NORTH_AM,396.307,0.0,Current_high,1215077262.0,800.735915658
2050,R10PAC_OECD,50.017,0.0,Current_high,153352122.0,101.059048398
2050,R10REF_ECON,52.334,0.0,Current_high,160456044.0,105.740532996
2050,R10REST_ASIA,123.42699999999999,0.0,Current_high,378427181.99999994,249.38351293799997
2051,R10AFRICA,89.82799999999999,0.0,Current_high,275412647.99999994,181.49693503199998
2051,R10CHINA+,117.009,0.0,Current_high,358749594.0,236.415982446
2051,R10EUROPE,154.302,0.0,Current_high,473089931.99999994,311.7662651879999
2051,R10INDIA+,35.747,0.0,Current_high,109600301.99999999,72.22659901799999
2051,R10LATIN_AM,80.88199999999999,0.0,Current_high,247984211.9999999,163.42159570799993
2051,R10MIDDLE_EAST,218.478,0.0,Current_high,669853547.9999999,441.4334881319999
2051,R10NORTH_AM,354.31399999999996,0.0,Current_high,1086326724.0,715.889311116
2051,R10PAC_OECD,48.348,0.0,Current_high,148234967.99999997,97.68684391199999
2051,R10REF_ECON,52.144,0.0,Current_high,159873503.99999997,105.35663913599998
2051,R10REST_ASIA,118.23,0.0,Current_high,362493180.0,238.88300562
2052,R10AFRICA,87.97200000000001,0.0,Current_high,269722152.00000006,177.74689816800003
2052,R10CHINA+,117.009,0.0,Current_high,358749594.0,236.415982446
2052,R10EUROPE,144.086,0.0,Current_high,441767676.00000006,291.1248984840001
2052,R10INDIA+,34.921,0.0,Current_high,107067786.0,70.557670974
2052,R10LATIN_AM,75.71,0.0,Current_high,232126860.0,152.97160074
2052,R10MIDDLE_EAST,213.73,0.0,Current_high,655296179.9999999,431.84018261999995
2052,R10NORTH_AM,289.09799999999996,0.0,Current_high,886374467.9999998,584.1207744119998
2052,R10PAC_OECD,46.73799999999999,0.0,Current_high,143298707.99999994,94.43384857199996
2052,R10REF_ECON,50.374,0.0,Current_high,154446684.0,101.780364756
2052,R10REST_ASIA,109.817,0.0,Current_high,336698921.99999994,221.88458959799996
2053,R10AFRICA,86.485,0.0,Current_high,265163009.99999994,174.74242358999996
2053,R10CHINA+,113.581,0.0,Current_high,348239345.99999994,229.48972901399998
2053,R10EUROPE,133.549,0.0,Current_high,409461234.00000006,269.834953206
2053,R10INDIA+,34.496,0.0,Current_high,105764736.0,69.698961024
2053,R10LATIN_AM,68.197,0.0,Current_high,209092001.99999997,137.79162931799996
2053,R10MIDDLE_EAST,209.463,0.0,Current_high,642213558.0,423.218734722
2053,R10NORTH_AM,232.756,0.0,Current_high,713629896.0,470.282101464
2053,R10PAC_OECD,45.25599999999999,0.0,Current_high,138754895.99999997,91.43947646399998
2053,R10REF_ECON,49.126,0.0,Current_high,150620315.99999997,99.25878824399999
2053,R10REST_ASIA,107.29599999999999,0.0,Current_high,328969535.99999994,216.79092422399998
2054,R10AFRICA,86.073,0.0,Current_high,263899817.99999997,173.90998006199996
2054,R10CHINA+,110.242,0.0,Current_high,338001972.0,222.743299548
2054,R10EUROPE,121.327,0.0,Current_high,371988582.0,245.140475538
2054,R10INDIA+,34.289,0.0,Current_high,105130074.0,69.280718766
2054,R10LATIN_AM,65.595,0.0,Current_high,201114269.99999997,132.53430393
2054,R10MIDDLE_EAST,204.81900000000002,0.0,Current_high,627975054.0000001,413.83556058600004
2054,R10NORTH_AM,205.892,0.0,Current_high,631264871.9999999,416.00355064799993
2054,R10PAC_OECD,45.045,0.0,Current_high,138107969.99999997,91.01315222999999
2054,R10REF_ECON,49.046,0.0,Current_high,150375036.0,99.097148724
2054,R10REST_ASIA,105.611,0.0,Current_high,323803326.0,213.386391834
2055,R10AFRICA,84.29599999999999,0.0,Current_high,258451535.99999997,170.31956222399998
2055,R10CHINA+,102.386,0.0,Current_high,313915476.0,206.870298684
2055,R10EUROPE,108.295,0.0,Current_high,332032470.0,218.80939773
2055,R10INDIA+,33.844,0.0,Current_high,103765704.0,68.381598936
2055,R10LATIN_AM,63.948,0.0,Current_high,196064567.99999997,129.206550312
2055,R10MIDDLE_EAST,196.183,0.0,Current_high,601497077.9999999,396.38657440199995
2055,R10NORTH_AM,190.05499999999998,0.0,Current_high,582708629.9999999,384.00498716999994
2055,R10PAC_OECD,44.547000000000004,0.0,Current_high,136581102.0,90.006946218
2055,R10REF_ECON,47.150999999999996,0.0,Current_high,144564966.0,95.268312594
2055,R10REST_ASIA,102.02199999999999,0.0,Current_high,312799452.0,206.134838868
2056,R10AFRICA,81.604,0.0,Current_high,250197864.0,164.880392376
2056,R10CHINA+,96.42,0.0,Current_high,295623720.0,194.81603148
2056,R10EUROPE,95.989,0.0,Current_high,294302273.99999994,193.94519856599996
2056,R10INDIA+,32.141999999999996,0.0,Current_high,98547371.99999999,64.942718148
2056,R10LATIN_AM,59.602000000000004,0.0,Current_high,182739732.0,120.425483388
2056,R10MIDDLE_EAST,191.274,0.0,Current_high,586446083.9999999,386.4679693559999
2056,R10NORTH_AM,178.147,0.0,Current_high,546198702.0,359.944944618
2056,R10PAC_OECD,42.116,0.0,Current_high,129127655.99999999,85.09512530399998
2056,R10REF_ECON,45.626999999999995,0.0,Current_high,139892381.99999994,92.18907973799996
2056,R10REST_ASIA,100.50200000000001,0.0,Current_high,308139132.00000006,203.06368798800003
2057,R10AFRICA,78.203,0.0,Current_high,239770398.0,158.008692282
2057,R10CHINA+,89.517,0.0,Current_high,274459122.0,180.868561398
2057,R10EUROPE,87.84,0.0,Current_high,269317439.99999994,177.48019295999998
2057,R10INDIA+,30.768,0.0,Current_high,94334688.0,62.166559392
2057,R10LATIN_AM,56.034000000000006,0.0,Current_high,171800244.0,113.216360796
2057,R10MIDDLE_EAST,181.073,0.0,Current_high,555169818.0000001,365.85691006200005
2057,R10NORTH_AM,170.374,0.0,Current_high,522366683.99999994,344.23964475599996
2057,R10PAC_OECD,40.62299999999999,0.0,Current_high,124550117.99999996,82.07852776199996
2057,R10REF_ECON,44.78,0.0,Current_high,137295479.99999997,90.47772131999999
2057,R10REST_ASIA,97.647,0.0,Current_high,299385702.0,197.295177618
2058,R10AFRICA,75.943,0.0,Current_high,232841238.0,153.442375842
2058,R10CHINA+,85.539,0.0,Current_high,262262573.99999997,172.83103626599996
2058,R10EUROPE,77.545,0.0,Current_high,237752969.99999997,156.67920722999997
2058,R10INDIA+,30.676,0.0,Current_high,94052615.99999999,61.980673943999996
2058,R10LATIN_AM,54.438,0.0,Current_high,166906908.00000003,109.99165237200002
2058,R10MIDDLE_EAST,173.15,0.0,Current_high,530877900.0,349.8485361
2058,R10NORTH_AM,160.145,0.0,Current_high,491004570.0,323.57201163
2058,R10PAC_OECD,36.75,0.0,Current_high,112675500.0,74.2531545
2058,R10REF_ECON,42.37,0.0,Current_high,129906419.99999997,85.60833077999999
2058,R10REST_ASIA,91.774,0.0,Current_high,281379084.0,185.428816356
2059,R10AFRICA,72.907,0.0,Current_high,223532862.00000003,147.30815605800004
2059,R10CHINA+,82.24,0.0,Current_high,252147839.99999994,166.16542655999996
2059,R10EUROPE,69.601,0.0,Current_high,213396666.0,140.628402894
2059,R10INDIA+,28.689,0.0,Current_high,87960474.0,57.965952366
2059,R10LATIN_AM,52.533,0.0,Current_high,161066178.0,106.142611302
2059,R10MIDDLE_EAST,160.115,0.0,Current_high,490912590.0,323.51139681
2059,R10NORTH_AM,147.11100000000002,0.0,Current_high,451042326.0000001,297.23689283400006
2059,R10PAC_OECD,29.315,0.0,Current_high,89879790.00000001,59.23078161000001
2059,R10REF_ECON,41.202,0.0,Current_high,126325331.99999999,83.24839378799999
2059,R10REST_ASIA,89.039,0.0,Current_high,272993573.99999994,179.90276526599996
2060,R10AFRICA,65.50200000000001,0.0,Current_high,200829132.00000003,132.346397988
2060,R10CHINA+,79.325,0.0,Current_high,243210450.0,160.27568655
2060,R10EUROPE,52.730000000000004,0.0,Current_high,161670180.0,106.54064862
2060,R10INDIA+,26.102999999999998,0.0,Current_high,80031798.0,52.740954882
2060,R10LATIN_AM,48.934000000000005,0.0,Current_high,150031644.00000003,98.87085339600002
2060,R10MIDDLE_EAST,146.925,0.0,Current_high,450472050.0,296.86108095
2060,R10NORTH_AM,138.508,0.0,Current_high,424665528.0,279.854582952
2060,R10PAC_OECD,25.64,0.0,Current_high,78612239.99999999,51.805466159999995
2060,R10REF_ECON,39.153000000000006,0.0,Current_high,120043098.0,79.108401582
2060,R10REST_ASIA,83.15,0.0,Current_high,254937900.0,168.0040761
2061,R10AFRICA,61.519999999999996,0.0,Current_high,188620319.99999997,124.30079087999998
2061,R10CHINA+,75.831,0.0,Current_high,232497845.99999997,153.21608051399997
2061,R10EUROPE,38.344,0.0,Current_high,117562704.0,77.473821936
2061,R10INDIA+,25.376,0.0,Current_high,77802815.99999999,51.27205574399999
2061,R10LATIN_AM,47.289,0.0,Current_high,144988074.00000003,95.54714076600001
2061,R10MIDDLE_EAST,137.421,0.0,Current_high,421332785.99999994,277.6583059739999
2061,R10NORTH_AM,127.15100000000001,0.0,Current_high,389844965.99999994,256.90783259399996
2061,R10PAC_OECD,24.784999999999997,0.0,Current_high,75990809.99999999,50.07794378999999
2061,R10REF_ECON,34.663000000000004,0.0,Current_high,106276758.0,70.036383522
2061,R10REST_ASIA,79.987,0.0,Current_high,245240142.0,161.613253578
2062,R10AFRICA,55.985,0.0,Current_high,171650009.99999997,113.11735658999999
2062,R10CHINA+,74.411,0.0,Current_high,228144126.0,150.346979034
2062,R10EUROPE,29.534,0.0,Current_high,90551244.0,59.673269796
2062,R10INDIA+,23.54,0.0,Current_high,72173640.0,47.56242876
2062,R10LATIN_AM,42.888999999999996,0.0,Current_high,131497673.99999997,86.65696716599999
2062,R10MIDDLE_EAST,121.134,0.0,Current_high,371396843.99999994,244.75052019599997
2062,R10NORTH_AM,115.681,0.0,Current_high,354677946.0,233.732766414
2062,R10PAC_OECD,23.243,0.0,Current_high,71263037.99999999,46.96234204199999
2062,R10REF_ECON,29.565,0.0,Current_high,90646290.00000001,59.735905110000004
2062,R10REST_ASIA,77.694,0.0,Current_high,238209803.99999997,156.98026083599996
2063,R10AFRICA,50.933,0.0,Current_high,156160578.0,102.909820902
2063,R10CHINA+,68.758,0.0,Current_high,210812027.99999997,138.92512645199997
2063,R10EUROPE,19.935,0.0,Current_high,61120709.999999985,40.27854788999999
2063,R10INDIA+,22.124000000000002,0.0,Current_high,67832184.00000001,44.701409256000005
2063,R10LATIN_AM,40.082,0.0,Current_high,122891412.0,80.985440508
2063,R10MIDDLE_EAST,99.09400000000001,0.0,Current_high,303822204.0,200.218832436
2063,R10NORTH_AM,107.017,0.0,Current_high,328114122.0,216.227206398
2063,R10PAC_OECD,19.926000000000002,0.0,Current_high,61093116.0,40.260363444
2063,R10REF_ECON,26.769000000000002,0.0,Current_high,82073754.0,54.086603886
2063,R10REST_ASIA,69.937,0.0,Current_high,214426841.99999997,141.30728887799998
2064,R10AFRICA,48.824999999999996,0.0,Current_high,149697449.99999997,98.65061954999999
2064,R10CHINA+,55.598,0.0,Current_high,170463467.99999997,112.33542541199998
2064,R10EUROPE,17.203,0.0,Current_high,52744397.99999999,34.758558281999996
2064,R10INDIA+,17.027,0.0,Current_high,52204782.00000001,34.40295133800001
2064,R10LATIN_AM,35.974000000000004,0.0,Current_high,110296284.00000001,72.68525115600002
2064,R10MIDDLE_EAST,84.79,0.0,Current_high,259966139.99999997,171.31768625999996
2064,R10NORTH_AM,95.834,0.0,Current_high,293827044.0,193.632021996
2064,R10PAC_OECD,13.200999999999999,0.0,Current_high,40474265.999999985,26.672541293999988
2064,R10REF_ECON,20.319,0.0,Current_high,62298053.99999999,41.05441758599999
2064,R10REST_ASIA,56.275000000000006,0.0,Current_high,172539150.00000003,113.70329985000002
2065,R10AFRICA,40.282,0.0,Current_high,123504611.99999999,81.38953930799998
2065,R10CHINA+,46.827,0.0,Current_high,143571581.99999997,94.61367253799999
2065,R10EUROPE,15.443,0.0,Current_high,47348238.0,31.202488842
2065,R10INDIA+,13.270000000000001,0.0,Current_high,40685820.0,26.81195538
2065,R10LATIN_AM,32.838,0.0,Current_high,100681307.99999999,66.34898197199999
2065,R10MIDDLE_EAST,76.15,0.0,Current_high,233475900.0,153.8606181
2065,R10NORTH_AM,83.402,0.0,Current_high,255710531.99999997,168.51324058799997
2065,R10PAC_OECD,11.329,0.0,Current_high,34734714.0,22.890176526
2065,R10REF_ECON,17.063,0.0,Current_high,52315157.999999985,34.47568912199999
2065,R10REST_ASIA,50.745000000000005,0.0,Current_high,155584169.99999997,102.52996802999998
2066,R10AFRICA,37.354,0.0,Current_high,114527363.99999999,75.47353287599998
2066,R10CHINA+,44.133,0.0,Current_high,135311778.0,89.170461702
2066,R10EUROPE,10.805,0.0,Current_high,33128129.999999996,21.831437669999996
2066,R10INDIA+,11.326,0.0,Current_high,34725516.0,22.884115044
2066,R10LATIN_AM,28.127,0.0,Current_high,86237382.0,56.830434738
2066,R10MIDDLE_EAST,63.834,0.0,Current_high,195715044.00000003,128.976213996
2066,R10NORTH_AM,71.009,0.0,Current_high,217713593.99999997,143.47325844599996
2066,R10PAC_OECD,8.209999999999999,0.0,Current_high,25171859.999999996,16.588255739999997
2066,R10REF_ECON,14.375,0.0,Current_high,44073750.0,29.04460125
2066,R10REST_ASIA,42.260000000000005,0.0,Current_high,129569160.0,85.38607644
2067,R10AFRICA,32.131,0.0,Current_high,98513646.0,64.920492714
2067,R10CHINA+,38.538,0.0,Current_high,118157507.99999997,77.86579777199998
2067,R10EUROPE,6.991,0.0,Current_high,21434406.0,14.125273554
2067,R10INDIA+,9.783000000000001,0.0,Current_high,29994678.000000004,19.766492802000005
2067,R10LATIN_AM,24.157,0.0,Current_high,74065362.0,48.809073558
2067,R10MIDDLE_EAST,53.747,0.0,Current_high,164788301.99999997,108.59549101799999
2067,R10NORTH_AM,58.914,0.0,Current_high,180630324.00000003,119.03538351600001
2067,R10PAC_OECD,6.382,0.0,Current_high,19567212.0,12.894792708
2067,R10REF_ECON,11.282,0.0,Current_high,34590612.0,22.795213308
2067,R10REST_ASIA,32.3,0.0,Current_high,99031799.99999999,65.26195619999999
2068,R10AFRICA,15.002,0.0,Current_high,45996131.99999999,30.311450987999997
2068,R10CHINA+,31.576,0.0,Current_high,96812016.0,63.799118544
2068,R10EUROPE,4.659,0.0,Current_high,14284494.0,9.413481546
2068,R10INDIA+,5.2379999999999995,0.0,Current_high,16059707.999999998,10.583347571999997
2068,R10LATIN_AM,20.459999999999997,0.0,Current_high,62730359.999999985,41.33930723999999
2068,R10MIDDLE_EAST,43.941,0.0,Current_high,134723106.0,88.782526854
2068,R10NORTH_AM,35.876,0.0,Current_high,109995815.99999997,72.48724274399999
2068,R10PAC_OECD,4.77,0.0,Current_high,14624819.999999998,9.637756379999997
2068,R10REF_ECON,8.116999999999999,0.0,Current_high,24886721.999999996,16.400349797999997
2068,R10REST_ASIA,25.169999999999998,0.0,Current_high,77171219.99999999,50.85583397999999
2069,R10AFRICA,8.308,0.0,Current_high,25472327.999999996,16.786264151999998
2069,R10CHINA+,23.646,0.0,Current_high,72498636.0,47.776601124
2069,R10EUROPE,3.487,0.0,Current_high,10691142.0,7.045462578
2069,R10INDIA+,4.0889999999999995,0.0,Current_high,12536874.0,8.261799966
2069,R10LATIN_AM,16.006,0.0,Current_high,49074395.99999999,32.340026963999996
2069,R10MIDDLE_EAST,27.353,0.0,Current_high,83864298.0,55.266572382
2069,R10NORTH_AM,25.593999999999998,0.0,Current_high,78471204.0,51.712523436
2069,R10PAC_OECD,3.577,0.0,Current_high,10967082.0,7.227307038
2069,R10REF_ECON,5.397,0.0,Current_high,16547202.000000002,10.904606118000002
2069,R10REST_ASIA,20.165,0.0,Current_high,61825889.99999999,40.74326150999999
2070,R10AFRICA,7.787,0.0,Current_high,23874941.999999996,15.733586777999998
2070,R10CHINA+,15.584,0.0,Current_high,47780543.99999999,31.487378495999994
2070,R10EUROPE,2.283,0.0,Current_high,6999678.0,4.612787802
2070,R10INDIA+,3.7019999999999995,0.0,Current_high,11350331.999999996,7.479868787999997
2070,R10LATIN_AM,7.6049999999999995,0.0,Current_high,23316929.999999993,15.365856869999995
2070,R10MIDDLE_EAST,15.068000000000001,0.0,Current_high,46198488.00000001,30.444803592000003
2070,R10NORTH_AM,17.625999999999998,0.0,Current_high,54041315.99999999,35.613227243999994
2070,R10PAC_OECD,1.0,0.0,Current_high,3066000.0,2.020494
2070,R10REF_ECON,3.484,0.0,Current_high,10681944.0,7.039401096
2070,R10REST_ASIA,16.796999999999997,0.0,Current_high,51499601.999999985,33.93823771799999
2071,R10AFRICA,3.12,0.0,Current_high,9565919.999999998,6.303941279999999
2071,R10CHINA+,8.389,0.0,Current_high,25720674.0,16.949924166
2071,R10EUROPE,1.728,0.0,Current_high,5298048.0,3.491413632
2071,R10INDIA+,2.4219999999999997,0.0,Current_high,7425851.999999999,4.893636467999999
2071,R10LATIN_AM,3.665,0.0,Current_high,11236890.0,7.40511051
2071,R10MIDDLE_EAST,8.696,0.0,Current_high,26661936.0,17.570215824
2071,R10NORTH_AM,6.2170000000000005,0.0,Current_high,19061322.000000004,12.561411198000002
2071,R10PAC_OECD,0.8,0.0,Current_high,2452800.0,1.6163952
2071,R10REF_ECON,2.3680000000000003,0.0,Current_high,7260288.0,4.784529792
2071,R10REST_ASIA,9.764,0.0,Current_high,29936424.0,19.728103416
2072,R10AFRICA,0.0,0.0,Current_high,0.0,0.0
2072,R10CHINA+,0.0,0.0,Current_high,0.0,0.0
2072,R10EUROPE,0.0,0.0,Current_high,0.0,0.0
2072,R10INDIA+,0.0,0.0,Current_high,0.0,0.0
2072,R10LATIN_AM,1.101,0.0,Current_high,3375665.9999999995,2.2245638939999997
2072,R10MIDDLE_EAST,0.783,0.0,Current_high,2400678.0000000005,1.5820468020000003
2072,R10NORTH_AM,0.0,0.0,Current_high,0.0,0.0
2072,R10PAC_OECD,0.65,0.0,Current_high,1992900.0,1.3133211
2072,R10REF_ECON,0.0,0.0,Current_high,0.0,0.0
2072,R10REST_ASIA,0.0,0.0,Current_high,0.0,0.0
2073,R10AFRICA,0.0,0.0,Current_high,0.0,0.0
2073,R10CHINA+,0.0,0.0,Current_high,0.0,0.0
2073,R10EUROPE,0.0,0.0,Current_high,0.0,0.0
2073,R10INDIA+,0.0,0.0,Current_high,0.0,0.0
2073,R10LATIN_AM,0.0,0.0,Current_high,0.0,0.0
2073,R10MIDDLE_EAST,0.0,0.0,Current_high,0.0,0.0
2073,R10NORTH_AM,0.0,0.0,Current_high,0.0,0.0
2073,R10PAC_OECD,0.0,0.0,Current_high,0.0,0.0
2073,R10REF_ECON,0.0,0.0,Current_high,0.0,0.0
2073,R10REST_ASIA,0.0,0.0,Current_high,0.0,0.0
