"","Coal_AnnualMtCO2","Coal_duration_year","Coal_Share_Ret","Coal_Share_EarlyRet","Coal_Share_Tran","Coal_Share_PhasedOut","Coal_logCurrent_MW","Gas_Current_MW","Gas_duration_year","Gas_logCurrent_MW","Coal_Gen_Decline_Perc","Gas_Gen_Decline_Perc","Share_VRE_Gen","GDPpc_2015.","Population","WDI_Manu_GDP_.","WDI_CoalRents_.","WDI_OilRents_.","WDI_NGRents_.","WDI_NG_El_.","WDI_Coal_El_.","logGDPpc","BP_GasReserve_tM3","BP_GasProduction_bM3","BP_CoalProduction_mTon","BP_CoalReserve_mTon","BP_CoalR2P_yr","LogBP_GasR2P_yr","HHI_Gas_Import","contiguity_Gas_Import","agree_Gas_Import","sanction_Gas_Import","common_language_Gas_Import","colony_Gas_Import","HHI_Gas_Export","contiguity_Gas_Export","agree_Gas_Export","sanction_Gas_Export","common_language_Gas_Export","colony_Gas_Export","NetValue_Gas_Import","NetQuantity_Gas_Import","HHI_Coal_Import","contiguity_Coal_Import","agree_Coal_Import","sanction_Coal_Import","common_language_Coal_Import","colony_Coal_Import","HHI_Coal_Export","contiguity_Coal_Export","agree_Coal_Export","sanction_Coal_Export","common_language_Coal_Export","colony_Coal_Export","NetValue_Coal_Import","NetQuantity_Coal_Import","R_IndepProducer","R_Private","R_Unbundle","R_WholeSale","R_IndepReg","R_Choice","R_Liberalization","R_Corp","StateCapacity","num_supply_policy","binary_airqual","ghg_ambition_n","cw_2030","annex_one","annex_two"
"Coal_AnnualMtCO2",1,0.293751448944404,0.0286570427373405,0.0548128003231842,0.00738566917077413,-0.0205632957709238,0.345713409875745,0.489350616129059,0.0927549157281055,0.2232317246742,0.00465525293903037,0.0141328893421989,0.0364573199408272,0.0596842450178954,0.739130549483862,0.180081220890169,0.114461913283016,-0.0779883495630105,-0.0451436287455983,-0.11964702888892,0.294027595415407,0.0235588983151348,0.218925168507457,-0.00225813661386477,0.343480888559821,0.26436891509987,0.00274184629077407,0.237260663472066,-0.106552001247653,-0.0170537073821243,-0.00380882082756067,0.0442175429678076,-0.0296915212366329,-0.0680268373037524,0.0820207645402216,0.171351908462262,0.105908601506229,0.15456823134722,0.12298590049729,-0.0404918783952893,0.264471918233088,0.287299046950833,-0.13543109210727,-0.0147543628353036,0.0108213661536585,0.00801579313018068,0.0318465486178417,-0.0547596178240387,-0.122373419443457,-0.0512273598646086,-0.0165149371056292,0.189263976470097,-0.0745149420289653,0.00785975516412463,0.172313647511518,0.201278717147343,0.105938907230662,0.0111786182188549,0.122623199580682,0.00536307204011798,0.0824760288976235,0.0257546796463359,0.071050643363873,0.075277853536495,0.0619917314247127,0.0530780358777799,0.0391481157712483,0.151026354172914,0.174198486778145,0.0478723801549263,0.0800182888201918
"Coal_duration_year",0.293751448944404,1,0.343400063787976,0.0786989085785526,0.284955942494688,0.34825595054218,0.856161953998794,0.252998757603376,0.293535547710031,0.137230906758123,0.469369647411852,0.311240711332928,0.269810576182963,0.149868598630143,0.258081729519794,0.140595319807017,0.166828207535585,-0.384254703073753,-0.187732557152918,-0.419482557369443,0.551022503210046,0.198667318881919,0.208911538020294,0.0373402332537614,0.0561377470252707,0.0741271974469872,0.0938337887338252,0.186837215166776,-0.14025149420719,0.0341114219813787,0.109599690396582,-0.0683760323470661,-0.206088874182715,-0.156161459162771,0.094782511260816,0.335269489942207,0.273487836600827,0.0890062898751995,0.13736631415989,-0.0261132273796273,0.251215455556546,0.220491477219037,-0.366860031585796,0.0372911925333748,0.00371357834059052,0.0515692050992201,-0.274675618394837,-0.123006170757224,-0.0536951156799506,0.271973867948251,0.307547833198679,0.0974562356981026,0.0952530489130938,0.115821894394396,0.0141686665363217,0.0323305561313282,0.260686703566451,0.413795966952705,0.404706843234739,0.319438774934508,0.257421574813291,0.420788487158646,0.263519288777926,0.271578752031306,0.452787696270998,0.384117831465541,0.0873578562950206,0.0291320781183551,0.0309380288603301,0.47483277600394,0.390372660022184
"Coal_Share_Ret",0.0286570427373405,0.343400063787976,1,0.446776873447287,0.391435593726777,0.92795049113894,0.0951467150294985,0.0651675420848828,0.227670267631136,0.13644894925843,0.67442346398136,0.229440579093867,0.411417628153112,0.302474415086785,-0.00568913142385487,-0.0204280103063151,-0.0426149557061,-0.107058810665951,-0.0699964395821839,-0.109886764536694,-0.0814969786697744,0.262356412000278,-0.00346170287356914,0.0941080094538094,0.0136633229187345,0.0183154084421738,0.00102526823327432,-0.0580134035785714,-0.114121301896624,0.0477815722775119,0.0523789268779393,-0.0456181692283351,-0.0679896158140108,-0.0487768823144518,0.0254841888211137,0.192477092375817,0.169971810119797,0.000442693107066223,0.102070668663861,-0.0135929034953817,0.0517306833804986,0.0469235205352466,-0.196569971878882,-0.0151794920898519,-0.123394913096797,0.0381940079324398,-0.202725579272882,-0.0464553032248558,-0.0376533194053122,0.0309001557577554,0.101228860932925,-0.012719240451596,-0.00348937945028897,-0.0352429375417872,0.00727019483808446,0.026306285185985,0.160142082653862,0.189086883442532,0.195571414951946,0.156470169909832,0.160311749596785,0.361315222393346,0.135472109836681,0.151400044853387,0.337895976772177,0.339886856940208,0.134363383951599,-0.082860936409238,-0.0689766539458844,0.317800598771693,0.361686561181529
"Coal_Share_EarlyRet",0.0548128003231842,0.0786989085785526,0.446776873447287,1,0.0853828234172833,0.389905877077716,0.0179685306263394,0.0158887575793363,0.0539501714853976,0.062376420091612,0.187388486193645,0.115249422538274,0.137846074377608,0.124132847274085,0.027660325483894,0.073338986827522,-0.0134979110654728,-0.0279244592615337,-0.0309280455160673,-0.0421997021264828,-0.0250920023528627,0.109688811932468,0.00149433992368725,0.0202384458587401,0.0323838010073033,0.0235316849300691,-0.00575384538112055,-0.0209972619437793,0.0250269662053362,0.0619145018963069,0.0399916579854166,-0.0131503071886393,0.017130423955402,-0.0335039423460273,-0.0163044504830528,0.100220709536576,0.0449543402191299,-0.00730076176200672,0.0740355305774229,-0.00882491741493502,-0.0161192054080342,-0.0162096209721621,-0.0635972396226182,0.0327097045891414,0.00453756508635434,0.0905334121883214,-0.10826946199807,-0.0019050687230117,0.0308049276712996,-0.0150228200623695,0.00545138933806202,-0.00861358544794476,-0.0582126743283658,-0.0205716251666507,0.0666853839127928,0.0674143132403337,0.0475804416272689,0.0568700844732688,0.062429861759264,0.101864088304492,0.0649947066446145,0.113221606505475,0.0543158620345163,0.0610036320765653,0.145705922417179,0.0644420255881163,0.0611595656682616,-0.0174256184965032,-0.0312220932374131,0.0762682709646661,0.108557845973081
"Coal_Share_Tran",0.00738566917077413,0.284955942494688,0.391435593726777,0.0853828234172833,1,0.631922994100771,0.128116924522496,0.105859991578758,0.205130053613285,0.119731297955841,0.476623188513512,0.272029719641991,0.340724680814296,0.214787211779872,-0.0215787834219171,-0.0640538500240883,-0.034919406383364,-0.0943483229013375,-0.0573144806389988,-0.0595364710653156,-0.0475738145866732,0.204668054762274,0.0172135906004558,0.0307334910329054,-0.00150371315069123,0.0197020246428686,0.036967217734757,-0.0558049077783331,-0.134697769037236,-0.0413787452447816,0.0306658884673082,-0.0476998106647702,-0.0542526015614155,-0.0355502714019966,-0.0310824784034255,0.0834618848587214,0.132720421246897,-0.0213498770499941,0.0694769066984672,-0.0281991180125783,0.0978866987633723,0.0903201605188333,-0.106810665116876,-0.0817404980521705,-0.0757244146535458,-0.0101733859773547,-0.135058394146963,-0.0686428502954748,-0.0596517800032095,0.0448515593016029,0.096865185824491,-0.0248720086485544,0.0401721455840555,-0.0360952943083639,-0.00634680901620112,0.0025115117141172,0.127503525351224,0.182794687826313,0.179441155189401,0.186634120600108,0.117529314220517,0.31678107558407,0.115768377472187,0.129724903565826,0.246075027988478,0.343351976055807,0.149308938315367,-0.0163834683366541,0.00326913508860947,0.287606021494444,0.306731780315446
"Coal_Share_PhasedOut",-0.0205632957709238,0.34825595054218,0.92795049113894,0.389905877077716,0.631922994100771,1,0.0983342398925681,0.0577561827934882,0.23977411303246,0.134694764852908,0.738105227320934,0.297678047705849,0.444841794509327,0.316977956299431,-0.0489613964523285,-0.0532393297635213,-0.0510338386075798,-0.114851985843647,-0.0770153431712188,-0.112362888249364,-0.0972681142010204,0.282896794409674,-0.0111689014315996,0.0890659115702429,-0.00811469552844999,0.000314831282369728,0.012114516183727,-0.089238296045517,-0.123782017015653,0.0229340086046004,0.0496472749895401,-0.055530603075595,-0.0773124871004079,-0.0512399464990818,0.0179284778819857,0.173598794724688,0.181294594853511,0.00127502084650706,0.100740839106386,-0.0182758935955059,0.049480583911825,0.0485225695187787,-0.191328129004176,-0.0552024529964144,-0.130292665011626,0.0330163544037083,-0.211814503151946,-0.0630774562376565,-0.0422239308833649,0.0371713606178551,0.115554179337257,-0.0171025720050075,0.023056184051666,-0.0409187294898362,-0.0258486224499194,-0.00947591968104952,0.168395397940559,0.220339921660022,0.213536595940462,0.18845450016393,0.173564059344764,0.409592994075567,0.143281476677528,0.157431092272137,0.369526711317778,0.340983097994642,0.135854690480312,-0.0790357789953452,-0.0620954872659835,0.363483135267151,0.399118002358794
"Coal_logCurrent_MW",0.345713409875745,0.856161953998794,0.0951467150294985,0.0179685306263394,0.128116924522496,0.0983342398925681,1,0.23713360223901,0.172557533744937,0.0824353007648716,0.263374219381222,0.23719327343325,0.123984404411232,0.0592793184475642,0.335126446445188,0.260066480141522,0.183544099640662,-0.459802467369447,-0.210722554868219,-0.44728520533028,0.666988624869859,0.0819401102175135,0.187107572918769,0.0186822649104196,0.0703915519144899,0.072163490446092,0.0850646569367212,0.282222589861144,-0.0941614256413852,0.00480985726029323,0.109460756013065,-0.0186304545129472,-0.158347350908623,-0.183712585436945,0.128846816359182,0.261300626229636,0.232414657005928,0.141931607771497,0.110236106908875,-0.0544529272757938,0.24928055210065,0.219495071230868,-0.368233913755068,-0.015126674692034,0.054261732522028,0.0705119774014351,-0.172035364730311,-0.180131241937342,-0.0225014737292042,0.202335132508859,0.305961029108212,0.151499003105933,0.0857682575392026,0.0983368564382271,0.0163472126334779,0.0277482889615327,0.290326579275231,0.353678529140506,0.327662590014409,0.234388077880296,0.213777912551697,0.27475929772979,0.239331057845884,0.226758513940933,0.38412981652094,0.250557296412044,0.0559534746556961,0.106690040425159,0.133171041481116,0.355541979878919,0.335276224595922
"Gas_Current_MW",0.489350616129059,0.252998757603376,0.0651675420848828,0.0158887575793363,0.105859991578758,0.0577561827934882,0.23713360223901,1,0.301867754107673,0.350094649759898,0.0979469133280791,0.00995347878450499,0.0552622404241114,0.216525984316373,0.224766309225476,0.00807942380211068,-0.0018572192687374,0.00120074945931642,-4.45176493878953e-05,0.0666443359831156,0.0561881741033278,0.177625792254958,0.395718276333767,0.00987608440823796,0.0782992065650701,0.111289042174735,0.0128768962513087,0.157179249029589,-0.0437312284264905,0.106568820204021,0.0654219024181217,0.114055340354642,0.0529867968046298,-0.085199395146478,-0.0136132669934547,0.0929898195954086,0.0866266975519031,0.199870200872005,0.0752486151084862,-0.0291824918904999,0.131152470142937,0.138928746480769,-0.0541694784200772,-0.0581711319520788,0.0360866775831026,0.0109736995013087,0.0755954934750278,-0.074027454388426,-0.143747570299535,-0.083192484311307,-0.039607204021704,0.215637626559809,-0.0204258321283463,0.0296192636420727,-0.0940593760278924,-0.0562312899558251,0.0961146242785264,0.11440742753763,0.102706987772268,0.13235884879032,0.0726421349669309,0.12915133330005,0.0876652305281388,0.0850059199534484,0.110900178370786,0.154870601565105,0.0360212485203732,0.127730421997324,0.147926210012313,0.157707799621758,0.205961899540351
"Gas_duration_year",0.0927549157281055,0.293535547710031,0.227670267631136,0.0539501714853976,0.205130053613285,0.23977411303246,0.172557533744937,0.301867754107673,1,0.675144478232524,0.297099718002192,0.207319743415301,0.150434514277013,0.201841293828299,0.0354043376309308,0.1305212188057,-0.113593225889819,0.0647659011908032,0.096855039570754,0.255839692425484,-0.102585057765268,0.296199298035222,0.338341694299808,-0.000607985863639551,0.00871810511207675,0.0525262233700027,0.0205341016321678,0.267863091783045,-0.0712363315977579,0.0402096912264001,0.052299948517716,0.00248517803259283,-0.0280335713303862,0.0414463015842503,0.00758446818045156,0.112948523260698,0.15958871524211,0.105857633698508,0.0891553611340885,0.00595425449560329,-0.00412792573973911,-0.0192303760992489,-0.148508419467914,0.0607066386488225,-0.0617904052216789,0.0487836248718516,-0.0540533536549115,0.0623762493016836,-0.125686785468027,0.0657445221510077,0.0727046758109903,0.105502831177052,0.00712984209962548,0.0280398165301331,-0.0750106909746383,-0.0566023019664917,0.233459023931162,0.221186906858336,0.158160075193038,0.254463270069323,0.150388740746873,0.264231711977794,0.161367685239823,0.231863134442459,0.178985606581257,0.277624654939784,0.142037414760585,-0.0165188801063939,0.0354067620759215,0.346728974140866,0.213518251591206
"Gas_logCurrent_MW",0.2232317246742,0.137230906758123,0.13644894925843,0.062376420091612,0.119731297955841,0.134694764852908,0.0824353007648716,0.350094649759898,0.675144478232524,1,0.154595056394963,0.172274002660782,0.101681476489319,0.253798252946545,0.235997337543147,0.214267791579729,-0.190701807381575,0.21054994101874,0.130293757712733,0.46548536053516,-0.218099601965634,0.345214073548603,0.221205910332615,0.0235184899325525,0.0459991523968002,0.0569150602797121,0.0131212172389311,0.328152884972954,-0.15696448308873,-0.0682063982435917,0.0241001138934972,0.012130072444692,0.00423892136415714,-0.0512494808415018,0.118997259823893,0.0497288818071599,0.219011947416475,0.134334412694812,0.126005509065757,0.0240933726137223,0.066295108094944,0.0523940811187998,-0.264567264860328,-0.198959351979138,-0.0622482490656688,0.0873424046061062,-0.0465179897059563,-0.0154204671769103,-0.136864497737508,-0.131743757831858,0.0652101798549148,0.108090459250823,-0.0185400121829802,-0.0550027122396338,0.0324025551177897,0.0553946849960756,0.17577332124649,0.19179233307585,0.105584887110224,0.222294088239664,0.0844488803473805,0.209212026723505,0.105729077504134,0.219951889554046,0.172298910975681,0.223630101742132,0.0870911928201042,-0.104513712553534,0.0260255008062787,0.226138387857433,0.22341365050671
"Coal_Gen_Decline_Perc",0.00465525293903037,0.469369647411852,0.67442346398136,0.187388486193645,0.476623188513512,0.738105227320934,0.263374219381222,0.0979469133280791,0.297099718002192,0.154595056394963,1,0.384993664758391,0.482419415100118,0.299823720667889,-0.0501504848708043,-0.0648723603406952,-0.0244474617627203,-0.159722187854424,-0.0982485241501524,-0.144978287111103,-0.0139482317639995,0.282597391664499,-0.0190347206946378,0.100187025854698,-0.0100848997768208,-0.00795455693085039,0.00725493093611056,-0.0630558370437833,-0.167023189991997,-0.00304708340590531,0.056077467001537,-0.0660557217132268,-0.150113987174889,-0.0378169790176833,0.0512451134306714,0.233744297734142,0.217021599164022,0.0137713018702534,0.0677094134229537,-0.0475858310241396,0.134158498660574,0.149174334342985,-0.26482569396282,-0.0331700696914124,-0.135943724103281,0.0378370629828087,-0.263164199713663,-0.0317819362712515,-0.0418513697184506,0.113300627690972,0.162473084179751,-0.023808464231521,0.0149836371664812,-0.0232974210178591,-0.0152687504317884,0.00457023502438969,0.207565716519074,0.288837675969783,0.245313665808589,0.237893905579835,0.208668917445585,0.447060978200177,0.166740206293574,0.163558882841927,0.386691617139528,0.361110652968689,0.110033347899467,-0.0728075334559129,-0.0703581011198098,0.453860692263476,0.43292347129533
"Gas_Gen_Decline_Perc",0.0141328893421989,0.311240711332928,0.229440579093867,0.115249422538274,0.272029719641991,0.297678047705849,0.23719327343325,0.00995347878450499,0.207319743415301,0.172274002660782,0.384993664758391,1,0.178903442322505,0.0354064617812168,0.0371969899360576,0.0602789066159168,0.00260148056885046,-0.119047120553217,-0.0449677195291337,-0.102154476869593,0.0466115345793902,0.10056880437177,0.0636567984331924,0.0618716585440885,-0.00661774490415539,0.00208711577303471,0.0243320472346076,0.0838061291732797,-0.0743842709412888,0.0028557952352634,-0.0155975880428027,-0.0446225411855413,-0.043178424719326,0.000545871092308649,-0.0283468296361548,0.109885889790138,0.0579318729747642,-0.0251514642949477,0.0573693123457699,-0.0301518092679906,0.100545731663225,0.0677216532964632,-0.169352580222235,-0.0208578416950344,-0.0807759452326996,0.0219794503263795,-0.102998047009211,0.08226231853638,-0.0128223950788024,0.0604708946955965,0.116755328626392,-0.0209589773636129,0.0617595164226351,0.0317162870634284,0.0973249288124534,0.102521613928617,0.146639506631758,0.132801638216711,0.156862036045682,0.206147446519781,0.106955694559969,0.167386142619587,0.113829278601081,0.144356863302119,0.154128073883242,0.245904333526663,0.162189410803095,-0.0453611473409887,-0.0139485961172081,0.309647512226804,0.106485805266918
"Share_VRE_Gen",0.0364573199408272,0.269810576182963,0.411417628153112,0.137846074377608,0.340724680814296,0.444841794509327,0.123984404411232,0.0552622404241114,0.150434514277013,0.101681476489319,0.482419415100118,0.178903442322505,1,0.283136307739213,-0.00711013823911201,-0.0461023210877403,-0.0435759516050752,-0.169193832535789,-0.108456956765919,-0.103300546172482,-0.0182703297813482,0.266927928528092,-0.0458910913963355,0.0905179927787053,0.0327973856689585,0.0258644718640263,-0.00602195752576627,-0.117918674855292,-0.127957378215679,0.0291915442266514,0.0421884272982939,-0.0868991155405444,-0.0765780376933538,-0.00808756850025783,0.0375699378066201,0.0724080450045966,0.141625259363036,-0.0444267318720122,-0.0377104736774744,0.0144261465062615,0.113641329348621,0.103550827565572,-0.102528902187934,-0.0948043185876282,-0.158575748027589,-0.0631150631634129,-0.193902178644646,0.00992702398169263,0.00632104531870322,0.0555422150995601,0.125647528993762,-0.0353051123372623,-0.0160785552062993,0.00781792411722047,0.0209783109208319,0.0430788990584088,0.220279196547317,0.190011509954675,0.22517302569812,0.248876896002185,0.215788845327482,0.384152119003601,0.193031961804921,0.158845348122813,0.355280474105187,0.465955391477334,0.273612990016198,-0.103669944352146,-0.0921693209458088,0.320462320076592,0.35118488702226
"GDPpc_2015.",0.0596842450178954,0.149868598630143,0.302474415086785,0.124132847274085,0.214787211779872,0.316977956299431,0.0592793184475642,0.216525984316373,0.201841293828299,0.253798252946545,0.299823720667889,0.0354064617812168,0.283136307739213,1,-0.109476186630636,-0.0782690495171071,-0.128500942700605,-0.00318526150702353,-0.0464552108772559,0.0539912749058637,-0.0609998693627188,0.819397683331056,-0.0182315288811326,0.0115378372146832,-0.00144658455627562,0.00535405117401182,-0.0417825567741423,-0.0753451546530892,-0.10256364209043,0.00130934530449668,0.122798609936926,-0.00418482115198746,-0.0378772020546473,-0.0313153763163072,0.0614438911253211,-0.0134147793569377,0.22345045816877,0.07865276043961,0.0233700679073331,-0.035277632466453,-0.0717149976501251,-0.0383265146234354,-0.299614444912819,-0.253893628920708,-0.090104792082767,0.0225866343463774,-0.214982685526235,-0.1196001130681,-0.0562171734527032,-0.127113519489986,0.124993648810778,0.062080333528283,0.026514525044642,-0.0192525074692377,-0.0895590374108805,-0.0469225039754272,0.175744294574966,0.147048533058577,0.195747395185453,0.322156761377581,0.152607898114294,0.482555430436076,0.197278513694031,0.200553944144019,0.751067655476059,0.163938606261121,0.0110919224022028,-0.116944073367302,-0.0944637167701687,0.507519493078873,0.697943103918569
"Population",0.739130549483862,0.258081729519794,-0.00568913142385487,0.027660325483894,-0.0215787834219171,-0.0489613964523285,0.335126446445188,0.224766309225476,0.0354043376309308,0.235997337543147,-0.0501504848708043,0.0371969899360576,-0.00711013823911201,-0.109476186630636,1,0.18738035278649,0.13213096071508,-0.0745829310424833,-0.0489230942580936,-0.102058678258512,0.286192043207167,-0.192251690119555,0.152894193739465,-0.00144748357848226,0.272847383648607,0.206439002585593,0.000693197888099523,0.349167324331002,-0.0886108856874417,-0.0919706447911358,-0.0373110757000732,0.00298004136028837,0.0158992975047208,-0.109278201762563,0.102105663577802,0.156787868565145,0.127896480349664,0.0589996948029476,0.152329824390268,-0.0574081184940647,0.175081397271422,0.17196136554568,-0.150127837741954,-0.0644710884533212,0.00327962793458949,0.0409372865684275,0.0907814450432627,-0.0981184248377426,-0.0723790323698623,0.0189618180677668,0.0521375077295046,0.115441921272694,-0.00770435623598347,-0.0491727502547365,0.254403927183194,0.256699248978539,0.122343576545913,0.0199888620683019,0.121503804391196,0.00830859275452758,0.0594129979454484,-0.0937685510558311,0.0611239997649335,0.0680395500832509,-0.0662591804756974,0.0471014311097773,0.0500787747860677,0.0812372830069204,0.11121879946774,-0.0965056841069543,-0.0465084722756098
"WDI_Manu_GDP_.",0.180081220890169,0.140595319807017,-0.0204280103063151,0.073338986827522,-0.0640538500240883,-0.0532393297635213,0.260066480141522,0.00807942380211068,0.1305212188057,0.214267791579729,-0.0648723603406952,0.0602789066159168,-0.0461023210877403,-0.0782690495171071,0.18738035278649,1,-0.0605182319821854,-0.232037827008999,0.0895202137706989,0.101835749723321,0.0839805269105539,-0.0151056335153459,0.0693373777776862,-0.0134689388655266,0.0609097958735687,0.0444018841615112,0.0645125829890857,0.197672729102064,0.0325782590965889,-0.0496522396194165,-0.00472642419266148,0.00123795911173595,-0.0317579410838393,0.0910374654381309,0.0585008243983013,0.0336026895411063,0.137402736553084,0.0159268683364168,0.106928913122987,0.0128585027452761,0.109774702768096,0.0734493214830446,-0.165235299752927,-0.0743196197375307,0.0120571946309851,0.0465065308877939,-0.0564528549315475,-0.0899711445808437,-0.0183012015060789,0.00427951088381299,0.12704779687439,0.0505565002422142,0.0862533149182921,0.00521208977047589,0.179748665019124,0.170069621328905,0.136455971717696,0.032341822825592,0.0275534679471819,-0.120687822424089,0.0161768754083922,-0.0141033856954434,0.0634807805932605,0.0347102674202741,0.131775477204004,0.0415952993205392,-0.0323288390217287,-0.0902298835800601,0.0255100970552118,0.111444967350321,-0.0363318943061863
"WDI_CoalRents_.",0.114461913283016,0.166828207535585,-0.0426149557061,-0.0134979110654728,-0.034919406383364,-0.0510338386075798,0.183544099640662,-0.0018572192687374,-0.113593225889819,-0.190701807381575,-0.0244474617627203,0.00260148056885046,-0.0435759516050752,-0.128500942700605,0.13213096071508,-0.0605182319821854,1,-0.0548348171418847,-0.0367082933517049,-0.180855293504366,0.388277891841498,-0.149752215793511,0.0507511197495833,-0.00153203503306551,0.0425701592186597,0.0374524869224443,0.0226852907148908,0.0703826522573341,-0.0231888008694447,0.0884055509851905,0.0095528118980451,-0.0205669856370819,-0.0215578887674524,0.0451588762528677,-0.0208134772670705,0.0613411882759815,0.0010580307536245,-0.000247754923598247,0.0239654402525127,0.00428966374156987,0.039151182857552,0.0284784301584237,0.0707417194471072,0.176756496561022,0.0335078550605183,-0.0159083983691607,0.0811065352843696,0.177092653082716,0.0232260442983296,0.124889487490185,-0.0130944231550455,-0.0050235838303723,0.0792410472814175,0.327813134808944,-0.112104135485151,-0.135013640079224,-0.0149511121257557,0.0378715127440808,0.0952195249396659,0.0193061390455277,0.101744631842959,-0.0755008852501426,0.0556037978862798,0.028187859861053,-0.0629151389759129,0.0378407034794934,0.0814619372708093,0.136109126141591,0.00887552348942298,-0.0878791393308955,-0.0890099092782948
"WDI_OilRents_.",-0.0779883495630105,-0.384254703073753,-0.107058810665951,-0.0279244592615337,-0.0943483229013375,-0.114851985843647,-0.459802467369447,0.00120074945931642,0.0647659011908032,0.21054994101874,-0.159722187854424,-0.119047120553217,-0.169193832535789,-0.00318526150702353,-0.0745829310424833,-0.232037827008999,-0.0548348171418847,1,0.277612050051449,0.400966008622116,-0.28982291912345,0.0840554408770934,0.0267884151697855,-0.0107751921775953,-0.00355659912250065,-0.000679047545309953,-0.0356596616170534,-0.0207103351491651,-0.0248655251835607,-0.0846462456631393,-0.102647577624921,0.0161581780310871,0.00505857699530031,-0.0284883856170645,0.0395753161051386,-0.151004126051143,-0.066620274727165,-0.0190390265762713,0.0103180944753221,0.130245182942258,-0.183429935870295,-0.158821783766402,0.148203028599367,-0.0490559145096809,-0.0207543286776711,-0.0252733313035105,0.0621774902079232,0.0466400035763863,-0.0852266258886115,-0.186496233151222,-0.268981893590609,-0.0138562759930618,-0.147129862129153,-0.0344206435932503,-0.023604027784235,-0.0326292695144419,-0.330949436179262,-0.280270224766427,-0.30120217228792,-0.229328936198688,-0.292789024083902,-0.243472316256169,-0.29808110463516,-0.126780456503741,-0.366890139893093,-0.194072420896054,-0.161548944267595,-0.140612872707865,-0.13437779928398,-0.295079640336079,-0.218127408029392
"WDI_NGRents_.",-0.0451436287455983,-0.187732557152918,-0.0699964395821839,-0.0309280455160673,-0.0573144806389988,-0.0770153431712188,-0.210722554868219,-4.45176493878953e-05,0.096855039570754,0.130293757712733,-0.0982485241501524,-0.0449677195291337,-0.108456956765919,-0.0464552108772559,-0.0489230942580936,0.0895202137706989,-0.0367082933517049,0.277612050051449,1,0.434707823362386,-0.178593504053169,-0.0761272131877313,0.0634905843837488,-0.00774094699052912,-0.000560183145038779,0.00872995559526835,-0.00660671600215407,0.0300795568123537,-0.0958594679305459,-0.0826491323744329,-0.126255811284515,-0.0120480766187891,-0.0527598392186291,-0.0501953263471352,0.00183881503648716,-0.0950439548609354,0.0761964986382339,-0.0126399486919482,0.0571067682723003,0.0287719927496136,-0.223150521311022,-0.224540760308073,0.152755388461254,0.0578416831445517,0.074665693497045,-0.0116588357291147,0.0887029669657192,0.0270038350903883,-0.0879423408449121,-0.110420802688762,-0.201022463161283,0.00321112308106034,-0.107459759427135,-0.0427236771187175,-0.0337112819777076,-0.0453083092266681,-0.214695793962106,-0.164155263682862,-0.2350205522202,-0.161188266357312,-0.23535407144098,-0.158743890451465,-0.179851158316397,-0.146537214730746,-0.248355510788367,-0.110148611245745,0.0611411844322091,-0.105232831677664,-0.0769272764223405,-0.173440722084902,-0.133368062703268
"WDI_NG_El_.",-0.11964702888892,-0.419482557369443,-0.109886764536694,-0.0421997021264828,-0.0595364710653156,-0.112362888249364,-0.44728520533028,0.0666443359831156,0.255839692425484,0.46548536053516,-0.144978287111103,-0.102154476869593,-0.103300546172482,0.0539912749058637,-0.102058678258512,0.101835749723321,-0.180855293504366,0.400966008622116,0.434707823362386,1,-0.45773294084689,0.120084422381915,0.0334090552277647,-0.00289346621472599,-0.0217276838125422,-0.0114870603356488,-0.0625797959929418,0.00321754414025087,-0.0248879185555907,-0.0375338860600934,-0.0173965857436705,-0.0403766243100534,0.122171061920041,0.0536431205926753,-0.04958304542287,-0.200632763127749,-0.0108358835497111,-0.0450439173871672,0.0325327820787558,0.0743854342901199,-0.155384549842736,-0.140817776107048,0.144118422448529,-0.0870906711205521,0.0146676345450314,-0.064991661740098,0.187123179897567,0.0125148672714718,-0.0607131417304674,-0.18139900577419,-0.191570276612053,-0.0434855818375597,-0.0441954866096299,-0.0410845141968512,0.00134918088716174,0.0050041981999972,-0.12796509127889,-0.178363083992802,-0.220528665283553,-0.0750154237766786,-0.157564353201249,-0.184896357765328,-0.0386594015710425,0.0101185800691667,-0.235409811286138,-0.0634782067289668,0.0280111077334819,-0.0508945100203067,-0.0325434798980248,-0.222468240599144,-0.170387805201116
"WDI_Coal_El_.",0.294027595415407,0.551022503210046,-0.0814969786697744,-0.0250920023528627,-0.0475738145866732,-0.0972681142010204,0.666988624869859,0.0561881741033278,-0.102585057765268,-0.218099601965634,-0.0139482317639995,0.0466115345793902,-0.0182703297813482,-0.0609998693627188,0.286192043207167,0.0839805269105539,0.388277891841498,-0.28982291912345,-0.178593504053169,-0.45773294084689,1,-0.00911264130724732,0.0362029721616018,-0.0154101287510819,0.0819255687497052,0.0722558196001098,0.096555341869447,0.128308931836473,0.0190715720812779,-0.0006566301245903,0.0340837174168854,-0.0513639322576918,-0.178505433775989,-0.0591269529087135,0.0747529393506272,0.142490555803895,0.0730869414207587,0.00581283052823921,0.0282517644890066,0.0364542375705264,0.140433298899208,0.135230884333036,-0.172005936937701,0.0427191094731727,0.0473399458392584,-0.0371028960823711,-0.119002788925205,-0.00228311637861741,0.00575466493779176,0.20197079472501,0.147179246288397,0.0802333140259577,0.0721973847859359,0.218823926113865,-0.0387878329369671,-0.0506116180764865,0.0310778490415935,0.130739081039576,0.184434265275208,0.049287532878418,0.0762338387734028,0.0718146868095419,0.0776455671940959,0.0386555611313631,0.213098198885363,0.00642070999516148,0.0581589769190405,0.0613442667128163,0.0538515398342107,0.0884715326821855,0.0393262440337857
"logGDPpc",0.0235588983151348,0.198667318881919,0.262356412000278,0.109688811932468,0.204668054762274,0.282896794409674,0.0819401102175135,0.177625792254958,0.296199298035222,0.345214073548603,0.282597391664499,0.10056880437177,0.266927928528092,0.819397683331056,-0.192251690119555,-0.0151056335153459,-0.149752215793511,0.0840554408770934,-0.0761272131877313,0.120084422381915,-0.00911264130724732,1,0.0100835842616852,0.0192329376895214,-0.00713460299046216,0.00799590665614229,-0.0321356053794349,-0.135777177033269,-0.0957689001914374,0.0062566252578671,0.0739709063743294,-0.0293774473748452,-0.0866492885406416,-0.020024414774935,0.0953627667970906,0.0156593921827702,0.225666924585912,0.061880901965644,0.0949683723738065,-0.0315360910007839,-0.0026735287682746,0.0254607526344025,-0.308672810835245,-0.254007580030001,-0.134696214521858,0.0347570512069193,-0.250310439521983,-0.0123534863610834,-0.0533825186404395,-0.102305376363929,0.146250477850214,0.0662556792578882,0.0623504554273644,-0.016756206735371,-0.0370456903899985,0.00167357079443738,0.128436928156115,0.22508696217325,0.191860895332786,0.332994324507193,0.179271229084333,0.480970541306466,0.228089634543027,0.206041297403873,0.755792313901241,0.179948987470329,0.0130809241526156,-0.231072551279683,-0.161810196234566,0.534048941445516,0.528796953074189
"BP_GasReserve_tM3",0.218925168507457,0.208911538020294,-0.00346170287356914,0.00149433992368725,0.0172135906004558,-0.0111689014315996,0.187107572918769,0.395718276333767,0.338341694299808,0.221205910332615,-0.0190347206946378,0.0636567984331924,-0.0458910913963355,-0.0182315288811326,0.152894193739465,0.0693373777776862,0.0507511197495833,0.0267884151697855,0.0634905843837488,0.0334090552277647,0.0362029721616018,0.0100835842616852,1,-0.0014943885173792,0.0701757683426097,0.090495772775485,0.0258543572659759,0.354768037489613,0.0377710856863015,0.138306984755651,0.0586980539964404,0.0440239315049896,0.0960922178660498,-0.0348973685108217,-0.122639298966773,0.0289413796165389,0.023153391816435,0.0563212485083793,0.0034888737332451,-0.0152945370377581,-0.262627223470364,-0.354263805073085,0.0837453012838449,0.166885514234638,0.100748807828861,0.0504316275453773,0.0984979774964891,-0.0437616288731375,-0.153087970000044,-0.0208659743953877,-0.0587511333945088,0.0823144602977578,-0.0739923254676608,0.0077813504555595,-0.204071763834976,-0.200446066610753,0.112532051881081,0.0161298659170917,0.0256864452295632,0.0279761432106052,0.0229133754508922,-0.025937055428386,-0.0237159009487215,0.0249708732967717,-0.0292724762847257,0.0129434168582218,-0.0471875450798439,-0.0442341705467911,-0.0254660444213063,0.160195502442479,0.00355583916631759
"BP_GasProduction_bM3",-0.00225813661386477,0.0373402332537614,0.0941080094538094,0.0202384458587401,0.0307334910329054,0.0890659115702429,0.0186822649104196,0.00987608440823796,-0.000607985863639551,0.0235184899325525,0.100187025854698,0.0618716585440885,0.0905179927787053,0.0115378372146832,-0.00144748357848226,-0.0134689388655266,-0.00153203503306551,-0.0107751921775953,-0.00774094699052912,-0.00289346621472599,-0.0154101287510819,0.0192329376895214,-0.0014943885173792,1,-0.00077433562440244,-0.000689220519263635,0.156835938364463,-0.0130146257600531,-0.0398981265006082,-0.0119867853011301,-0.000865503609075728,-0.00664436866552612,-0.0179147222273602,-0.0100808052035978,-0.00029118656831385,0.0298722027472279,0.0152169246446378,-0.00471269683415064,-0.022503173434093,-0.00624333640926312,0.0155222404130615,0.020102276472068,-0.0263451024095969,-0.0153555127219224,-0.0261112322007456,-0.00586222675740117,-0.0156473621582374,-0.0087857189878715,-0.0144718720837828,-0.0183336389033787,0.00641741659980288,-0.00462127540179839,-0.0248631312053258,-0.00560274791069713,0.000835931377772576,0.000757238666961535,0.0149193048090676,0.0220105505793482,0.0181190772122705,0.0241711748340486,0.0144071537131082,0.0344127288292593,0.0116322988604405,0.0130660851392217,0.0246147543166934,0.0934324097075711,0.0316725690409085,-0.0162909731645073,-0.0150487201163933,0.030406225966342,0.0436300551917754
"BP_CoalProduction_mTon",0.343480888559821,0.0561377470252707,0.0136633229187345,0.0323838010073033,-0.00150371315069123,-0.00811469552844999,0.0703915519144899,0.0782992065650701,0.00871810511207675,0.0459991523968002,-0.0100848997768208,-0.00661774490415539,0.0327973856689585,-0.00144658455627562,0.272847383648607,0.0609097958735687,0.0425701592186597,-0.00355659912250065,-0.000560183145038779,-0.0217276838125422,0.0819255687497052,-0.00713460299046216,0.0701757683426097,-0.00077433562440244,1,0.847431643615021,-0.000839345611500595,0.067154577120301,-0.0302631234952953,-0.0113491975653886,-0.00828922885104278,0.00560230428434865,-0.00523355548630183,0.0038592115318133,0.0258219770650875,0.0427252173770101,0.0233863016876171,0.0238655845714471,0.0323558838913208,0.00222680107437383,0.0781585315068724,0.0808671411903448,-0.0302507307335099,0.015409830433091,-0.00339159541454138,-0.000741025606059702,0.0189383557586913,0.00469136372611788,-0.0341829281520656,-0.0179023448274414,-0.0261387848575582,0.050134540108514,-0.0242638690810767,0.00519106581915179,0.0676850936689744,0.0715735309184155,0.0214959786602836,-0.021367059795223,0.0254645825596484,-0.0208004265602102,0.0194839654252136,-0.0135026458248867,0.0143831524971941,0.016871936308674,-0.00293538746288886,0.0126928171114193,0.028950744864215,0.0352948153691632,0.0394855860901771,-0.0128374153976191,-0.0072887144989554
"BP_CoalReserve_mTon",0.26436891509987,0.0741271974469872,0.0183154084421738,0.0235316849300691,0.0197020246428686,0.000314831282369728,0.072163490446092,0.111289042174735,0.0525262233700027,0.0569150602797121,-0.00795455693085039,0.00208711577303471,0.0258644718640263,0.00535405117401182,0.206439002585593,0.0444018841615112,0.0374524869224443,-0.000679047545309953,0.00872995559526835,-0.0114870603356488,0.0722558196001098,0.00799590665614229,0.090495772775485,-0.000689220519263635,0.847431643615021,1,0.0474807397261572,0.0682602546605448,-0.020085424401669,0.00756962766080042,0.00116563407911637,0.0177546037094329,0.00741613110143517,0.0144799169379809,0.0118965690890827,0.0358107228540825,0.0168367957436551,0.0309080443223998,0.0294233421369904,0.0120111804062609,0.0497823284622723,0.0494294510360516,-0.0178999164448637,0.0261054800431363,0.000332066111434551,0.0137102717162891,0.0225817673034073,0.0131311735440099,-0.0339584531044003,-0.00800482142677507,-0.0241845476804,0.0496923769567286,-0.0160374247502244,0.0145181072404203,0.0325372005913465,0.039313722143457,0.025527721994731,8.14354563084576e-05,0.0284778747356256,0.001624125953728,0.0223577325715252,-0.0141218008386851,0.0170677224073266,0.0189051628349723,0.00642461259889663,0.0201889535608922,0.0165238213444688,0.0178983765245284,0.0221487261376605,0.0118537644147085,-0.00489014865613865
"BP_CoalR2P_yr",0.00274184629077407,0.0938337887338252,0.00102526823327432,-0.00575384538112055,0.036967217734757,0.012114516183727,0.0850646569367212,0.0128768962513087,0.0205341016321678,0.0131212172389311,0.00725493093611056,0.0243320472346076,-0.00602195752576627,-0.0417825567741423,0.000693197888099523,0.0645125829890857,0.0226852907148908,-0.0356596616170534,-0.00660671600215407,-0.0625797959929418,0.096555341869447,-0.0321356053794349,0.0258543572659759,0.156835938364463,-0.000839345611500595,0.0474807397261572,1,0.0135872708498835,-0.0251032037065985,0.0384965873381916,0.0127235072918621,0.00993768815243554,-0.0123982950175344,0.0103761961044415,0.0182018592343653,0.0432152342140964,-0.000165862806123453,0.0122999237908221,0.0216662933689695,0.0961489550638231,0.0905902706553408,0.0605766467585892,-0.0413499596273992,0.0308274082954911,0.0143143323168591,0.0284093129006593,0.0115281089378237,0.0229197066825118,0.0421656558843214,0.0657824145093354,0.0131778822059153,0.0319985456703348,0.0224035956444848,0.0959498274219153,0.0818275016113948,0.104653943367113,-0.0621747686543351,-0.0288721981932751,-0.0484239381984446,-0.0255622208548972,-0.030025012395766,-0.0279104914882101,-0.0463734044680383,-0.0731288012559677,0.00684027430761367,-0.00844622611753263,-0.0215711670394346,-0.0295760078910745,-0.021864620424969,-0.0180383363197678,-0.0143682488966104
"LogBP_GasR2P_yr",0.237260663472066,0.186837215166776,-0.0580134035785714,-0.0209972619437793,-0.0558049077783331,-0.089238296045517,0.282222589861144,0.157179249029589,0.267863091783045,0.328152884972954,-0.0630558370437833,0.0838061291732797,-0.117918674855292,-0.0753451546530892,0.349167324331002,0.197672729102064,0.0703826522573341,-0.0207103351491651,0.0300795568123537,0.00321754414025087,0.128308931836473,-0.135777177033269,0.354768037489613,-0.0130146257600531,0.067154577120301,0.0682602546605448,0.0135872708498835,1,0.0128914858623963,0.0251351570667421,0.0337935057845133,0.146342223292172,0.114450609959173,-0.0308107099430655,0.0173555204633868,0.0758215894723297,0.144581232977141,0.14706418065869,0.13062372883044,0.0141345177428285,-0.149084618453321,-0.145832967689403,-0.0840278280465237,0.090745810474254,0.0978154737799796,0.117612093691432,0.139019411039775,0.0217338449175434,-0.18264499106167,0.0056148812595278,0.0348935734643291,0.167214879019259,0.0240900572705672,0.048243966534344,-0.133660799211503,-0.147092265864328,0.219707900385877,0.141426993245046,0.0978919765673698,0.0820791638166561,0.0987428153289542,0.0508005800868014,0.056445460744825,0.129056186724486,-0.0693498468388233,0.0484835299661156,0.0059683081445818,0.0769192182611412,0.166122994649004,0.00245133793111871,-0.000936413354865425
"HHI_Gas_Import",-0.106552001247653,-0.14025149420719,-0.114121301896624,0.0250269662053362,-0.134697769037236,-0.123782017015653,-0.0941614256413852,-0.0437312284264905,-0.0712363315977579,-0.15696448308873,-0.167023189991997,-0.0743842709412888,-0.127957378215679,-0.10256364209043,-0.0886108856874417,0.0325782590965889,-0.0231888008694447,-0.0248655251835607,-0.0958594679305459,-0.0248879185555907,0.0190715720812779,-0.0957689001914374,0.0377710856863015,-0.0398981265006082,-0.0302631234952953,-0.020085424401669,-0.0251032037065985,0.0128914858623963,1,0.264150415209627,0.257700649096376,0.125736217975699,0.316880500266131,0.169627825413979,-0.142434774012328,-0.0776959143620746,-0.187089727824755,-0.0136488340271796,-0.094684705676969,-0.0304095211559872,-0.215448852875205,-0.158282653423828,0.107982217611489,0.109485433569941,0.0117573115980052,0.014698111871927,0.0986865788593502,0.0197595155514361,0.0426539792553119,-0.00104719507832218,-0.0261168021700449,0.0222236506663419,0.0536544786208764,0.0296746600655401,-0.192674254140873,-0.205238026899437,-0.00607561235943163,-0.0818546522120305,-0.0637114470861509,-0.0769571963075642,0.0417200167304704,-0.151514793884154,0.0383041948063614,-0.00237118288188496,-0.0541594437071303,-0.192529540040055,-0.0728492099331626,0.00831279054254613,-0.0200316163713237,-0.0970534587965763,-0.163157017662801
"contiguity_Gas_Import",-0.0170537073821243,0.0341114219813787,0.0477815722775119,0.0619145018963069,-0.0413787452447816,0.0229340086046004,0.00480985726029323,0.106568820204021,0.0402096912264001,-0.0682063982435917,-0.00304708340590531,0.0028557952352634,0.0291915442266514,0.00130934530449668,-0.0919706447911358,-0.0496522396194165,0.0884055509851905,-0.0846462456631393,-0.0826491323744329,-0.0375338860600934,-0.0006566301245903,0.0062566252578671,0.138306984755651,-0.0119867853011301,-0.0113491975653886,0.00756962766080042,0.0384965873381916,0.0251351570667421,0.264150415209627,1,0.299976711661313,0.0251555893493381,0.377193439079337,0.290085357477262,-0.0726057967252162,0.163104061328872,-0.040126884053062,0.0767092693880232,0.0134664225998404,0.0592725100479698,-0.0684583230317391,-0.0473214701165627,0.130041403214994,0.334745682721968,0.0631048537903815,0.0716272865393161,0.196705525728858,0.267297963568648,0.0747942008182308,0.154194398079191,0.0511817102000063,0.0777608461955756,0.114355237191007,0.136046707481492,-0.0517156380644228,-0.0527929246559387,0.0620718065084573,0.0072891907714431,0.00700845444587407,-0.0614170373538196,0.0674145200303109,-0.0104157660789716,0.103280019211189,0.0297241000768308,0.0564830731143222,0.0124063784403875,-0.00709987358574821,0.0565816751904459,0.0196296512072232,0.0316966499428165,-0.0416938598867652
"agree_Gas_Import",-0.00380882082756067,0.109599690396582,0.0523789268779393,0.0399916579854166,0.0306658884673082,0.0496472749895401,0.109460756013065,0.0654219024181217,0.052299948517716,0.0241001138934972,0.056077467001537,-0.0155975880428027,0.0421884272982939,0.122798609936926,-0.0373110757000732,-0.00472642419266148,0.0095528118980451,-0.102647577624921,-0.126255811284515,-0.0173965857436705,0.0340837174168854,0.0739709063743294,0.0586980539964404,-0.000865503609075728,-0.00828922885104278,0.00116563407911637,0.0127235072918621,0.0337935057845133,0.257700649096376,0.299976711661313,1,-0.0152714101778299,0.267551192331063,-3.17398764557782e-05,-0.0991613538828661,0.00635801208474081,0.00354338547837629,0.0339683242456319,-0.0725101940091247,-0.0132879286122969,-0.00767014618648196,0.0103941311863757,-0.109733707519286,0.0170528548987821,0.217660064595993,0.00674161355394534,0.0121673029880538,-0.0816707589693631,0.0351101168351745,0.0639882269602857,0.143977516890276,0.0379352454002155,0.0706853404989383,0.0635036206725261,-0.0408465498867983,-0.0292398025524162,0.146957434778924,0.0827898744634917,0.104302694832332,0.082547597274235,0.135774222964239,0.0483890720705834,0.139487986011044,0.127461218384024,0.137914041632349,0.0968952369965831,0.0403619491588374,0.0790990642471954,0.0795354454232105,0.0322623900875023,0.157156957742623
"sanction_Gas_Import",0.0442175429678076,-0.0683760323470661,-0.0456181692283351,-0.0131503071886393,-0.0476998106647702,-0.055530603075595,-0.0186304545129472,0.114055340354642,0.00248517803259283,0.012130072444692,-0.0660557217132268,-0.0446225411855413,-0.0868991155405444,-0.00418482115198746,0.00298004136028837,0.00123795911173595,-0.0205669856370819,0.0161581780310871,-0.0120480766187891,-0.0403766243100534,-0.0513639322576918,-0.0293774473748452,0.0440239315049896,-0.00664436866552612,0.00560230428434865,0.0177546037094329,0.00993768815243554,0.146342223292172,0.125736217975699,0.0251555893493381,-0.0152714101778299,1,0.162570850311781,0.0255021409716616,0.0334385506583291,0.0191896304261877,-0.0723888703999666,0.269633184473014,0.0288720328768514,-0.0333696830347969,-0.0190891445018654,-0.0317981169205094,0.0880859905001969,0.0571187236107673,0.0329151483114099,0.267986839644588,0.0802769956200816,0.0185326220536726,-0.0581621187593283,-0.0679516823673831,-0.0966560439933405,0.228373663862343,-0.0184702411425347,-0.00783283547458269,-0.0802853709196019,-0.0629483320128681,0.0460344086009638,0.0127453976527413,-0.0389678182969697,0.0158778037228612,-0.000802839162909733,-0.0456984321898299,-0.0249622183215283,-0.0749647730176696,-0.0433588528430948,-0.118772747649656,-0.110900124051024,-0.0268232769313254,-0.0220644064089818,-0.0527193977041322,-0.0196010849179285
"common_language_Gas_Import",-0.0296915212366329,-0.206088874182715,-0.0679896158140108,0.017130423955402,-0.0542526015614155,-0.0773124871004079,-0.158347350908623,0.0529867968046298,-0.0280335713303862,0.00423892136415714,-0.150113987174889,-0.043178424719326,-0.0765780376933538,-0.0378772020546473,0.0158992975047208,-0.0317579410838393,-0.0215578887674524,0.00505857699530031,-0.0527598392186291,0.122171061920041,-0.178505433775989,-0.0866492885406416,0.0960922178660498,-0.0179147222273602,-0.00523355548630183,0.00741613110143517,-0.0123982950175344,0.114450609959173,0.316880500266131,0.377193439079337,0.267551192331063,0.162570850311781,1,0.261843067146677,-0.107484871508897,-0.144808911614943,-0.121244126373001,0.0464133325274045,0.0592172159631677,0.015976950158614,-0.118988445138964,-0.0948560593860189,0.255857235277096,0.167824261570724,0.102335970718971,0.0419233572459295,0.501669839229996,0.134688997249596,0.0500980060204854,-0.0740216001485507,-0.0648142790590265,0.00943351844276029,0.191949467722673,0.0945822042850333,-0.129453136799894,-0.130966054522266,0.0716868078728682,0.038603056977317,-0.0282075066069094,-0.0165481379745022,0.0520267472475516,-0.196919467128637,0.0636456906066172,0.0109287401073231,-0.114210600606015,-0.00500253737601711,0.050254170522729,0.131106657057691,0.110878024654909,-0.260184650310853,-0.194573408556326
"colony_Gas_Import",-0.0680268373037524,-0.156161459162771,-0.0487768823144518,-0.0335039423460273,-0.0355502714019966,-0.0512399464990818,-0.183712585436945,-0.085199395146478,0.0414463015842503,-0.0512494808415018,-0.0378169790176833,0.000545871092308649,-0.00808756850025783,-0.0313153763163072,-0.109278201762563,0.0910374654381309,0.0451588762528677,-0.0284883856170645,-0.0501953263471352,0.0536431205926753,-0.0591269529087135,-0.020024414774935,-0.0348973685108217,-0.0100808052035978,0.0038592115318133,0.0144799169379809,0.0103761961044415,-0.0308107099430655,0.169627825413979,0.290085357477262,-3.17398764557782e-05,0.0255021409716616,0.261843067146677,1,-0.0902192353765118,-0.0245618880566684,-0.128881631346775,-0.0352642003321945,-0.0595543823080876,0.209560878969604,-0.0127003975085996,0.0123261241498597,0.172075448295972,0.295304595122347,-0.0802118247954307,0.021653557281397,0.138767203355434,0.51619000115364,0.0238772169810047,0.0529170194479908,-0.0479869208869924,-0.0316691729895287,-0.0223841648316931,0.28987130687322,-0.00100500992371941,-0.00868883131991815,0.0128242039564634,-0.0156518634566263,0.0393253344888949,-0.0385371650187758,0.00324374610469541,0.0518708664983637,-0.0220904596680902,-0.0113736269025303,0.0190348078472722,-0.0579378352425303,0.014566352314042,-0.00673839735650011,-0.0593825314126042,0.129095190510488,-0.0349438288815345
"HHI_Gas_Export",0.0820207645402216,0.094782511260816,0.0254841888211137,-0.0163044504830528,-0.0310824784034255,0.0179284778819857,0.128846816359182,-0.0136132669934547,0.00758446818045156,0.118997259823893,0.0512451134306714,-0.0283468296361548,0.0375699378066201,0.0614438911253211,0.102105663577802,0.0585008243983013,-0.0208134772670705,0.0395753161051386,0.00183881503648716,-0.04958304542287,0.0747529393506272,0.0953627667970906,-0.122639298966773,-0.00029118656831385,0.0258219770650875,0.0118965690890827,0.0182018592343653,0.0173555204633868,-0.142434774012328,-0.0726057967252162,-0.0991613538828661,0.0334385506583291,-0.107484871508897,-0.0902192353765118,1,0.437053324021855,0.597563520468127,0.10523316036443,0.522703741870693,0.115698367655688,0.125451911829077,0.105251318232103,-0.120359210530169,-0.096993337136031,-0.0176367092277945,0.00718260366994934,-0.0615578466747968,-0.0733834379656618,0.0293537428709003,0.0191594742322848,0.0926087055693323,0.0592549400570969,0.0289446513530636,-0.0148968954184978,0.0773829628342178,0.0778998610152529,-0.000770040463809407,0.0541404306584611,-0.0388456512504788,0.0485792225194807,-0.000222109944097241,0.0773368732062737,-0.0221192485524167,-0.0178882467632585,0.076856157840041,-0.00422346631980887,0.0203359320636615,-0.0609156109121571,-0.0370022493958368,0.055851109898996,0.0917328645068706
"contiguity_Gas_Export",0.171351908462262,0.335269489942207,0.192477092375817,0.100220709536576,0.0834618848587214,0.173598794724688,0.261300626229636,0.0929898195954086,0.112948523260698,0.0497288818071599,0.233744297734142,0.109885889790138,0.0724080450045966,-0.0134147793569377,0.156787868565145,0.0336026895411063,0.0613411882759815,-0.151004126051143,-0.0950439548609354,-0.200632763127749,0.142490555803895,0.0156593921827702,0.0289413796165389,0.0298722027472279,0.0427252173770101,0.0358107228540825,0.0432152342140964,0.0758215894723297,-0.0776959143620746,0.163104061328872,0.00635801208474081,0.0191896304261877,-0.144808911614943,-0.0245618880566684,0.437053324021855,1,0.530398628230379,0.134897801845188,0.461550622183852,0.0515812965264529,0.120160241820443,0.113183135787044,-0.165666110600169,0.146214534189738,-0.00902343555005249,0.037443847761019,-0.126220635348741,-0.0342041553165274,-0.0189852792056369,0.280539215031113,0.198247807344203,0.0795166770474987,0.0307407494981927,0.0457637105076709,0.0646832974188765,0.0653772272619222,0.0704617279536697,0.0729281036144265,0.103180208432237,0.101621460365176,0.142202786667782,0.182588763173687,0.0858567517398071,0.0220185075932385,0.124812473516504,0.16037265361176,0.0766240287379262,-0.103829317563022,-0.120900705983071,0.174229328046556,0.13058862464307
"agree_Gas_Export",0.105908601506229,0.273487836600827,0.169971810119797,0.0449543402191299,0.132720421246897,0.181294594853511,0.232414657005928,0.0866266975519031,0.15958871524211,0.219011947416475,0.217021599164022,0.0579318729747642,0.141625259363036,0.22345045816877,0.127896480349664,0.137402736553084,0.0010580307536245,-0.066620274727165,0.0761964986382339,-0.0108358835497111,0.0730869414207587,0.225666924585912,0.023153391816435,0.0152169246446378,0.0233863016876171,0.0168367957436551,-0.000165862806123453,0.144581232977141,-0.187089727824755,-0.040126884053062,0.00354338547837629,-0.0723888703999666,-0.121244126373001,-0.128881631346775,0.597563520468127,0.530398628230379,1,0.0766957180532966,0.552125799288245,0.060803430394686,0.0439573596443865,0.0207360925693848,-0.223346306469205,-0.0666197616296103,-0.0189442170494394,0.0137052598923695,-0.102278520214847,-0.128135995590079,-0.041083939259406,0.0885356661156481,0.29026942234462,0.0465599035095059,0.0782953734263638,-0.0260403923458926,0.0475779274272773,0.0418939306386261,0.16374104984887,0.172373744492842,0.152603914708981,0.167543926611417,0.144889181950129,0.282262771918313,0.153984953810895,0.0926443279537051,0.248329493981371,0.222416351500615,0.173460916005176,-0.142616719071771,-0.0922758066762998,0.210402580245435,0.267254228597163
"sanction_Gas_Export",0.15456823134722,0.0890062898751995,0.000442693107066223,-0.00730076176200672,-0.0213498770499941,0.00127502084650706,0.141931607771497,0.199870200872005,0.105857633698508,0.134334412694812,0.0137713018702534,-0.0251514642949477,-0.0444267318720122,0.07865276043961,0.0589996948029476,0.0159268683364168,-0.000247754923598247,-0.0190390265762713,-0.0126399486919482,-0.0450439173871672,0.00581283052823921,0.061880901965644,0.0563212485083793,-0.00471269683415064,0.0238655845714471,0.0309080443223998,0.0122999237908221,0.14706418065869,-0.0136488340271796,0.0767092693880232,0.0339683242456319,0.269633184473014,0.0464133325274045,-0.0352642003321945,0.10523316036443,0.134897801845188,0.0766957180532966,1,0.0944707889326909,0.0387898060586508,0.0363489867265957,0.0363376276432915,-0.0406141860476835,-0.00152561210158634,0.00730035903385471,0.166518442244242,-0.0186896771658269,-0.0425539633581527,-0.0617850333829745,-0.00287448785684795,-0.0117385224636,0.511350115042316,0.0323096537745692,0.0159757442287271,-0.0223881894256189,-0.0127603680286435,0.0781209208812755,-0.0135306289320682,-0.0518663512780648,-0.0348410893883117,0.0187777145044756,0.0279364893340219,-0.00554030803428992,-0.083946612986027,0.0628817844350297,-0.0645686646694354,-0.10424539883061,0.0279248071343296,0.0309790139167836,0.0715070943546703,0.132502920253181
"common_language_Gas_Export",0.12298590049729,0.13736631415989,0.102070668663861,0.0740355305774229,0.0694769066984672,0.100740839106386,0.110236106908875,0.0752486151084862,0.0891553611340885,0.126005509065757,0.0677094134229537,0.0573693123457699,-0.0377104736774744,0.0233700679073331,0.152329824390268,0.106928913122987,0.0239654402525127,0.0103180944753221,0.0571067682723003,0.0325327820787558,0.0282517644890066,0.0949683723738065,0.0034888737332451,-0.022503173434093,0.0323558838913208,0.0294233421369904,0.0216662933689695,0.13062372883044,-0.094684705676969,0.0134664225998404,-0.0725101940091247,0.0288720328768514,0.0592172159631677,-0.0595543823080876,0.522703741870693,0.461550622183852,0.552125799288245,0.0944707889326909,1,0.137910694052356,0.0299492069624589,0.0251868585454057,-0.0848471914492926,-0.0463984693264253,0.00723183184284575,0.0565438449887969,0.0962361285865326,-0.070915596366238,-0.0267843751574692,0.0329239389033419,0.0729811425694117,0.0661191345284968,0.186727374947581,0.0465525588204068,0.0186630139367136,0.0262782271311474,0.0578708657276538,0.0304252608585882,0.0156320537094469,0.0132216249673834,0.0888865852334743,0.0331544305792872,0.0964818442737326,-0.0374544531026569,0.05582169753646,0.0549993084099075,0.0816183757227987,-0.0410549709779372,0.00354481872578619,-0.0314431249882673,0.0106509719175883
"colony_Gas_Export",-0.0404918783952893,-0.0261132273796273,-0.0135929034953817,-0.00882491741493502,-0.0281991180125783,-0.0182758935955059,-0.0544529272757938,-0.0291824918904999,0.00595425449560329,0.0240933726137223,-0.0475858310241396,-0.0301518092679906,0.0144261465062615,-0.035277632466453,-0.0574081184940647,0.0128585027452761,0.00428966374156987,0.130245182942258,0.0287719927496136,0.0743854342901199,0.0364542375705264,-0.0315360910007839,-0.0152945370377581,-0.00624333640926312,0.00222680107437383,0.0120111804062609,0.0961489550638231,0.0141345177428285,-0.0304095211559872,0.0592725100479698,-0.0132879286122969,-0.0333696830347969,0.015976950158614,0.209560878969604,0.115698367655688,0.0515812965264529,0.060803430394686,0.0387898060586508,0.137910694052356,1,-0.0132580225192591,-0.0147983577047945,0.055240792269894,0.0480838311830332,0.040801691537894,-0.0416591241464051,-0.000222423472460002,0.10039473623847,-0.0126809288480928,0.0253660925491175,-0.0781245722187008,0.016515269924799,0.00448554413372874,0.292301620666778,0.0120469672916353,0.00518630168523375,-0.0597934372640621,-0.0758237823434436,-0.0418596648315934,-0.122754000343422,-0.099314506652351,0.0011684276046886,-0.12136622060681,-0.122289852259366,-0.0916446408799111,0.0113299915299486,0.03044701104288,-0.0464215327016209,-0.0487568186278675,-0.0744081681642242,-0.0276612149671688
"NetValue_Gas_Import",0.264471918233088,0.251215455556546,0.0517306833804986,-0.0161192054080342,0.0978866987633723,0.049480583911825,0.24928055210065,0.131152470142937,-0.00412792573973911,0.066295108094944,0.134158498660574,0.100545731663225,0.113641329348621,-0.0717149976501251,0.175081397271422,0.109774702768096,0.039151182857552,-0.183429935870295,-0.223150521311022,-0.155384549842736,0.140433298899208,-0.0026735287682746,-0.262627223470364,0.0155222404130615,0.0781585315068724,0.0497823284622723,0.0905902706553408,-0.149084618453321,-0.215448852875205,-0.0684583230317391,-0.00767014618648196,-0.0190891445018654,-0.118988445138964,-0.0127003975085996,0.125451911829077,0.120160241820443,0.0439573596443865,0.0363489867265957,0.0299492069624589,-0.0132580225192591,1,0.777270775298783,-0.1587261990243,-0.0735788672339377,-0.0939983925442756,-0.0168842657564554,-0.11228076756489,0.0225859890511702,0.0777854109595277,0.0822762606257798,0.129042354333019,0.0411665543135037,0.0278273345527682,0.0348162207105023,0.49951658746637,0.473773334038796,-0.00579472640658945,0.0952880514548789,0.0946974578494227,0.0595292670698333,0.00181362415361616,0.112023388213849,0.0337798740304985,0.0214993976371255,0.0779240216050016,0.160870110922336,0.0192002923067551,0.10500459916011,0.0778318735402744,0.0903686728883429,0.124747291580872
"NetQuantity_Gas_Import",0.287299046950833,0.220491477219037,0.0469235205352466,-0.0162096209721621,0.0903201605188333,0.0485225695187787,0.219495071230868,0.138928746480769,-0.0192303760992489,0.0523940811187998,0.149174334342985,0.0677216532964632,0.103550827565572,-0.0383265146234354,0.17196136554568,0.0734493214830446,0.0284784301584237,-0.158821783766402,-0.224540760308073,-0.140817776107048,0.135230884333036,0.0254607526344025,-0.354263805073085,0.020102276472068,0.0808671411903448,0.0494294510360516,0.0605766467585892,-0.145832967689403,-0.158282653423828,-0.0473214701165627,0.0103941311863757,-0.0317981169205094,-0.0948560593860189,0.0123261241498597,0.105251318232103,0.113183135787044,0.0207360925693848,0.0363376276432915,0.0251868585454057,-0.0147983577047945,0.777270775298783,1,-0.16801211210414,-0.0801586674405151,-0.0810716896756129,-0.0655819209940727,-0.0971557669907149,0.0345486951962913,0.058711517599405,0.0715818722572754,0.106731789455974,0.0500978691954606,0.045738856752733,0.023098273114883,0.357674636830607,0.36886975769967,0.00994716792685028,0.0903396317641462,0.092213980990024,0.0546880736478191,0.0331038062233553,0.0889792861400099,0.0678232137009876,0.0593046849053334,0.0989043900035865,0.13754369963244,0.0304671037617094,0.0988543083194851,0.0783841050899441,0.0862956841730401,0.119997183455296
"HHI_Coal_Import",-0.13543109210727,-0.366860031585796,-0.196569971878882,-0.0635972396226182,-0.106810665116876,-0.191328129004176,-0.368233913755068,-0.0541694784200772,-0.148508419467914,-0.264567264860328,-0.26482569396282,-0.169352580222235,-0.102528902187934,-0.299614444912819,-0.150127837741954,-0.165235299752927,0.0707417194471072,0.148203028599367,0.152755388461254,0.144118422448529,-0.172005936937701,-0.308672810835245,0.0837453012838449,-0.0263451024095969,-0.0302507307335099,-0.0178999164448637,-0.0413499596273992,-0.0840278280465237,0.107982217611489,0.130041403214994,-0.109733707519286,0.0880859905001969,0.255857235277096,0.172075448295972,-0.120359210530169,-0.165666110600169,-0.223346306469205,-0.0406141860476835,-0.0848471914492926,0.055240792269894,-0.1587261990243,-0.16801211210414,1,0.378492742310466,0.125273623283586,-0.0537570379640567,0.423945637882355,0.263150332459009,-0.0413014463424921,-0.0655518817351984,-0.271590957194396,-0.0319905949935377,-0.0736357155378009,0.103010773522329,-0.110699550307584,-0.138087430225936,-0.175675096487014,-0.149621400884012,-0.208290278446277,-0.190518563250121,-0.142956366615553,-0.263550022538743,-0.113818638770494,-0.149320007605097,-0.419303225658022,-0.18399696275202,-0.0424846151738821,0.0699565165786381,-0.0020382821836793,-0.324084881319374,-0.390789472770013
"contiguity_Coal_Import",-0.0147543628353036,0.0372911925333748,-0.0151794920898519,0.0327097045891414,-0.0817404980521705,-0.0552024529964144,-0.015126674692034,-0.0581711319520788,0.0607066386488225,-0.198959351979138,-0.0331700696914124,-0.0208578416950344,-0.0948043185876282,-0.253893628920708,-0.0644710884533212,-0.0743196197375307,0.176756496561022,-0.0490559145096809,0.0578416831445517,-0.0870906711205521,0.0427191094731727,-0.254007580030001,0.166885514234638,-0.0153555127219224,0.015409830433091,0.0261054800431363,0.0308274082954911,0.090745810474254,0.109485433569941,0.334745682721968,0.0170528548987821,0.0571187236107673,0.167824261570724,0.295304595122347,-0.096993337136031,0.146214534189738,-0.0666197616296103,-0.00152561210158634,-0.0463984693264253,0.0480838311830332,-0.0735788672339377,-0.0801586674405151,0.378492742310466,1,0.195892049716555,-0.00324447200743132,0.315050653730103,0.448795975438205,-0.0266280828295954,0.212125613114662,-0.042963257293898,0.000629449973088889,-0.0570336800585123,0.175259992940996,-0.0406692140514748,-0.054227666967934,-0.0645468408686592,0.0112232158650262,-0.0339540680401574,-0.0951466919682686,-0.0964901827780601,-0.0161380559043968,-0.0365731115621406,-0.0545774700081779,-0.179184446400171,-0.0741506162959908,0.00221689161157922,0.0646739697910723,-0.0150216216125985,0.017785320749031,-0.206950634774219
"agree_Coal_Import",0.0108213661536585,0.00371357834059052,-0.123394913096797,0.00453756508635434,-0.0757244146535458,-0.130292665011626,0.054261732522028,0.0360866775831026,-0.0617904052216789,-0.0622482490656688,-0.135943724103281,-0.0807759452326996,-0.158575748027589,-0.090104792082767,0.00327962793458949,0.0120571946309851,0.0335078550605183,-0.0207543286776711,0.074665693497045,0.0146676345450314,0.0473399458392584,-0.134696214521858,0.100748807828861,-0.0261112322007456,-0.00339159541454138,0.000332066111434551,0.0143143323168591,0.0978154737799796,0.0117573115980052,0.0631048537903815,0.217660064595993,0.0329151483114099,0.102335970718971,-0.0802118247954307,-0.0176367092277945,-0.00902343555005249,-0.0189442170494394,0.00730035903385471,0.00723183184284575,0.040801691537894,-0.0939983925442756,-0.0810716896756129,0.125273623283586,0.195892049716555,1,-0.00441126643011351,0.23916365886424,-0.0370450624659962,-0.0575681869387894,-0.0442271853303718,-0.0283392660293979,0.0125399588206952,0.020595920049786,0.021541822155547,-0.0679772429285365,-0.0752112453214721,-0.00921875994249446,-0.0033834450182923,-0.0536981337348891,-0.0693142024843483,-0.0374420766711,-0.103328610318701,0.0100461617001059,0.0157088557341052,-0.108805663366963,-0.0251652249950606,0.0526861149350868,0.0917320115537447,0.0979820387831953,-0.149662882349039,-0.0965384515173536
"sanction_Coal_Import",0.00801579313018068,0.0515692050992201,0.0381940079324398,0.0905334121883214,-0.0101733859773547,0.0330163544037083,0.0705119774014351,0.0109736995013087,0.0487836248718516,0.0873424046061062,0.0378370629828087,0.0219794503263795,-0.0631150631634129,0.0225866343463774,0.0409372865684275,0.0465065308877939,-0.0159083983691607,-0.0252733313035105,-0.0116588357291147,-0.064991661740098,-0.0371028960823711,0.0347570512069193,0.0504316275453773,-0.00586222675740117,-0.000741025606059702,0.0137102717162891,0.0284093129006593,0.117612093691432,0.014698111871927,0.0716272865393161,0.00674161355394534,0.267986839644588,0.0419233572459295,0.021653557281397,0.00718260366994934,0.037443847761019,0.0137052598923695,0.166518442244242,0.0565438449887969,-0.0416591241464051,-0.0168842657564554,-0.0655819209940727,-0.0537570379640567,-0.00324447200743132,-0.00441126643011351,1,0.045911543374532,0.0223741721851687,-0.0742409889187072,-0.052471794220967,-0.0195473995538262,0.0762899038961878,-0.0147976553325167,-0.0188882882415712,0.0118032866498799,0.0109092302081531,0.0588355134093275,0.0217844673663459,0.00538402827649619,-0.0040048688984132,0.0401414924717206,-0.00168305753020546,-0.00801857691797984,-0.0284307111065753,0.0845697486409756,-0.0747821663628812,-0.100201287475044,0.00372740300735669,0.0268663264337609,0.0692635319572445,0.0599288425800978
"common_language_Coal_Import",0.0318465486178417,-0.274675618394837,-0.202725579272882,-0.10826946199807,-0.135058394146963,-0.211814503151946,-0.172035364730311,0.0755954934750278,-0.0540533536549115,-0.0465179897059563,-0.263164199713663,-0.102998047009211,-0.193902178644646,-0.214982685526235,0.0907814450432627,-0.0564528549315475,0.0811065352843696,0.0621774902079232,0.0887029669657192,0.187123179897567,-0.119002788925205,-0.250310439521983,0.0984979774964891,-0.0156473621582374,0.0189383557586913,0.0225817673034073,0.0115281089378237,0.139019411039775,0.0986865788593502,0.196705525728858,0.0121673029880538,0.0802769956200816,0.501669839229996,0.138767203355434,-0.0615578466747968,-0.126220635348741,-0.102278520214847,-0.0186896771658269,0.0962361285865326,-0.000222423472460002,-0.11228076756489,-0.0971557669907149,0.423945637882355,0.315050653730103,0.23916365886424,0.045911543374532,1,0.248271325071261,-0.0148835719717034,-0.0883539995064163,-0.168695916813119,-0.00369013259794782,0.126956270898394,0.118310076181256,-0.115682725691873,-0.124931202311279,0.00713644584448907,-0.00278114871562138,-0.100366546642068,-0.0948758381265893,-0.0172668449731277,-0.34354703962925,0.00784063206074411,-0.0608410228355068,-0.303245016310504,-0.130045303899385,0.0519518878243326,0.171577617601259,0.139978887583359,-0.410007860817483,-0.343810682077238
"colony_Coal_Import",-0.0547596178240387,-0.123006170757224,-0.0464553032248558,-0.0019050687230117,-0.0686428502954748,-0.0630774562376565,-0.180131241937342,-0.074027454388426,0.0623762493016836,-0.0154204671769103,-0.0317819362712515,0.08226231853638,0.00992702398169263,-0.1196001130681,-0.0981184248377426,-0.0899711445808437,0.177092653082716,0.0466400035763863,0.0270038350903883,0.0125148672714718,-0.00228311637861741,-0.0123534863610834,-0.0437616288731375,-0.0087857189878715,0.00469136372611788,0.0131311735440099,0.0229197066825118,0.0217338449175434,0.0197595155514361,0.267297963568648,-0.0816707589693631,0.0185326220536726,0.134688997249596,0.51619000115364,-0.0733834379656618,-0.0342041553165274,-0.128135995590079,-0.0425539633581527,-0.070915596366238,0.10039473623847,0.0225859890511702,0.0345486951962913,0.263150332459009,0.448795975438205,-0.0370450624659962,0.0223741721851687,0.248271325071261,1,0.0253550033810633,0.0663215314347029,-0.0323456957709787,0.000789922628977575,-0.00449867587976845,0.306626955667443,-0.00535340840778218,-0.0168158828460405,-0.0342663278815174,0.0273495057571543,0.0085260110000499,-0.00419582499565411,-0.0263177642609935,0.0697255298378701,-0.0580382793044887,-0.0435687533123536,-0.0610621655839125,-0.0461132265453352,0.0907084334420311,-0.0748434265396236,-0.12875508098138,0.10714788309747,-0.143883257120213
"HHI_Coal_Export",-0.122373419443457,-0.0536951156799506,-0.0376533194053122,0.0308049276712996,-0.0596517800032095,-0.0422239308833649,-0.0225014737292042,-0.143747570299535,-0.125686785468027,-0.136864497737508,-0.0418513697184506,-0.0128223950788024,0.00632104531870322,-0.0562171734527032,-0.0723790323698623,-0.0183012015060789,0.0232260442983296,-0.0852266258886115,-0.0879423408449121,-0.0607131417304674,0.00575466493779176,-0.0533825186404395,-0.153087970000044,-0.0144718720837828,-0.0341829281520656,-0.0339584531044003,0.0421656558843214,-0.18264499106167,0.0426539792553119,0.0747942008182308,0.0351101168351745,-0.0581621187593283,0.0500980060204854,0.0238772169810047,0.0293537428709003,-0.0189852792056369,-0.041083939259406,-0.0617850333829745,-0.0267843751574692,-0.0126809288480928,0.0777854109595277,0.058711517599405,-0.0413014463424921,-0.0266280828295954,-0.0575681869387894,-0.0742409889187072,-0.0148835719717034,0.0253550033810633,1,0.378912760961701,0.475109252354122,-0.00773564828081639,0.423911144174129,0.175682388807811,0.133429731303123,0.143636285862164,-0.0463184314261454,0.0136151555038681,0.0130710910194482,0.0246023309279466,0.054581321789462,-0.0599634254795036,0.0963439888261601,0.0330911520005461,-0.0292422230671221,-0.0493392553509662,-0.0335415490673009,0.00977135394054503,-0.0519132677023402,-0.0755155658340949,-0.0670977436047719
"contiguity_Coal_Export",-0.0512273598646086,0.271973867948251,0.0309001557577554,-0.0150228200623695,0.0448515593016029,0.0371713606178551,0.202335132508859,-0.083192484311307,0.0657445221510077,-0.131743757831858,0.113300627690972,0.0604708946955965,0.0555422150995601,-0.127113519489986,0.0189618180677668,0.00427951088381299,0.124889487490185,-0.186496233151222,-0.110420802688762,-0.18139900577419,0.20197079472501,-0.102305376363929,-0.0208659743953877,-0.0183336389033787,-0.0179023448274414,-0.00800482142677507,0.0657824145093354,0.0056148812595278,-0.00104719507832218,0.154194398079191,0.0639882269602857,-0.0679516823673831,-0.0740216001485507,0.0529170194479908,0.0191594742322848,0.280539215031113,0.0885356661156481,-0.00287448785684795,0.0329239389033419,0.0253660925491175,0.0822762606257798,0.0715818722572754,-0.0655518817351984,0.212125613114662,-0.0442271853303718,-0.052471794220967,-0.0883539995064163,0.0663215314347029,0.378912760961701,1,0.416364467297179,0.040280685047123,0.421505621782552,0.246202484006776,0.0887640611789897,0.0960431807358784,0.0178698292984262,0.1116939000603,0.127632961172249,0.0977019256787302,0.102210183813808,0.14116836650658,0.0938655704680085,0.0596612452404529,0.0525490752305051,0.0706226211246013,-0.0513110027319058,-0.0851301984425814,-0.138895343784358,0.126051891492758,0.0100891159256888
"agree_Coal_Export",-0.0165149371056292,0.307547833198679,0.101228860932925,0.00545138933806202,0.096865185824491,0.115554179337257,0.305961029108212,-0.039607204021704,0.0727046758109903,0.0652101798549148,0.162473084179751,0.116755328626392,0.125647528993762,0.124993648810778,0.0521375077295046,0.12704779687439,-0.0130944231550455,-0.268981893590609,-0.201022463161283,-0.191570276612053,0.147179246288397,0.146250477850214,-0.0587511333945088,0.00641741659980288,-0.0261387848575582,-0.0241845476804,0.0131778822059153,0.0348935734643291,-0.0261168021700449,0.0511817102000063,0.143977516890276,-0.0966560439933405,-0.0648142790590265,-0.0479869208869924,0.0926087055693323,0.198247807344203,0.29026942234462,-0.0117385224636,0.0729811425694117,-0.0781245722187008,0.129042354333019,0.106731789455974,-0.271590957194396,-0.042963257293898,-0.0283392660293979,-0.0195473995538262,-0.168695916813119,-0.0323456957709787,0.475109252354122,0.416364467297179,1,0.0451089625203183,0.426711259606365,0.0523988653556299,0.0866284951572299,0.089021917556628,0.22338558720397,0.218629725279175,0.273406092297361,0.195273596747021,0.256053821569479,0.300052261611895,0.250103111962873,0.192795969575914,0.294220199035853,0.186195208467089,0.0421299569988192,-0.106039637857419,-0.0627123713090488,0.270619491324596,0.213114584061719
"sanction_Coal_Export",0.189263976470097,0.0974562356981026,-0.012719240451596,-0.00861358544794476,-0.0248720086485544,-0.0171025720050075,0.151499003105933,0.215637626559809,0.105502831177052,0.108090459250823,-0.023808464231521,-0.0209589773636129,-0.0353051123372623,0.062080333528283,0.115441921272694,0.0505565002422142,-0.0050235838303723,-0.0138562759930618,0.00321112308106034,-0.0434855818375597,0.0802333140259577,0.0662556792578882,0.0823144602977578,-0.00462127540179839,0.050134540108514,0.0496923769567286,0.0319985456703348,0.167214879019259,0.0222236506663419,0.0777608461955756,0.0379352454002155,0.228373663862343,0.00943351844276029,-0.0316691729895287,0.0592549400570969,0.0795166770474987,0.0465599035095059,0.511350115042316,0.0661191345284968,0.016515269924799,0.0411665543135037,0.0500978691954606,-0.0319905949935377,0.000629449973088889,0.0125399588206952,0.0762899038961878,-0.00369013259794782,0.000789922628977575,-0.00773564828081639,0.040280685047123,0.0451089625203183,1,0.046099901790737,0.0417958129068782,-0.0237056281517449,-0.0120496190810542,0.0852547557974148,0.0234386860618,-0.00804854851050668,0.00591072230109331,0.0481425738425722,0.0601185337338177,0.0485117015451706,-0.027606680219714,0.0574121537418728,-0.0451473399285292,-0.0754773800783393,0.0181893981900503,0.0373870632980636,0.0545366557768972,0.0721185833976496
"common_language_Coal_Export",-0.0745149420289653,0.0952530489130938,-0.00348937945028897,-0.0582126743283658,0.0401721455840555,0.023056184051666,0.0857682575392026,-0.0204258321283463,0.00712984209962548,-0.0185400121829802,0.0149836371664812,0.0617595164226351,-0.0160785552062993,0.026514525044642,-0.00770435623598347,0.0862533149182921,0.0792410472814175,-0.147129862129153,-0.107459759427135,-0.0441954866096299,0.0721973847859359,0.0623504554273644,-0.0739923254676608,-0.0248631312053258,-0.0242638690810767,-0.0160374247502244,0.0224035956444848,0.0240900572705672,0.0536544786208764,0.114355237191007,0.0706853404989383,-0.0184702411425347,0.191949467722673,-0.0223841648316931,0.0289446513530636,0.0307407494981927,0.0782953734263638,0.0323096537745692,0.186727374947581,0.00448554413372874,0.0278273345527682,0.045738856752733,-0.0736357155378009,-0.0570336800585123,0.020595920049786,-0.0147976553325167,0.126956270898394,-0.00449867587976845,0.423911144174129,0.421505621782552,0.426711259606365,0.046099901790737,1,0.183262627148859,-0.0310668616009984,-0.0350990679950108,0.0546199377102895,0.103908202438996,0.0774697962894689,0.0459295225982175,0.152690442978951,-5.14996832589764e-05,0.189351606119852,0.0619303983728505,0.0699078150615737,0.0503659863335453,0.0352754616508833,0.014138258584035,0.0280729378418246,-0.0647432610448501,-0.0766314181796227
"colony_Coal_Export",0.00785975516412463,0.115821894394396,-0.0352429375417872,-0.0205716251666507,-0.0360952943083639,-0.0409187294898362,0.0983368564382271,0.0296192636420727,0.0280398165301331,-0.0550027122396338,-0.0232974210178591,0.0317162870634284,0.00781792411722047,-0.0192525074692377,-0.0491727502547365,0.00521208977047589,0.327813134808944,-0.0344206435932503,-0.0427236771187175,-0.0410845141968512,0.218823926113865,-0.016756206735371,0.0077813504555595,-0.00560274791069713,0.00519106581915179,0.0145181072404203,0.0959498274219153,0.048243966534344,0.0296746600655401,0.136046707481492,0.0635036206725261,-0.00783283547458269,0.0945822042850333,0.28987130687322,-0.0148968954184978,0.0457637105076709,-0.0260403923458926,0.0159757442287271,0.0465525588204068,0.292301620666778,0.0348162207105023,0.023098273114883,0.103010773522329,0.175259992940996,0.021541822155547,-0.0188882882415712,0.118310076181256,0.306626955667443,0.175682388807811,0.246202484006776,0.0523988653556299,0.0417958129068782,0.183262627148859,1,-0.016162256535559,-0.0322993478113991,0.0067038871448446,0.0470570636178982,0.0700795444972404,0.0231803466405424,0.0985968898469276,0.0233818257875874,0.0501935540842095,-0.0150282980713791,0.0121660032667496,0.0396654978846195,0.0719775131281803,0.0556199832675126,-0.0633446640818481,-0.0222536071802089,-0.00623290436086796
"NetValue_Coal_Import",0.172313647511518,0.0141686665363217,0.00727019483808446,0.0666853839127928,-0.00634680901620112,-0.0258486224499194,0.0163472126334779,-0.0940593760278924,-0.0750106909746383,0.0324025551177897,-0.0152687504317884,0.0973249288124534,0.0209783109208319,-0.0895590374108805,0.254403927183194,0.179748665019124,-0.112104135485151,-0.023604027784235,-0.0337112819777076,0.00134918088716174,-0.0387878329369671,-0.0370456903899985,-0.204071763834976,0.000835931377772576,0.0676850936689744,0.0325372005913465,0.0818275016113948,-0.133660799211503,-0.192674254140873,-0.0517156380644228,-0.0408465498867983,-0.0802853709196019,-0.129453136799894,-0.00100500992371941,0.0773829628342178,0.0646832974188765,0.0475779274272773,-0.0223881894256189,0.0186630139367136,0.0120469672916353,0.49951658746637,0.357674636830607,-0.110699550307584,-0.0406692140514748,-0.0679772429285365,0.0118032866498799,-0.115682725691873,-0.00535340840778218,0.133429731303123,0.0887640611789897,0.0866284951572299,-0.0237056281517449,-0.0310668616009984,-0.016162256535559,1,0.922668710183203,-0.0403865865845706,-0.0358051433682978,-0.0206524840277915,0.00889246522649072,-0.0832826318379854,-0.0363860926711627,0.010205860093649,-0.00760974433501112,-0.0273635945036863,0.0497651079184403,-0.0282774883508874,0.0632455983108872,0.0750719446857152,-0.0618073641467078,-0.0487661633395934
"NetQuantity_Coal_Import",0.201278717147343,0.0323305561313282,0.026306285185985,0.0674143132403337,0.0025115117141172,-0.00947591968104952,0.0277482889615327,-0.0562312899558251,-0.0566023019664917,0.0553946849960756,0.00457023502438969,0.102521613928617,0.0430788990584088,-0.0469225039754272,0.256699248978539,0.170069621328905,-0.135013640079224,-0.0326292695144419,-0.0453083092266681,0.0050041981999972,-0.0506116180764865,0.00167357079443738,-0.200446066610753,0.000757238666961535,0.0715735309184155,0.039313722143457,0.104653943367113,-0.147092265864328,-0.205238026899437,-0.0527929246559387,-0.0292398025524162,-0.0629483320128681,-0.130966054522266,-0.00868883131991815,0.0778998610152529,0.0653772272619222,0.0418939306386261,-0.0127603680286435,0.0262782271311474,0.00518630168523375,0.473773334038796,0.36886975769967,-0.138087430225936,-0.054227666967934,-0.0752112453214721,0.0109092302081531,-0.124931202311279,-0.0168158828460405,0.143636285862164,0.0960431807358784,0.089021917556628,-0.0120496190810542,-0.0350990679950108,-0.0322993478113991,0.922668710183203,1,-0.0390302647432682,-0.0263628338390755,-0.0250192823331921,0.0387800658880411,-0.0919283506781933,-0.00848152383365554,0.0157273289211881,-0.0082607846127694,0.013095969552655,0.0482567371848901,-0.0199924166178567,0.0707899490379518,0.0850864188160723,-0.0238518401479482,-0.00846372109917882
"R_IndepProducer",0.105938907230662,0.260686703566451,0.160142082653862,0.0475804416272689,0.127503525351224,0.168395397940559,0.290326579275231,0.0961146242785264,0.233459023931162,0.17577332124649,0.207565716519074,0.146639506631758,0.220279196547317,0.175744294574966,0.122343576545913,0.136455971717696,-0.0149511121257557,-0.330949436179262,-0.214695793962106,-0.12796509127889,0.0310778490415935,0.128436928156115,0.112532051881081,0.0149193048090676,0.0214959786602836,0.025527721994731,-0.0621747686543351,0.219707900385877,-0.00607561235943163,0.0620718065084573,0.146957434778924,0.0460344086009638,0.0716868078728682,0.0128242039564634,-0.000770040463809407,0.0704617279536697,0.16374104984887,0.0781209208812755,0.0578708657276538,-0.0597934372640621,-0.00579472640658945,0.00994716792685028,-0.175675096487014,-0.0645468408686592,-0.00921875994249446,0.0588355134093275,0.00713644584448907,-0.0342663278815174,-0.0463184314261454,0.0178698292984262,0.22338558720397,0.0852547557974148,0.0546199377102895,0.0067038871448446,-0.0403865865845706,-0.0390302647432682,1,0.365435259653862,0.453669719566731,0.291742483744254,0.443809875924488,0.345422014118974,0.471706142828532,0.3540650143703,0.305402258712528,0.287266050171859,0.204857621186535,-0.033546204131783,0.0357970763168424,0.271510992271898,0.297233528719382
"R_Private",0.0111786182188549,0.413795966952705,0.189086883442532,0.0568700844732688,0.182794687826313,0.220339921660022,0.353678529140506,0.11440742753763,0.221186906858336,0.19179233307585,0.288837675969783,0.132801638216711,0.190011509954675,0.147048533058577,0.0199888620683019,0.032341822825592,0.0378715127440808,-0.280270224766427,-0.164155263682862,-0.178363083992802,0.130739081039576,0.22508696217325,0.0161298659170917,0.0220105505793482,-0.021367059795223,8.14354563084576e-05,-0.0288721981932751,0.141426993245046,-0.0818546522120305,0.0072891907714431,0.0827898744634917,0.0127453976527413,0.038603056977317,-0.0156518634566263,0.0541404306584611,0.0729281036144265,0.172373744492842,-0.0135306289320682,0.0304252608585882,-0.0758237823434436,0.0952880514548789,0.0903396317641462,-0.149621400884012,0.0112232158650262,-0.0033834450182923,0.0217844673663459,-0.00278114871562138,0.0273495057571543,0.0136151555038681,0.1116939000603,0.218629725279175,0.0234386860618,0.103908202438996,0.0470570636178982,-0.0358051433682978,-0.0263628338390755,0.365435259653862,1,0.601389206279613,0.577274343384478,0.402512981610604,0.405795494208687,0.427604353840612,0.479763277923761,0.36479122636074,0.31197723412827,0.0941708818581829,-0.0132794810489282,0.0453970139200944,0.285870660359264,0.222351949923409
"R_Unbundle",0.122623199580682,0.404706843234739,0.195571414951946,0.062429861759264,0.179441155189401,0.213536595940462,0.327662590014409,0.102706987772268,0.158160075193038,0.105584887110224,0.245313665808589,0.156862036045682,0.22517302569812,0.195747395185453,0.121503804391196,0.0275534679471819,0.0952195249396659,-0.30120217228792,-0.2350205522202,-0.220528665283553,0.184434265275208,0.191860895332786,0.0256864452295632,0.0181190772122705,0.0254645825596484,0.0284778747356256,-0.0484239381984446,0.0978919765673698,-0.0637114470861509,0.00700845444587407,0.104302694832332,-0.0389678182969697,-0.0282075066069094,0.0393253344888949,-0.0388456512504788,0.103180208432237,0.152603914708981,-0.0518663512780648,0.0156320537094469,-0.0418596648315934,0.0946974578494227,0.092213980990024,-0.208290278446277,-0.0339540680401574,-0.0536981337348891,0.00538402827649619,-0.100366546642068,0.0085260110000499,0.0130710910194482,0.127632961172249,0.273406092297361,-0.00804854851050668,0.0774697962894689,0.0700795444972404,-0.0206524840277915,-0.0250192823331921,0.453669719566731,0.601389206279613,1,0.64210430270312,0.586747123995679,0.480839129369761,0.530091541118293,0.538639356868913,0.380152014380607,0.30742674893974,0.13152321609083,0.0414281171450236,0.0893429887430458,0.337279301754236,0.294877667712698
"R_WholeSale",0.00536307204011798,0.319438774934508,0.156470169909832,0.101864088304492,0.186634120600108,0.18845450016393,0.234388077880296,0.13235884879032,0.254463270069323,0.222294088239664,0.237893905579835,0.206147446519781,0.248876896002185,0.322156761377581,0.00830859275452758,-0.120687822424089,0.0193061390455277,-0.229328936198688,-0.161188266357312,-0.0750154237766786,0.049287532878418,0.332994324507193,0.0279761432106052,0.0241711748340486,-0.0208004265602102,0.001624125953728,-0.0255622208548972,0.0820791638166561,-0.0769571963075642,-0.0614170373538196,0.082547597274235,0.0158778037228612,-0.0165481379745022,-0.0385371650187758,0.0485792225194807,0.101621460365176,0.167543926611417,-0.0348410893883117,0.0132216249673834,-0.122754000343422,0.0595292670698333,0.0546880736478191,-0.190518563250121,-0.0951466919682686,-0.0693142024843483,-0.0040048688984132,-0.0948758381265893,-0.00419582499565411,0.0246023309279466,0.0977019256787302,0.195273596747021,0.00591072230109331,0.0459295225982175,0.0231803466405424,0.00889246522649072,0.0387800658880411,0.291742483744254,0.577274343384478,0.64210430270312,1,0.496503324042359,0.479283228857835,0.437678124079906,0.485630670313032,0.409082877149848,0.292612445029294,0.140135073765367,0.0129902823480879,-0.0157364216696917,0.32273922671,0.292715424075453
"R_IndepReg",0.0824760288976235,0.257421574813291,0.160311749596785,0.0649947066446145,0.117529314220517,0.173564059344764,0.213777912551697,0.0726421349669309,0.150388740746873,0.0844488803473805,0.208668917445585,0.106955694559969,0.215788845327482,0.152607898114294,0.0594129979454484,0.0161768754083922,0.101744631842959,-0.292789024083902,-0.23535407144098,-0.157564353201249,0.0762338387734028,0.179271229084333,0.0229133754508922,0.0144071537131082,0.0194839654252136,0.0223577325715252,-0.030025012395766,0.0987428153289542,0.0417200167304704,0.0674145200303109,0.135774222964239,-0.000802839162909733,0.0520267472475516,0.00324374610469541,-0.000222109944097241,0.142202786667782,0.144889181950129,0.0187777145044756,0.0888865852334743,-0.099314506652351,0.00181362415361616,0.0331038062233553,-0.142956366615553,-0.0964901827780601,-0.0374420766711,0.0401414924717206,-0.0172668449731277,-0.0263177642609935,0.054581321789462,0.102210183813808,0.256053821569479,0.0481425738425722,0.152690442978951,0.0985968898469276,-0.0832826318379854,-0.0919283506781933,0.443809875924488,0.402512981610604,0.586747123995679,0.496503324042359,1,0.336148923435242,0.667842678885013,0.475197042580819,0.304687748903692,0.337718313871314,0.188374455272542,0.00321364745404611,-0.029802141874869,0.199351026679101,0.161239484944184
"R_Choice",0.0257546796463359,0.420788487158646,0.361315222393346,0.113221606505475,0.31678107558407,0.409592994075567,0.27475929772979,0.12915133330005,0.264231711977794,0.209212026723505,0.447060978200177,0.167386142619587,0.384152119003601,0.482555430436076,-0.0937685510558311,-0.0141033856954434,-0.0755008852501426,-0.243472316256169,-0.158743890451465,-0.184896357765328,0.0718146868095419,0.480970541306466,-0.025937055428386,0.0344127288292593,-0.0135026458248867,-0.0141218008386851,-0.0279104914882101,0.0508005800868014,-0.151514793884154,-0.0104157660789716,0.0483890720705834,-0.0456984321898299,-0.196919467128637,0.0518708664983637,0.0773368732062737,0.182588763173687,0.282262771918313,0.0279364893340219,0.0331544305792872,0.0011684276046886,0.112023388213849,0.0889792861400099,-0.263550022538743,-0.0161380559043968,-0.103328610318701,-0.00168305753020546,-0.34354703962925,0.0697255298378701,-0.0599634254795036,0.14116836650658,0.300052261611895,0.0601185337338177,-5.14996832589764e-05,0.0233818257875874,-0.0363860926711627,-0.00848152383365554,0.345422014118974,0.405795494208687,0.480839129369761,0.479283228857835,0.336148923435242,1,0.315583893012631,0.316015490284831,0.629431317570412,0.280310549641869,0.0393841542166081,-0.15866797972098,-0.107426596177451,0.725543669925514,0.634860750550174
"R_Liberalization",0.071050643363873,0.263519288777926,0.135472109836681,0.0543158620345163,0.115768377472187,0.143281476677528,0.239331057845884,0.0876652305281388,0.161367685239823,0.105729077504134,0.166740206293574,0.113829278601081,0.193031961804921,0.197278513694031,0.0611239997649335,0.0634807805932605,0.0556037978862798,-0.29808110463516,-0.179851158316397,-0.0386594015710425,0.0776455671940959,0.228089634543027,-0.0237159009487215,0.0116322988604405,0.0143831524971941,0.0170677224073266,-0.0463734044680383,0.056445460744825,0.0383041948063614,0.103280019211189,0.139487986011044,-0.0249622183215283,0.0636456906066172,-0.0220904596680902,-0.0221192485524167,0.0858567517398071,0.153984953810895,-0.00554030803428992,0.0964818442737326,-0.12136622060681,0.0337798740304985,0.0678232137009876,-0.113818638770494,-0.0365731115621406,0.0100461617001059,-0.00801857691797984,0.00784063206074411,-0.0580382793044887,0.0963439888261601,0.0938655704680085,0.250103111962873,0.0485117015451706,0.189351606119852,0.0501935540842095,0.010205860093649,0.0157273289211881,0.471706142828532,0.427604353840612,0.530091541118293,0.437678124079906,0.667842678885013,0.315583893012631,1,0.589084129196728,0.30626460368241,0.329438269018707,0.195561651579531,0.0718406880403758,0.0627017173491979,0.196198620567306,0.168575941864765
"R_Corp",0.075277853536495,0.271578752031306,0.151400044853387,0.0610036320765653,0.129724903565826,0.157431092272137,0.226758513940933,0.0850059199534484,0.231863134442459,0.219951889554046,0.163558882841927,0.144356863302119,0.158845348122813,0.200553944144019,0.0680395500832509,0.0347102674202741,0.028187859861053,-0.126780456503741,-0.146537214730746,0.0101185800691667,0.0386555611313631,0.206041297403873,0.0249708732967717,0.0130660851392217,0.016871936308674,0.0189051628349723,-0.0731288012559677,0.129056186724486,-0.00237118288188496,0.0297241000768308,0.127461218384024,-0.0749647730176696,0.0109287401073231,-0.0113736269025303,-0.0178882467632585,0.0220185075932385,0.0926443279537051,-0.083946612986027,-0.0374544531026569,-0.122289852259366,0.0214993976371255,0.0593046849053334,-0.149320007605097,-0.0545774700081779,0.0157088557341052,-0.0284307111065753,-0.0608410228355068,-0.0435687533123536,0.0330911520005461,0.0596612452404529,0.192795969575914,-0.027606680219714,0.0619303983728505,-0.0150282980713791,-0.00760974433501112,-0.0082607846127694,0.3540650143703,0.479763277923761,0.538639356868913,0.485630670313032,0.475197042580819,0.316015490284831,0.589084129196728,1,0.250490891335411,0.270605509714859,0.0773354463412759,0.0855961963703886,0.128900437856165,0.217583803199565,0.187512755848142
"StateCapacity",0.0619917314247127,0.452787696270998,0.337895976772177,0.145705922417179,0.246075027988478,0.369526711317778,0.38412981652094,0.110900178370786,0.178985606581257,0.172298910975681,0.386691617139528,0.154128073883242,0.355280474105187,0.751067655476059,-0.0662591804756974,0.131775477204004,-0.0629151389759129,-0.366890139893093,-0.248355510788367,-0.235409811286138,0.213098198885363,0.755792313901241,-0.0292724762847257,0.0246147543166934,-0.00293538746288886,0.00642461259889663,0.00684027430761367,-0.0693498468388233,-0.0541594437071303,0.0564830731143222,0.137914041632349,-0.0433588528430948,-0.114210600606015,0.0190348078472722,0.076856157840041,0.124812473516504,0.248329493981371,0.0628817844350297,0.05582169753646,-0.0916446408799111,0.0779240216050016,0.0989043900035865,-0.419303225658022,-0.179184446400171,-0.108805663366963,0.0845697486409756,-0.303245016310504,-0.0610621655839125,-0.0292422230671221,0.0525490752305051,0.294220199035853,0.0574121537418728,0.0699078150615737,0.0121660032667496,-0.0273635945036863,0.013095969552655,0.305402258712528,0.36479122636074,0.380152014380607,0.409082877149848,0.304687748903692,0.629431317570412,0.30626460368241,0.250490891335411,1,0.22690542954079,0.0226369809686661,-0.133036245896171,-0.0684506800022598,0.730609120436048,0.70801886600755
"num_supply_policy",0.0530780358777799,0.384117831465541,0.339886856940208,0.0644420255881163,0.343351976055807,0.340983097994642,0.250557296412044,0.154870601565105,0.277624654939784,0.223630101742132,0.361110652968689,0.245904333526663,0.465955391477334,0.163938606261121,0.0471014311097773,0.0415952993205392,0.0378407034794934,-0.194072420896054,-0.110148611245745,-0.0634782067289668,0.00642070999516148,0.179948987470329,0.0129434168582218,0.0934324097075711,0.0126928171114193,0.0201889535608922,-0.00844622611753263,0.0484835299661156,-0.192529540040055,0.0124063784403875,0.0968952369965831,-0.118772747649656,-0.00500253737601711,-0.0579378352425303,-0.00422346631980887,0.16037265361176,0.222416351500615,-0.0645686646694354,0.0549993084099075,0.0113299915299486,0.160870110922336,0.13754369963244,-0.18399696275202,-0.0741506162959908,-0.0251652249950606,-0.0747821663628812,-0.130045303899385,-0.0461132265453352,-0.0493392553509662,0.0706226211246013,0.186195208467089,-0.0451473399285292,0.0503659863335453,0.0396654978846195,0.0497651079184403,0.0482567371848901,0.287266050171859,0.31197723412827,0.30742674893974,0.292612445029294,0.337718313871314,0.280310549641869,0.329438269018707,0.270605509714859,0.22690542954079,1,0.510107096566304,0.011000518850033,0.0271189805529884,0.219255981597416,0.212695953166515
"binary_airqual",0.0391481157712483,0.0873578562950206,0.134363383951599,0.0611595656682616,0.149308938315367,0.135854690480312,0.0559534746556961,0.0360212485203732,0.142037414760585,0.0870911928201042,0.110033347899467,0.162189410803095,0.273612990016198,0.0110919224022028,0.0500787747860677,-0.0323288390217287,0.0814619372708093,-0.161548944267595,0.0611411844322091,0.0280111077334819,0.0581589769190405,0.0130809241526156,-0.0471875450798439,0.0316725690409085,0.028950744864215,0.0165238213444688,-0.0215711670394346,0.0059683081445818,-0.0728492099331626,-0.00709987358574821,0.0403619491588374,-0.110900124051024,0.050254170522729,0.014566352314042,0.0203359320636615,0.0766240287379262,0.173460916005176,-0.10424539883061,0.0816183757227987,0.03044701104288,0.0192002923067551,0.0304671037617094,-0.0424846151738821,0.00221689161157922,0.0526861149350868,-0.100201287475044,0.0519518878243326,0.0907084334420311,-0.0335415490673009,-0.0513110027319058,0.0421299569988192,-0.0754773800783393,0.0352754616508833,0.0719775131281803,-0.0282774883508874,-0.0199924166178567,0.204857621186535,0.0941708818581829,0.13152321609083,0.140135073765367,0.188374455272542,0.0393841542166081,0.195561651579531,0.0773354463412759,0.0226369809686661,0.510107096566304,1,0.0297945289900755,0.0484934981783458,-0.0138709955452934,0.0182011925184046
"ghg_ambition_n",0.151026354172914,0.0291320781183551,-0.082860936409238,-0.0174256184965032,-0.0163834683366541,-0.0790357789953452,0.106690040425159,0.127730421997324,-0.0165188801063939,-0.104513712553534,-0.0728075334559129,-0.0453611473409887,-0.103669944352146,-0.116944073367302,0.0812372830069204,-0.0902298835800601,0.136109126141591,-0.140612872707865,-0.105232831677664,-0.0508945100203067,0.0613442667128163,-0.231072551279683,-0.0442341705467911,-0.0162909731645073,0.0352948153691632,0.0178983765245284,-0.0295760078910745,0.0769192182611412,0.00831279054254613,0.0565816751904459,0.0790990642471954,-0.0268232769313254,0.131106657057691,-0.00673839735650011,-0.0609156109121571,-0.103829317563022,-0.142616719071771,0.0279248071343296,-0.0410549709779372,-0.0464215327016209,0.10500459916011,0.0988543083194851,0.0699565165786381,0.0646739697910723,0.0917320115537447,0.00372740300735669,0.171577617601259,-0.0748434265396236,0.00977135394054503,-0.0851301984425814,-0.106039637857419,0.0181893981900503,0.014138258584035,0.0556199832675126,0.0632455983108872,0.0707899490379518,-0.033546204131783,-0.0132794810489282,0.0414281171450236,0.0129902823480879,0.00321364745404611,-0.15866797972098,0.0718406880403758,0.0855961963703886,-0.133036245896171,0.011000518850033,0.0297945289900755,1,0.860523443580128,-0.215946082174589,-0.0893062063974158
"cw_2030",0.174198486778145,0.0309380288603301,-0.0689766539458844,-0.0312220932374131,0.00326913508860947,-0.0620954872659835,0.133171041481116,0.147926210012313,0.0354067620759215,0.0260255008062787,-0.0703581011198098,-0.0139485961172081,-0.0921693209458088,-0.0944637167701687,0.11121879946774,0.0255100970552118,0.00887552348942298,-0.13437779928398,-0.0769272764223405,-0.0325434798980248,0.0538515398342107,-0.161810196234566,-0.0254660444213063,-0.0150487201163933,0.0394855860901771,0.0221487261376605,-0.021864620424969,0.166122994649004,-0.0200316163713237,0.0196296512072232,0.0795354454232105,-0.0220644064089818,0.110878024654909,-0.0593825314126042,-0.0370022493958368,-0.120900705983071,-0.0922758066762998,0.0309790139167836,0.00354481872578619,-0.0487568186278675,0.0778318735402744,0.0783841050899441,-0.0020382821836793,-0.0150216216125985,0.0979820387831953,0.0268663264337609,0.139978887583359,-0.12875508098138,-0.0519132677023402,-0.138895343784358,-0.0627123713090488,0.0373870632980636,0.0280729378418246,-0.0633446640818481,0.0750719446857152,0.0850864188160723,0.0357970763168424,0.0453970139200944,0.0893429887430458,-0.0157364216696917,-0.029802141874869,-0.107426596177451,0.0627017173491979,0.128900437856165,-0.0684506800022598,0.0271189805529884,0.0484934981783458,0.860523443580128,1,-0.157519596509254,-0.0467979268148077
"annex_one",0.0478723801549263,0.47483277600394,0.317800598771693,0.0762682709646661,0.287606021494444,0.363483135267151,0.355541979878919,0.157707799621758,0.346728974140866,0.226138387857433,0.453860692263476,0.309647512226804,0.320462320076592,0.507519493078873,-0.0965056841069543,0.111444967350321,-0.0878791393308955,-0.295079640336079,-0.173440722084902,-0.222468240599144,0.0884715326821855,0.534048941445516,0.160195502442479,0.030406225966342,-0.0128374153976191,0.0118537644147085,-0.0180383363197678,0.00245133793111871,-0.0970534587965763,0.0316966499428165,0.0322623900875023,-0.0527193977041322,-0.260184650310853,0.129095190510488,0.055851109898996,0.174229328046556,0.210402580245435,0.0715070943546703,-0.0314431249882673,-0.0744081681642242,0.0903686728883429,0.0862956841730401,-0.324084881319374,0.017785320749031,-0.149662882349039,0.0692635319572445,-0.410007860817483,0.10714788309747,-0.0755155658340949,0.126051891492758,0.270619491324596,0.0545366557768972,-0.0647432610448501,-0.0222536071802089,-0.0618073641467078,-0.0238518401479482,0.271510992271898,0.285870660359264,0.337279301754236,0.32273922671,0.199351026679101,0.725543669925514,0.196198620567306,0.217583803199565,0.730609120436048,0.219255981597416,-0.0138709955452934,-0.215946082174589,-0.157519596509254,1,0.69785308530312
"annex_two",0.0800182888201918,0.390372660022184,0.361686561181529,0.108557845973081,0.306731780315446,0.399118002358794,0.335276224595922,0.205961899540351,0.213518251591206,0.22341365050671,0.43292347129533,0.106485805266918,0.35118488702226,0.697943103918569,-0.0465084722756098,-0.0363318943061863,-0.0890099092782948,-0.218127408029392,-0.133368062703268,-0.170387805201116,0.0393262440337857,0.528796953074189,0.00355583916631759,0.0436300551917754,-0.0072887144989554,-0.00489014865613865,-0.0143682488966104,-0.000936413354865425,-0.163157017662801,-0.0416938598867652,0.157156957742623,-0.0196010849179285,-0.194573408556326,-0.0349438288815345,0.0917328645068706,0.13058862464307,0.267254228597163,0.132502920253181,0.0106509719175883,-0.0276612149671688,0.124747291580872,0.119997183455296,-0.390789472770013,-0.206950634774219,-0.0965384515173536,0.0599288425800978,-0.343810682077238,-0.143883257120213,-0.0670977436047719,0.0100891159256888,0.213114584061719,0.0721185833976496,-0.0766314181796227,-0.00623290436086796,-0.0487661633395934,-0.00846372109917882,0.297233528719382,0.222351949923409,0.294877667712698,0.292715424075453,0.161239484944184,0.634860750550174,0.168575941864765,0.187512755848142,0.70801886600755,0.212695953166515,0.0182011925184046,-0.0893062063974158,-0.0467979268148077,0.69785308530312,1
