year,range,growth_rate,Capacity (GW),percent,duration,AR6_R10,ISO,Country Code,R_Choice
2006.0,2006,-0.0020451092885134248,52.1416,0.9762328555945001,5.0,R10EUROPE,DEU,DEU,1
2007.0,2007,-0.003910259361499802,52.6316,0.9762328555945001,6.0,R10EUROPE,DEU,DEU,1
2008.0,2008,-0.0023090224291599792,52.2106,0.9762328555945001,7.0,R10EUROPE,DEU,DEU,1
2009.0,2009,-0.0018448391592128521,52.1206,0.9768192316204217,8.0,R10EUROPE,DEU,DEU,1
2010.0,2010,0.0004491164674107484,51.6106,0.9784270368527874,9.0,R10EUROPE,DEU,DEU,1
2011.0,2011,-0.0024533674720633725,51.6106,0.9643161815193192,10.0,R10EUROPE,DEU,DEU,1
2012.0,2012,-0.002797987887723341,51.6106,0.9626516302199288,11.0,R10EUROPE,DEU,DEU,1
2013.0,2013,-0.0016781475508161892,51.6106,0.9680689880852175,12.0,R10EUROPE,DEU,DEU,1
2014.0,2014,-0.004224017943694314,51.6416,0.9563622744580277,13.0,R10EUROPE,DEU,DEU,1
2015.0,2015,0.004371338798896174,51.7266,1.0,14.0,R10EUROPE,DEU,DEU,1
2016.0,2016,0.004688993025311339,50.9806,0.9871375581410745,15.0,R10EUROPE,DEU,DEU,1
2017.0,2017,-0.008211551492287583,50.8926,0.9237711166301915,16.0,R10EUROPE,DEU,DEU,1
2018.0,2018,-0.013629350995246314,51.179,0.9038721624602069,17.0,R10EUROPE,DEU,DEU,1
2019.0,2019,-0.01643104872407486,50.5601,0.8803320023228056,18.0,R10EUROPE,DEU,DEU,1
2020.0,2020,-0.021923214954216563,52.8671,0.8950859797492202,19.0,R10EUROPE,DEU,DEU,1
2021.0,2021,-0.04506357246252457,52.1871,0.7838807122009718,20.0,R10EUROPE,DEU,DEU,1
2005.0,2005,0.00011211271869226991,334.80218,0.9848177679417159,5.0,R10NORTH_AM,USA,USA,1
2006.0,2006,-0.0003296421698859575,335.84588,0.9857079524521526,6.0,R10NORTH_AM,USA,USA,1
2007.0,2007,-0.0013443998105584498,336.24658,0.9818852743843822,7.0,R10NORTH_AM,USA,USA,1
2008.0,2008,-5.675258746218326e-05,334.8245,0.9840522327814855,8.0,R10NORTH_AM,USA,USA,1
2009.0,2009,0.0005580325658265384,334.8395,0.9871252508421181,9.0,R10NORTH_AM,USA,USA,1
2010.0,2010,0.002501736038285074,334.98990000000003,0.9971983294635198,10.0,R10NORTH_AM,USA,USA,1
2011.0,2011,0.0028831808985017027,335.2927,1.0,11.0,R10NORTH_AM,USA,USA,1
2012.0,2012,-0.0001487841783238686,333.99240000000003,0.9811550467405665,12.0,R10NORTH_AM,USA,USA,1
2013.0,2013,-0.003594898478855413,334.7295,0.9664911090323154,13.0,R10NORTH_AM,USA,USA,1
2014.0,2014,-0.006961502805733821,335.7748,0.9532409419022314,14.0,R10NORTH_AM,USA,USA,1
2015.0,2015,-0.02259282498758175,339.20120000000003,0.8895270439112615,15.0,R10NORTH_AM,USA,USA,1
2016.0,2016,-0.03367123728746002,340.1542,0.8426059710566561,16.0,R10NORTH_AM,USA,USA,1
2017.0,2017,-0.036067542704578126,333.74401,0.8165272103063845,17.0,R10NORTH_AM,USA,USA,1
2018.0,2018,-0.04448607027475693,328.75601,0.7698089866301813,18.0,R10NORTH_AM,USA,USA,1
2019.0,2019,-0.05399145423488816,324.24891,0.722234092655625,19.0,R10NORTH_AM,USA,USA,1
2020.0,2020,-0.05009769454174562,302.57636,0.6879452318977687,20.0,R10NORTH_AM,USA,USA,1
2021.0,2021,-0.04678483851457216,286.61596000000003,0.6631003233239513,21.0,R10NORTH_AM,USA,USA,1
2005.0,2005,0.004901921370252138,40.6851,0.9554190776281868,5.0,R10REF_ECON,RUS,RUS,0
2006.0,2006,0.004708495488063402,40.9001,0.9595439702091092,6.0,R10REF_ECON,RUS,RUS,0
2007.0,2007,0.004954325230533296,40.8501,0.9595439702091092,7.0,R10REF_ECON,RUS,RUS,0
2008.0,2008,0.00405633086167434,41.0821,0.9606897737038097,8.0,R10REF_ECON,RUS,RUS,0
2009.0,2009,0.004535812469036893,41.2921,0.9679083357204239,9.0,R10REF_ECON,RUS,RUS,0
2010.0,2010,0.0026008401963719674,41.6921,0.9679083357204239,10.0,R10REF_ECON,RUS,RUS,0
2011.0,2011,0.0022036732400980696,41.8721,0.9701632769979949,11.0,R10REF_ECON,RUS,RUS,0
2012.0,2012,0.003445784587507328,41.8721,0.9761902033801203,12.0,R10REF_ECON,RUS,RUS,0
2013.0,2013,-0.00161581965462676,41.9221,0.9529533085075909,13.0,R10REF_ECON,RUS,RUS,0
2014.0,2014,0.004576605517418342,42.2371,0.9902606702950443,14.0,R10REF_ECON,RUS,RUS,0
2015.0,2015,0.006544903020769377,42.2371,1.0,15.0,R10REF_ECON,RUS,RUS,0
2016.0,2016,0.005744350898874373,42.3355,0.998350042967631,16.0,R10REF_ECON,RUS,RUS,0
2017.0,2017,-0.0021596182358261107,42.5985,0.9656946433686623,17.0,R10REF_ECON,RUS,RUS,0
2018.0,2018,0.0007539512929946035,41.5845,0.9565511314809511,18.0,R10REF_ECON,RUS,RUS,0
2019.0,2019,-0.009596364136231328,43.2125,0.9436493841306215,19.0,R10REF_ECON,RUS,RUS,0
2020.0,2020,-0.01255780899425174,43.6375,0.9387682612431967,20.0,R10REF_ECON,RUS,RUS,0
2021.0,2021,-0.018567093935850543,43.5655,0.9090461185906616,21.0,R10REF_ECON,RUS,RUS,0
2005.0,2005,-0.010475576248993979,2.593,0.9487080601619745,5.0,R10EUROPE,BEL,BEL,1
2006.0,2006,-0.029402496497044295,2.46,0.8172001542614733,6.0,R10EUROPE,BEL,BEL,1
2007.0,2007,-0.029402496497044295,2.46,0.8172001542614733,7.0,R10EUROPE,BEL,BEL,1
2008.0,2008,-0.029402496497044295,2.46,0.8172001542614733,8.0,R10EUROPE,BEL,BEL,1
2009.0,2009,-0.05367166887649255,2.46,0.7200154261473197,9.0,R10EUROPE,BEL,BEL,1
2010.0,2010,-0.10534251216558443,2.46,0.5437716930196683,10.0,R10EUROPE,BEL,BEL,1
2011.0,2011,-0.07824048114122206,2.119,0.5437716930196683,11.0,R10EUROPE,BEL,BEL,1
2012.0,2012,-0.11506091546954023,2.119,0.44350173544157345,12.0,R10EUROPE,BEL,BEL,1
2013.0,2013,-0.23367778763121172,2.119,0.21596606247589667,13.0,R10EUROPE,BEL,BEL,1
2014.0,2014,-0.21402498293487748,1.867,0.21596606247589667,14.0,R10EUROPE,BEL,BEL,1
2015.0,2015,-0.16863108360674728,1.41,0.21596606247589667,15.0,R10EUROPE,BEL,BEL,1
2016.0,2016,-1.0,1.41,0.0,16.0,R10EUROPE,BEL,BEL,1
2017.0,2017,-1.0,1.15,0.0,17.0,R10EUROPE,BEL,BEL,1
2018.0,2018,-1.0,0.56,0.0,18.0,R10EUROPE,BEL,BEL,1
2019.0,2019,-1.0,0.56,0.0,19.0,R10EUROPE,BEL,BEL,1
2020.0,2020,-1.0,0.56,0.0,20.0,R10EUROPE,BEL,BEL,1
2009.0,2009,0.004311272610784345,5.565,0.894587791063562,5.0,R10EUROPE,BGR,BGR,1
2010.0,2010,0.004311272610784345,5.565,0.894587791063562,6.0,R10EUROPE,BGR,BGR,1
2011.0,2011,0.026936863873497474,5.565,1.0,7.0,R10EUROPE,BGR,BGR,1
2012.0,2012,0.026936863873497474,5.565,1.0,8.0,R10EUROPE,BGR,BGR,1
2013.0,2013,0.02005943560157153,5.565,0.9669603524229075,9.0,R10EUROPE,BGR,BGR,1
2014.0,2014,0.008642833999948474,5.686,0.933920704845815,10.0,R10EUROPE,BGR,BGR,1
2015.0,2015,-0.021671933611480676,5.686,0.801762114537445,11.0,R10EUROPE,BGR,BGR,1
2016.0,2016,-0.04322657024946763,6.356,0.801762114537445,12.0,R10EUROPE,BGR,BGR,1
2017.0,2017,-0.04124464941360806,6.356,0.8101006922592826,13.0,R10EUROPE,BGR,BGR,1
2018.0,2018,-0.03478054455476276,6.146,0.8101006922592826,14.0,R10EUROPE,BGR,BGR,1
2019.0,2019,-0.02804580193108075,5.936,0.8101006922592826,15.0,R10EUROPE,BGR,BGR,1
2020.0,2020,0.002071463080215663,5.096,0.8101006922592826,16.0,R10EUROPE,BGR,BGR,1
2021.0,2021,0.002071463080215663,5.096,0.8101006922592826,17.0,R10EUROPE,BGR,BGR,1
2013.0,2013,-0.014540571233093158,8.921100000000001,0.9293809059420922,5.0,R10EUROPE,CZE,CZE,1
2014.0,2014,-0.011352118038792325,8.921100000000001,0.944513568954501,6.0,R10EUROPE,CZE,CZE,1
2015.0,2015,-0.011352118038792325,8.921100000000001,0.944513568954501,7.0,R10EUROPE,CZE,CZE,1
2016.0,2016,-0.003726769699768484,8.921100000000001,0.9815045229848336,8.0,R10EUROPE,CZE,CZE,1
2017.0,2017,0.010973360462800397,8.2911,0.9815045229848336,9.0,R10EUROPE,CZE,CZE,1
2018.0,2018,0.010973360462800397,8.2911,0.9815045229848336,10.0,R10EUROPE,CZE,CZE,1
2019.0,2019,0.003066782453339023,8.4261,0.9590857629664503,11.0,R10EUROPE,CZE,CZE,1
2020.0,2020,-0.009186846585534258,8.4261,0.9019179249195727,12.0,R10EUROPE,CZE,CZE,1
2021.0,2021,-0.030505214548691928,8.7561,0.84065866316934,13.0,R10EUROPE,CZE,CZE,1
2009.0,2009,0.0,1.609,1.0,5.0,R10EUROPE,HUN,HUN,1
2010.0,2010,0.0,1.609,1.0,6.0,R10EUROPE,HUN,HUN,1
2011.0,2011,-0.041164048620700555,1.609,0.8104412678682412,7.0,R10EUROPE,HUN,HUN,1
2012.0,2012,-0.05791593801193651,1.609,0.7420758234928527,8.0,R10EUROPE,HUN,HUN,1
2013.0,2013,-0.05791593801193651,1.609,0.7420758234928527,9.0,R10EUROPE,HUN,HUN,1
2014.0,2014,-0.05791593801193651,1.609,0.7420758234928527,10.0,R10EUROPE,HUN,HUN,1
2015.0,2015,-0.05791593801193651,1.609,0.7420758234928527,11.0,R10EUROPE,HUN,HUN,1
2016.0,2016,-0.017471069338960588,1.304,0.7420758234928527,12.0,R10EUROPE,HUN,HUN,1
2017.0,2017,0.0,1.194,0.7420758234928527,13.0,R10EUROPE,HUN,HUN,1
2018.0,2018,0.0,1.194,0.7420758234928527,14.0,R10EUROPE,HUN,HUN,1
2019.0,2019,0.0,1.194,0.7420758234928527,15.0,R10EUROPE,HUN,HUN,1
2020.0,2020,0.0,1.194,0.7420758234928527,16.0,R10EUROPE,HUN,HUN,1
2021.0,2021,0.0,1.194,0.7420758234928527,17.0,R10EUROPE,HUN,HUN,1
2011.0,2011,-0.014727099786445597,13.7206,0.9285016690232205,5.0,R10EUROPE,ESP,ESP,1
2012.0,2012,-0.01631708404996879,12.9676,0.8704867134090346,6.0,R10EUROPE,ESP,ESP,1
2013.0,2013,-0.02520909342354316,12.8996,0.8274856784688717,7.0,R10EUROPE,ESP,ESP,1
2014.0,2014,-0.02520909342354316,12.8996,0.8274856784688717,8.0,R10EUROPE,ESP,ESP,1
2015.0,2015,-0.029610213355891757,12.8996,0.8089733685115812,9.0,R10EUROPE,ESP,ESP,1
2016.0,2016,-0.03666881137774791,12.7396,0.7703015903094618,10.0,R10EUROPE,ESP,ESP,1
2017.0,2017,-0.024157497915848647,11.9436,0.7703015903094618,11.0,R10EUROPE,ESP,ESP,1
2018.0,2018,-0.021124695455939868,11.3536,0.7436992551346152,12.0,R10EUROPE,ESP,ESP,1
2019.0,2019,-0.025968932239236464,11.3536,0.725478477617597,13.0,R10EUROPE,ESP,ESP,1
2020.0,2020,-0.14085325759250844,11.0996,0.37867877498068603,14.0,R10EUROPE,ESP,ESP,1
2021.0,2021,-0.19028516740334456,10.569,0.26811509700741953,15.0,R10EUROPE,ESP,ESP,1
2006.0,2006,0.002314303863928835,8.602,0.8730811678539179,5.0,R10EUROPE,ITA,ITA,1
2007.0,2007,0.002314303863928835,8.602,0.8730811678539179,6.0,R10EUROPE,ITA,ITA,1
2008.0,2008,-0.012882909572833445,8.602,0.8088692685863348,7.0,R10EUROPE,ITA,ITA,1
2009.0,2009,0.00870719667390163,8.352,0.8750877897060299,8.0,R10EUROPE,ITA,ITA,1
2010.0,2010,0.02751714187320231,8.702,1.0,9.0,R10EUROPE,ITA,ITA,1
2011.0,2011,0.02751714187320231,8.702,1.0,10.0,R10EUROPE,ITA,ITA,1
2012.0,2012,0.02751714187320231,8.702,1.0,11.0,R10EUROPE,ITA,ITA,1
2013.0,2013,0.04333633644131729,8.062,1.0,12.0,R10EUROPE,ITA,ITA,1
2014.0,2014,0.02414388146700941,8.722,0.9859536470352162,13.0,R10EUROPE,ITA,ITA,1
2015.0,2015,-0.0056827627772553235,9.967,0.9719072940704323,14.0,R10EUROPE,ITA,ITA,1
2016.0,2016,-0.02666841364255179,9.967,0.8735828233169459,15.0,R10EUROPE,ITA,ITA,1
2017.0,2017,-0.03015876142498841,9.967,0.858031503963078,16.0,R10EUROPE,ITA,ITA,1
2018.0,2018,-0.03015876142498841,9.967,0.858031503963078,17.0,R10EUROPE,ITA,ITA,1
2019.0,2019,-0.027411013775834547,9.827,0.858031503963078,18.0,R10EUROPE,ITA,ITA,1
2020.0,2020,-0.04383515200787402,9.687,0.7767633189525434,19.0,R10EUROPE,ITA,ITA,1
2021.0,2021,-0.048070731508039755,8.707,0.6828534162737032,20.0,R10EUROPE,ITA,ITA,1
2012.0,2012,0.0022603598949546555,29.5076,0.9744013373995155,5.0,R10EUROPE,POL,POL,1
2013.0,2013,-0.0031153463227157063,29.9096,0.9614714006778421,6.0,R10EUROPE,POL,POL,1
2014.0,2014,-0.007157924864814258,30.1296,0.949063885641893,7.0,R10EUROPE,POL,POL,1
2015.0,2015,-0.007891909192026758,29.9936,0.941292863066746,8.0,R10EUROPE,POL,POL,1
2016.0,2016,-0.013229672836362227,30.6266,0.9355788758791378,9.0,R10EUROPE,POL,POL,1
2017.0,2017,-0.004831568939791198,29.8426,0.9510882696740741,10.0,R10EUROPE,POL,POL,1
2018.0,2018,-0.0021623815150204617,29.4466,0.9511209210294319,11.0,R10EUROPE,POL,POL,1
2019.0,2019,0.00874260095356938,29.0666,0.9912820881194778,12.0,R10EUROPE,POL,POL,1
2020.0,2020,0.003930327331243877,28.8286,0.9599367869760274,13.0,R10EUROPE,POL,POL,1
2021.0,2021,0.0035071557104220386,28.6536,0.9521004616901648,14.0,R10EUROPE,POL,POL,1
2005.0,2005,-0.01841116351376726,34.6565,0.9112720557471181,5.0,R10EUROPE,GBR,GBR,1
2006.0,2006,-0.01841116351376726,34.6565,0.9112720557471181,6.0,R10EUROPE,GBR,GBR,1
2007.0,2007,-0.013062451764115357,33.6565,0.9093532237819745,7.0,R10EUROPE,GBR,GBR,1
2008.0,2008,-0.0004214877792843019,31.5815,0.9093532237819745,8.0,R10EUROPE,GBR,GBR,1
2009.0,2009,-0.0004214877792843019,31.5815,0.9093532237819745,9.0,R10EUROPE,GBR,GBR,1
2010.0,2010,-0.0004214877792843019,31.5815,0.9093532237819745,10.0,R10EUROPE,GBR,GBR,1
2011.0,2011,-0.013871618158052601,31.5815,0.8497972963224791,11.0,R10EUROPE,GBR,GBR,1
2012.0,2012,-0.028456552913150635,31.515,0.7871250703331265,12.0,R10EUROPE,GBR,GBR,1
2013.0,2013,-0.06021944755599651,31.515,0.6665993392292932,13.0,R10EUROPE,GBR,GBR,1
2014.0,2014,-0.07609962171527562,31.515,0.6121506788048418,14.0,R10EUROPE,GBR,GBR,1
2015.0,2015,-0.08010592098891578,31.515,0.5989929739009998,15.0,R10EUROPE,GBR,GBR,1
2016.0,2016,-0.12113797265783721,29.451,0.4455729805375615,16.0,R10EUROPE,GBR,GBR,1
2017.0,2017,-0.11035968238575355,27.279,0.43864787269343414,17.0,R10EUROPE,GBR,GBR,1
2018.0,2018,-0.1174547090437803,23.102,0.356902745516714,18.0,R10EUROPE,GBR,GBR,1
2019.0,2019,-0.14573058967462615,21.215,0.2785047537979888,19.0,R10EUROPE,GBR,GBR,1
2020.0,2020,-0.2114812798762895,20.759,0.18259201015682483,20.0,R10EUROPE,GBR,GBR,1
2021.0,2021,-0.16341016287995702,15.442,0.18259201015682483,21.0,R10EUROPE,GBR,GBR,1
2005.0,2005,-0.024845077140724592,18.5442,0.8817959254106406,5.0,R10NORTH_AM,CAN,CAN,1
2006.0,2006,-0.024845077140724592,18.5442,0.8817959254106406,6.0,R10NORTH_AM,CAN,CAN,1
2007.0,2007,-0.024845077140724592,18.5442,0.8817959254106406,7.0,R10NORTH_AM,CAN,CAN,1
2008.0,2008,-0.024845077140724592,18.5442,0.8817959254106406,8.0,R10NORTH_AM,CAN,CAN,1
2009.0,2009,-0.024845077140724592,18.5442,0.8817959254106406,9.0,R10NORTH_AM,CAN,CAN,1
2010.0,2010,-0.030124240633879973,16.3522,0.7567433483245436,10.0,R10NORTH_AM,CAN,CAN,1
2011.0,2011,-0.03692284361674625,16.3522,0.7305896183173175,11.0,R10NORTH_AM,CAN,CAN,1
2012.0,2012,-0.04021519854892186,16.3522,0.7181868185200763,12.0,R10NORTH_AM,CAN,CAN,1
2013.0,2013,-0.08950290179304876,16.3522,0.5517736003710055,13.0,R10NORTH_AM,CAN,CAN,1
2014.0,2014,-0.09439591310563733,16.3522,0.5371059414803551,14.0,R10NORTH_AM,CAN,CAN,1
2015.0,2015,-0.06626794396198044,14.0332,0.5371059414803551,15.0,R10NORTH_AM,CAN,CAN,1
2016.0,2016,-0.059676495395992846,13.5482,0.5371059414803551,16.0,R10NORTH_AM,CAN,CAN,1
2017.0,2017,-0.05645089865436592,13.3182,0.5371059414803551,17.0,R10NORTH_AM,CAN,CAN,1
2018.0,2018,-0.01902499078142983,10.2322,0.5012456725013751,18.0,R10NORTH_AM,CAN,CAN,1
2019.0,2019,-0.016907173888516036,9.9602,0.49321081524142324,19.0,R10NORTH_AM,CAN,CAN,1
2020.0,2020,-0.02521539165877895,9.9602,0.47271923296772045,20.0,R10NORTH_AM,CAN,CAN,1
2021.0,2021,-0.1239364076751277,9.9602,0.2771648278167837,21.0,R10NORTH_AM,CAN,CAN,1
2014.0,2014,0.0,4.405,1.0,5.0,R10REF_ECON,SRB,SRB,0
2015.0,2015,0.0,4.405,1.0,6.0,R10REF_ECON,SRB,SRB,0
2016.0,2016,0.0,4.405,1.0,7.0,R10REF_ECON,SRB,SRB,0
2017.0,2017,0.0,4.405,1.0,8.0,R10REF_ECON,SRB,SRB,0
2018.0,2018,0.0,4.405,1.0,9.0,R10REF_ECON,SRB,SRB,0
2019.0,2019,0.0,4.405,1.0,10.0,R10REF_ECON,SRB,SRB,0
2020.0,2020,0.0,4.405,1.0,11.0,R10REF_ECON,SRB,SRB,0
2021.0,2021,0.0,4.405,1.0,12.0,R10REF_ECON,SRB,SRB,0
2013.0,2013,-0.006237493066572286,0.974,0.6426140231449965,5.0,R10EUROPE,SVN,SVN,1
2014.0,2014,-0.022555372391976358,0.974,0.5915588835942818,6.0,R10EUROPE,SVN,SVN,1
2015.0,2015,0.09247110814677684,0.944,1.0,7.0,R10EUROPE,SVN,SVN,1
2016.0,2016,0.09247110814677684,0.944,1.0,8.0,R10EUROPE,SVN,SVN,1
2017.0,2017,0.09247110814677684,0.944,1.0,9.0,R10EUROPE,SVN,SVN,1
2018.0,2018,0.025182401022583845,0.944,0.7277059223961878,10.0,R10EUROPE,SVN,SVN,1
2019.0,2019,0.0422972351870039,0.869,0.7277059223961878,11.0,R10EUROPE,SVN,SVN,1
2020.0,2020,-0.06159312280426221,1.469,0.7277059223961878,12.0,R10EUROPE,SVN,SVN,1
2021.0,2021,-0.06159312280426221,1.469,0.7277059223961878,13.0,R10EUROPE,SVN,SVN,1
2013.0,2013,-0.05256769806107464,1.065,0.7633802816901408,5.0,R10EUROPE,SVK,SVK,1
2014.0,2014,-0.05256769806107464,1.065,0.7633802816901408,6.0,R10EUROPE,SVK,SVK,1
2015.0,2015,-0.06837829784568461,0.845,0.5568075117370892,7.0,R10EUROPE,SVK,SVK,1
2016.0,2016,-0.06837829784568461,0.845,0.5568075117370892,8.0,R10EUROPE,SVK,SVK,1
2017.0,2017,-0.06837829784568461,0.845,0.5568075117370892,9.0,R10EUROPE,SVK,SVK,1
2018.0,2018,-0.061157309075305255,0.813,0.5568075117370892,10.0,R10EUROPE,SVK,SVK,1
2019.0,2019,-0.061157309075305255,0.813,0.5568075117370892,11.0,R10EUROPE,SVK,SVK,1
2020.0,2020,-0.011033379507584762,0.593,0.5267605633802818,12.0,R10EUROPE,SVK,SVK,1
2021.0,2021,-0.011033379507584762,0.593,0.5267605633802818,13.0,R10EUROPE,SVK,SVK,1
2021.0,2021,0.0,2.493,1.0,5.0,R10REF_ECON,UZB,UZB,0
2015.0,2015,-0.018902726211886822,30.514,0.9089925935636101,5.0,R10PAC_OECD,AUS,AUS,1
2016.0,2016,-0.023537771535237062,30.389,0.8840859933145442,6.0,R10PAC_OECD,AUS,AUS,1
2017.0,2017,-0.032341263856295765,29.628,0.8237858032378581,7.0,R10PAC_OECD,AUS,AUS,1
2018.0,2018,-0.032341263856295765,29.628,0.8237858032378581,8.0,R10PAC_OECD,AUS,AUS,1
2019.0,2019,-0.023611686814743793,28.327,0.8237858032378581,9.0,R10PAC_OECD,AUS,AUS,1
2020.0,2020,-0.019492789558939405,27.737,0.8237858032378581,10.0,R10PAC_OECD,AUS,AUS,1
2021.0,2021,-0.014029414884192515,26.977,0.8237858032378581,11.0,R10PAC_OECD,AUS,AUS,1
2008.0,2008,-0.004192569086508446,3.7522,0.9792121955119663,5.0,R10EUROPE,FIN,FIN,1
2009.0,2009,-0.004192569086508446,3.7522,0.9792121955119663,6.0,R10EUROPE,FIN,FIN,1
2010.0,2010,-0.004192569086508446,3.7522,0.9792121955119663,7.0,R10EUROPE,FIN,FIN,1
2011.0,2011,0.0,3.6742,0.9792121955119663,8.0,R10EUROPE,FIN,FIN,1
2012.0,2012,0.0,3.6742,0.9792121955119663,9.0,R10EUROPE,FIN,FIN,1
2013.0,2013,-0.004393119251892674,3.6742,0.9578913703960342,10.0,R10EUROPE,FIN,FIN,1
2014.0,2014,-0.06724382583941413,3.6742,0.6913810564468844,11.0,R10EUROPE,FIN,FIN,1
2015.0,2015,-0.06724382583941413,3.6742,0.6913810564468844,12.0,R10EUROPE,FIN,FIN,1
2016.0,2016,-0.06724382583941413,3.6742,0.6913810564468844,13.0,R10EUROPE,FIN,FIN,1
2017.0,2017,-0.13676472923855743,3.6742,0.4693779649272427,14.0,R10EUROPE,FIN,FIN,1
2018.0,2018,-0.1329557002330073,3.5942,0.4693779649272427,15.0,R10EUROPE,FIN,FIN,1
2019.0,2019,-0.08951307019243271,2.5942,0.43259954160226,16.0,R10EUROPE,FIN,FIN,1
2020.0,2020,-0.099841325214027,2.5942,0.4086136133468365,17.0,R10EUROPE,FIN,FIN,1
2021.0,2021,-0.099841325214027,2.5942,0.4086136133468365,18.0,R10EUROPE,FIN,FIN,1
2005.0,2005,-0.016839505358255624,8.402,0.9135890151515151,5.0,R10EUROPE,FRA,FRA,1
2006.0,2006,-0.021780519186136327,8.402,0.8908617424242423,6.0,R10EUROPE,FRA,FRA,1
2007.0,2007,-0.021780519186136327,8.402,0.8908617424242423,7.0,R10EUROPE,FRA,FRA,1
2008.0,2008,-0.019194653117125426,8.402,0.9026988636363636,8.0,R10EUROPE,FRA,FRA,1
2009.0,2009,-0.02026509901009621,8.448,0.9026988636363636,9.0,R10EUROPE,FRA,FRA,1
2010.0,2010,-0.0023954865677633386,7.718,0.9026988636363636,10.0,R10EUROPE,FRA,FRA,1
2011.0,2011,0.0026434415994858185,7.526,0.9026988636363636,11.0,R10EUROPE,FRA,FRA,1
2012.0,2012,0.009644735546462835,7.526,0.9346590909090908,12.0,R10EUROPE,FRA,FRA,1
2013.0,2013,-0.037146361585572496,7.626,0.7470407196969696,13.0,R10EUROPE,FRA,FRA,1
2014.0,2014,-0.053433069289733015,7.626,0.6859611742424242,14.0,R10EUROPE,FRA,FRA,1
2015.0,2015,-0.132947770333688,7.626,0.44235321969696967,15.0,R10EUROPE,FRA,FRA,1
2016.0,2016,-0.132947770333688,7.626,0.44235321969696967,16.0,R10EUROPE,FRA,FRA,1
2017.0,2017,-0.13896026890229574,7.896,0.44235321969696967,17.0,R10EUROPE,FRA,FRA,1
2018.0,2018,-0.09949737418646076,6.311,0.44235321969696967,18.0,R10EUROPE,FRA,FRA,1
2019.0,2019,-0.08400325266411979,5.795,0.44235321969696967,19.0,R10EUROPE,FRA,FRA,1
2020.0,2020,0.0,3.737,0.44235321969696967,20.0,R10EUROPE,FRA,FRA,1
2021.0,2021,-0.03625168647803534,3.737,0.3677793560606061,21.0,R10EUROPE,FRA,FRA,1
2015.0,2015,-0.011112125174927878,5.208,0.9456605222734255,5.0,R10EUROPE,GRC,GRC,1
2016.0,2016,-0.024708796928857413,4.958,0.8400537634408601,6.0,R10EUROPE,GRC,GRC,1
2017.0,2017,-0.024708796928857413,4.958,0.8400537634408601,7.0,R10EUROPE,GRC,GRC,1
2018.0,2018,-0.023405296681519472,4.925,0.8400537634408601,8.0,R10EUROPE,GRC,GRC,1
2019.0,2019,-0.05179521145511079,4.925,0.7248463901689708,9.0,R10EUROPE,GRC,GRC,1
2020.0,2020,-0.08405900145916667,4.925,0.6096390168970813,10.0,R10EUROPE,GRC,GRC,1
2021.0,2021,-0.10410592370512284,4.375,0.48483102918586785,11.0,R10EUROPE,GRC,GRC,1
2006.0,2006,-0.03839810093347207,1.856,0.822198275862069,5.0,R10EUROPE,AUT,AUT,1
2007.0,2007,-0.03839810093347207,1.856,0.822198275862069,6.0,R10EUROPE,AUT,AUT,1
2008.0,2008,-0.046863772638341517,1.856,0.7866379310344827,7.0,R10EUROPE,AUT,AUT,1
2009.0,2009,-0.046863772638341517,1.856,0.7866379310344827,8.0,R10EUROPE,AUT,AUT,1
2010.0,2010,-0.054155657533017765,1.856,0.7570043103448275,9.0,R10EUROPE,AUT,AUT,1
2011.0,2011,-0.044872711102912355,1.526,0.6535560344827587,10.0,R10EUROPE,AUT,AUT,1
2012.0,2012,-0.044872711102912355,1.526,0.6535560344827587,11.0,R10EUROPE,AUT,AUT,1
2013.0,2013,-0.03638935496551443,1.46,0.6535560344827587,12.0,R10EUROPE,AUT,AUT,1
2014.0,2014,-0.03638935496551443,1.46,0.6535560344827587,13.0,R10EUROPE,AUT,AUT,1
2015.0,2015,-0.11494625773668343,1.405,0.4110991379310345,14.0,R10EUROPE,AUT,AUT,1
2016.0,2016,-0.13190335729586955,1.213,0.32219827586206895,15.0,R10EUROPE,AUT,AUT,1
2017.0,2017,-0.13190335729586955,1.213,0.32219827586206895,16.0,R10EUROPE,AUT,AUT,1
2018.0,2018,-0.13190335729586955,1.213,0.32219827586206895,17.0,R10EUROPE,AUT,AUT,1
2019.0,2019,-0.27320009604095663,1.213,0.13254310344827586,18.0,R10EUROPE,AUT,AUT,1
2020.0,2020,-1.0,0.763,0.0,19.0,R10EUROPE,AUT,AUT,1
2021.0,2021,-1.0,0.598,0.0,20.0,R10EUROPE,AUT,AUT,1
2007.0,2007,-0.002970559610660506,4.741,0.9852351824509599,5.0,R10EUROPE,DNK,DNK,1
2008.0,2008,-0.002970559610660506,4.741,0.9852351824509599,6.0,R10EUROPE,DNK,DNK,1
2009.0,2009,-0.006199272846113546,4.671,0.9550727694579203,7.0,R10EUROPE,DNK,DNK,1
2010.0,2010,-0.02094016107240393,4.671,0.8863109048723898,8.0,R10EUROPE,DNK,DNK,1
2011.0,2011,-0.02094016107240393,4.671,0.8863109048723898,9.0,R10EUROPE,DNK,DNK,1
2012.0,2012,-0.033662029934451554,4.671,0.8302045981860368,10.0,R10EUROPE,DNK,DNK,1
2013.0,2013,-0.033662029934451554,4.671,0.8302045981860368,11.0,R10EUROPE,DNK,DNK,1
2014.0,2014,-0.043193832359264106,4.528,0.7658721788652183,12.0,R10EUROPE,DNK,DNK,1
2015.0,2015,-0.028787999119422314,4.202,0.7658721788652183,13.0,R10EUROPE,DNK,DNK,1
2016.0,2016,-0.07277039838783483,4.202,0.6074667791605147,14.0,R10EUROPE,DNK,DNK,1
2017.0,2017,-0.06056339238980035,3.936,0.6074667791605147,15.0,R10EUROPE,DNK,DNK,1
2018.0,2018,-0.06056339238980035,3.936,0.6074667791605147,16.0,R10EUROPE,DNK,DNK,1
2019.0,2019,-0.1287313571761609,3.631,0.38451803417000635,17.0,R10EUROPE,DNK,DNK,1
2020.0,2020,-0.15546107736470272,3.631,0.32904450537861213,18.0,R10EUROPE,DNK,DNK,1
2021.0,2021,-0.11540104473796475,2.88,0.32904450537861213,19.0,R10EUROPE,DNK,DNK,1
2019.0,2019,0.0,0.141,1.0,5.0,R10EUROPE,SWE,SWE,1
2020.0,2020,-1.0,0.141,0.0,6.0,R10EUROPE,SWE,SWE,1
2021.0,2021,-1.0,0.141,0.0,7.0,R10EUROPE,SWE,SWE,1
2005.0,2005,0.0,1.978,1.0,5.0,R10EUROPE,PRT,PRT,1
2006.0,2006,0.0,1.978,1.0,6.0,R10EUROPE,PRT,PRT,1
2007.0,2007,0.0,1.978,1.0,7.0,R10EUROPE,PRT,PRT,1
2008.0,2008,0.0,1.978,1.0,8.0,R10EUROPE,PRT,PRT,1
2009.0,2009,0.0,1.978,1.0,9.0,R10EUROPE,PRT,PRT,1
2010.0,2010,0.0,1.978,1.0,10.0,R10EUROPE,PRT,PRT,1
2011.0,2011,0.0,1.978,1.0,11.0,R10EUROPE,PRT,PRT,1
2012.0,2012,0.0,1.978,1.0,12.0,R10EUROPE,PRT,PRT,1
2013.0,2013,0.0,1.978,1.0,13.0,R10EUROPE,PRT,PRT,1
2014.0,2014,0.0,1.978,1.0,14.0,R10EUROPE,PRT,PRT,1
2015.0,2015,0.0,1.978,1.0,15.0,R10EUROPE,PRT,PRT,1
2016.0,2016,0.0,1.978,1.0,16.0,R10EUROPE,PRT,PRT,1
2017.0,2017,0.0,1.978,1.0,17.0,R10EUROPE,PRT,PRT,1
2018.0,2018,0.0,1.978,1.0,18.0,R10EUROPE,PRT,PRT,1
2019.0,2019,0.0,1.978,1.0,19.0,R10EUROPE,PRT,PRT,1
2020.0,2020,0.0,1.978,1.0,20.0,R10EUROPE,PRT,PRT,1
2021.0,2021,-1.0,1.978,0.0,21.0,R10EUROPE,PRT,PRT,1
2011.0,2011,-0.006845270607542808,7.405,0.9662390276839973,5.0,R10EUROPE,ROU,ROU,1
2012.0,2012,-0.012744782851064507,7.405,0.937879810938555,6.0,R10EUROPE,ROU,ROU,1
2013.0,2013,-0.01164925222940405,7.205,0.9176232275489534,7.0,R10EUROPE,ROU,ROU,1
2014.0,2014,-0.01164925222940405,7.205,0.9176232275489534,8.0,R10EUROPE,ROU,ROU,1
2015.0,2015,-0.032515015526319746,7.155,0.8190411883862255,9.0,R10EUROPE,ROU,ROU,1
2016.0,2016,-0.03572665483718518,7.155,0.8055367994598244,10.0,R10EUROPE,ROU,ROU,1
2017.0,2017,-0.029964474696655752,6.945,0.8055367994598244,11.0,R10EUROPE,ROU,ROU,1
2018.0,2018,-0.025719080367772817,6.795,0.8055367994598244,12.0,R10EUROPE,ROU,ROU,1
2019.0,2019,-0.059317804425557785,6.795,0.675894665766374,13.0,R10EUROPE,ROU,ROU,1
2020.0,2020,-0.03769076120779913,6.065,0.675894665766374,14.0,R10EUROPE,ROU,ROU,1
2021.0,2021,-0.11246602859230315,5.965,0.4436191762322755,15.0,R10EUROPE,ROU,ROU,1
2005.0,2005,0.0,3.261,0.5312805474095798,5.0,R10REST_ASIA,THA,THA,0
2006.0,2006,0.04054962249647498,3.261,0.6480938416422288,6.0,R10REST_ASIA,THA,THA,0
2007.0,2007,0.075615271216952,3.261,0.7649071358748779,7.0,R10REST_ASIA,THA,THA,0
2008.0,2008,0.0772597410282112,3.261,0.770772238514174,8.0,R10REST_ASIA,THA,THA,0
2009.0,2009,0.0772597410282112,3.261,0.770772238514174,9.0,R10REST_ASIA,THA,THA,0
2010.0,2010,0.08110315781476873,3.261,0.7846203975236233,10.0,R10REST_ASIA,THA,THA,0
2011.0,2011,0.03897318728634791,3.978,0.7846203975236233,11.0,R10REST_ASIA,THA,THA,0
2012.0,2012,0.04256590748664446,4.695,0.9421635711958294,12.0,R10REST_ASIA,THA,THA,0
2013.0,2013,0.04097439886916532,4.731,0.9421635711958294,13.0,R10REST_ASIA,THA,THA,0
2014.0,2014,0.04097439886916532,4.731,0.9421635711958294,14.0,R10REST_ASIA,THA,THA,0
2015.0,2015,0.03727364334914873,4.816,0.9421635711958294,15.0,R10REST_ASIA,THA,THA,0
2016.0,2016,0.03727364334914873,4.816,0.9421635711958294,16.0,R10REST_ASIA,THA,THA,0
2017.0,2017,0.0,5.783,0.9421635711958294,17.0,R10REST_ASIA,THA,THA,0
2018.0,2018,0.0,5.783,0.9421635711958294,18.0,R10REST_ASIA,THA,THA,0
2019.0,2019,0.011986545082931954,5.783,1.0,19.0,R10REST_ASIA,THA,THA,0
2020.0,2020,0.011986545082931954,5.783,1.0,20.0,R10REST_ASIA,THA,THA,0
2021.0,2021,0.011986545082931954,5.783,1.0,21.0,R10REST_ASIA,THA,THA,0
2017.0,2017,-0.07789208851827223,0.75,0.6666666666666666,5.0,R10PAC_OECD,NZL,NZL,1
2018.0,2018,0.0,0.5,0.6666666666666666,6.0,R10PAC_OECD,NZL,NZL,1
2019.0,2019,0.0,0.5,0.6666666666666666,7.0,R10PAC_OECD,NZL,NZL,1
2020.0,2020,0.0,0.5,0.6666666666666666,8.0,R10PAC_OECD,NZL,NZL,1
2021.0,2021,0.0,0.5,0.6666666666666666,9.0,R10PAC_OECD,NZL,NZL,1
