year,Country Code,growth_rate,Capacity (GW),AR6_R10,ISO,R_Choice
2000,DEU,0.0718517936984524,12.543,R10EUROPE,DEU,1
2001,DEU,0.04932949033567424,12.787,R10EUROPE,DEU,1
2002,DEU,0.03866839771646502,12.9,R10EUROPE,DEU,1
2003,DEU,0.03182729412728569,12.986,R10EUROPE,DEU,1
2004,DEU,0.03671844270776514,13.553,R10EUROPE,DEU,1
2005,DEU,0.041013763851442064,15.335,R10EUROPE,DEU,1
2006,DEU,0.04269552485249073,15.76,R10EUROPE,DEU,1
2007,DEU,0.05810065492918337,17.109,R10EUROPE,DEU,1
2008,DEU,0.06684983124932176,17.947,R10EUROPE,DEU,1
2009,DEU,0.060409129171270504,18.172,R10EUROPE,DEU,1
2010,DEU,0.057240962991942146,20.256,R10EUROPE,DEU,1
2011,DEU,0.06034721707241397,21.125,R10EUROPE,DEU,1
2012,DEU,0.045177104152962055,21.339,R10EUROPE,DEU,1
2013,DEU,0.04470802263099949,22.334,R10EUROPE,DEU,1
2014,DEU,0.04402340954292683,22.54,R10EUROPE,DEU,1
2015,DEU,0.02427617903039425,22.837,R10EUROPE,DEU,1
2016,DEU,0.02987661420782417,24.475,R10EUROPE,DEU,1
2017,DEU,0.028129980998346626,24.514,R10EUROPE,DEU,1
2018,DEU,0.019117062329047307,24.552,R10EUROPE,DEU,1
2019,DEU,0.020098502864856815,24.898,R10EUROPE,DEU,1
2020,DEU,0.020340448577220505,25.256,R10EUROPE,DEU,1
2021,DEU,0.00646141354389429,25.276,R10EUROPE,DEU,1
2000,USA,0.06927562580570146,165.231,R10NORTH_AM,USA,1
2001,USA,0.10999075595601804,205.55,R10NORTH_AM,USA,1
2002,USA,0.1663700565610704,270.321,R10NORTH_AM,USA,1
2003,USA,0.2038857782954484,324.808,R10NORTH_AM,USA,1
2004,USA,0.20861861387216063,350.446,R10NORTH_AM,USA,1
2005,USA,0.17258692232478756,366.283,R10NORTH_AM,USA,1
2006,USA,0.12928982973844616,377.524,R10NORTH_AM,USA,1
2007,USA,0.07348676253010256,385.357,R10NORTH_AM,USA,1
2008,USA,0.03966787737465882,394.548,R10NORTH_AM,USA,1
2009,USA,0.029657525473621327,405.588,R10NORTH_AM,USA,1
2010,USA,0.024622487520401526,413.653,R10NORTH_AM,USA,1
2011,USA,0.023954590894202488,424.96,R10NORTH_AM,USA,1
2012,USA,0.024989620539344504,435.974,R10NORTH_AM,USA,1
2013,USA,0.02408363747737985,444.403,R10NORTH_AM,USA,1
2014,USA,0.023521699608070268,455.586,R10NORTH_AM,USA,1
2015,USA,0.024550454924300302,466.985,R10NORTH_AM,USA,1
2016,USA,0.024348859392551825,479.278,R10NORTH_AM,USA,1
2017,USA,0.024087566246902226,491.073,R10NORTH_AM,USA,1
2018,USA,0.029570245099372894,514.111,R10NORTH_AM,USA,1
2019,USA,0.02839229378463548,524.04,R10NORTH_AM,USA,1
2020,USA,0.025988784435717838,530.904,R10NORTH_AM,USA,1
2021,USA,0.02399732221363471,539.612,R10NORTH_AM,USA,1
2000,IND,0.1401313965531743,8.941,R10INDIA+,IND,0
2001,IND,0.1460430014469356,9.709,R10INDIA+,IND,0
2002,IND,0.10951681440614625,10.085,R10INDIA+,IND,0
2003,IND,0.061672955312478406,10.51,R10INDIA+,IND,0
2004,IND,0.05649738522494219,10.717,R10INDIA+,IND,0
2005,IND,0.04339858385180073,11.057,R10INDIA+,IND,0
2006,IND,0.05615686738338588,12.759,R10INDIA+,IND,0
2007,IND,0.06662408017455035,13.923,R10INDIA+,IND,0
2008,IND,0.059249035469683076,14.015,R10INDIA+,IND,0
2009,IND,0.08347827359968907,16.002,R10INDIA+,IND,0
2010,IND,0.09530986364471605,17.431,R10INDIA+,IND,0
2011,IND,0.06570655761596966,17.539,R10INDIA+,IND,0
2012,IND,0.06008970517415779,18.64,R10INDIA+,IND,0
2013,IND,0.06986102056152621,19.644,R10INDIA+,IND,0
2014,IND,0.07335775064472383,22.798,R10INDIA+,IND,0
2015,IND,0.07311653647086058,24.806,R10INDIA+,IND,0
2016,IND,0.07978580433240534,25.745,R10INDIA+,IND,0
2017,IND,0.0683284961677435,25.94,R10INDIA+,IND,0
2018,IND,0.05717773813360627,25.94,R10INDIA+,IND,0
2019,IND,0.026158966868054412,25.94,R10INDIA+,IND,0
2020,IND,0.010237322547251182,26.102,R10INDIA+,IND,0
2021,IND,0.0027580978219672314,26.102,R10INDIA+,IND,0
2000,KAZ,0.009987189062534041,2.785,R10REF_ECON,KAZ,1
2001,KAZ,0.0,2.785,R10REF_ECON,KAZ,1
2002,KAZ,0.0,2.785,R10REF_ECON,KAZ,1
2003,KAZ,0.0,2.785,R10REF_ECON,KAZ,1
2004,KAZ,0.0,2.785,R10REF_ECON,KAZ,1
2005,KAZ,0.0,2.785,R10REF_ECON,KAZ,1
2006,KAZ,0.0,2.785,R10REF_ECON,KAZ,1
2007,KAZ,0.016535592758032625,3.023,R10REF_ECON,KAZ,1
2008,KAZ,0.032313477157184245,3.265,R10REF_ECON,KAZ,1
2009,KAZ,0.032313477157184245,3.265,R10REF_ECON,KAZ,1
2010,KAZ,0.032313477157184245,3.265,R10REF_ECON,KAZ,1
2011,KAZ,0.032313477157184245,3.265,R10REF_ECON,KAZ,1
2012,KAZ,0.015521231633752741,3.265,R10REF_ECON,KAZ,1
2013,KAZ,0.0,3.265,R10REF_ECON,KAZ,1
2014,KAZ,0.0,3.265,R10REF_ECON,KAZ,1
2015,KAZ,0.006051879144139072,3.365,R10REF_ECON,KAZ,1
2016,KAZ,0.015442151322990538,3.525,R10REF_ECON,KAZ,1
2017,KAZ,0.02560706847972405,3.705,R10REF_ECON,KAZ,1
2018,KAZ,0.02560706847972405,3.705,R10REF_ECON,KAZ,1
2019,KAZ,0.042222567460633575,4.015,R10REF_ECON,KAZ,1
2020,KAZ,0.03595310447336497,4.015,R10REF_ECON,KAZ,1
2021,KAZ,0.026373157843360584,4.015,R10REF_ECON,KAZ,1
2000,RUS,0.0051015422108346975,74.636,R10REF_ECON,RUS,0
2001,RUS,0.003948736822724674,74.826,R10REF_ECON,RUS,0
2002,RUS,0.0037105018922305444,74.941,R10REF_ECON,RUS,0
2003,RUS,0.004937091194006982,75.851,R10REF_ECON,RUS,0
2004,RUS,0.00444895464276418,75.851,R10REF_ECON,RUS,0
2005,RUS,0.005551921967748896,76.731,R10REF_ECON,RUS,0
2006,RUS,0.008061317911327581,77.891,R10REF_ECON,RUS,0
2007,RUS,0.008488133197484427,78.176,R10REF_ECON,RUS,0
2008,RUS,0.01179477305644916,80.431,R10REF_ECON,RUS,0
2009,RUS,0.01298201954002609,80.904,R10REF_ECON,RUS,0
2010,RUS,0.013245211615679375,81.949,R10REF_ECON,RUS,0
2011,RUS,0.01975327714398034,85.894,R10REF_ECON,RUS,0
2012,RUS,0.02830462505069886,89.884,R10REF_ECON,RUS,0
2013,RUS,0.02674601092101092,91.778,R10REF_ECON,RUS,0
2014,RUS,0.036757130456777753,96.907,R10REF_ECON,RUS,0
2015,RUS,0.03844219843220453,98.959,R10REF_ECON,RUS,0
2016,RUS,0.03248770990882899,100.783,R10REF_ECON,RUS,0
2017,RUS,0.028106651258583915,103.246,R10REF_ECON,RUS,0
2018,RUS,0.02612995320990441,104.412,R10REF_ECON,RUS,0
2019,RUS,0.016501844087321915,105.171,R10REF_ECON,RUS,0
2020,RUS,0.012679731775901315,105.394,R10REF_ECON,RUS,0
2021,RUS,0.009293514940073022,105.554,R10REF_ECON,RUS,0
2000,BEL,0.14239798393618064,2.152,R10EUROPE,BEL,1
2001,BEL,0.2004285833098558,2.757,R10EUROPE,BEL,1
2002,BEL,0.2004285833098558,2.757,R10EUROPE,BEL,1
2003,BEL,0.07105946423495935,2.757,R10EUROPE,BEL,1
2004,BEL,0.06651816417881906,2.757,R10EUROPE,BEL,1
2005,BEL,0.0786993643265188,3.143,R10EUROPE,BEL,1
2006,BEL,0.03402138073176619,3.259,R10EUROPE,BEL,1
2007,BEL,0.03402138073176619,3.259,R10EUROPE,BEL,1
2008,BEL,0.0503752285387995,3.525,R10EUROPE,BEL,1
2009,BEL,0.05858916022189331,3.665,R10EUROPE,BEL,1
2010,BEL,0.07389308251136528,4.489,R10EUROPE,BEL,1
2011,BEL,0.10491646924378961,5.367,R10EUROPE,BEL,1
2012,BEL,0.10491646924378961,5.367,R10EUROPE,BEL,1
2013,BEL,0.08771343999619918,5.367,R10EUROPE,BEL,1
2014,BEL,0.07927352371646035,5.367,R10EUROPE,BEL,1
2015,BEL,0.03637373481980566,5.367,R10EUROPE,BEL,1
2016,BEL,0.0,5.367,R10EUROPE,BEL,1
2017,BEL,0.0,5.367,R10EUROPE,BEL,1
2018,BEL,0.0,5.367,R10EUROPE,BEL,1
2019,BEL,0.0,5.367,R10EUROPE,BEL,1
2020,BEL,0.0,5.367,R10EUROPE,BEL,1
2021,BEL,0.0,5.367,R10EUROPE,BEL,1
2000,BGR,0.0,1.107,R10EUROPE,BGR,0
2001,BGR,0.0,1.107,R10EUROPE,BGR,0
2002,BGR,0.0,1.107,R10EUROPE,BGR,0
2003,BGR,0.0,1.107,R10EUROPE,BGR,0
2004,BGR,0.0,1.107,R10EUROPE,BGR,0
2005,BGR,0.0,1.107,R10EUROPE,BGR,0
2006,BGR,0.0,1.107,R10EUROPE,BGR,0
2007,BGR,0.007650776493747458,1.15,R10EUROPE,BGR,1
2008,BGR,0.007650776493747458,1.15,R10EUROPE,BGR,1
2009,BGR,0.007650776493747458,1.15,R10EUROPE,BGR,1
2010,BGR,0.007650776493747458,1.15,R10EUROPE,BGR,1
2011,BGR,0.01626442956546925,1.2,R10EUROPE,BGR,1
2012,BGR,0.008548252303932413,1.2,R10EUROPE,BGR,1
2013,BGR,0.008548252303932413,1.2,R10EUROPE,BGR,1
2014,BGR,0.008548252303932413,1.2,R10EUROPE,BGR,1
2015,BGR,0.008548252303932413,1.2,R10EUROPE,BGR,1
2016,BGR,0.0,1.2,R10EUROPE,BGR,1
2017,BGR,0.0,1.2,R10EUROPE,BGR,1
2018,BGR,0.0,1.2,R10EUROPE,BGR,1
2019,BGR,0.0,1.2,R10EUROPE,BGR,1
2020,BGR,0.0,1.2,R10EUROPE,BGR,1
2021,BGR,0.0,1.2,R10EUROPE,BGR,1
2000,CZE,0.3441522890722022,0.645,R10EUROPE,CZE,0
2001,CZE,0.04077733787457416,0.668,R10EUROPE,CZE,0
2002,CZE,0.04077733787457416,0.668,R10EUROPE,CZE,1
2003,CZE,0.007032181829256023,0.668,R10EUROPE,CZE,1
2004,CZE,0.007032181829256023,0.668,R10EUROPE,CZE,1
2005,CZE,0.007032181829256023,0.668,R10EUROPE,CZE,1
2006,CZE,0.014823430068156673,0.719,R10EUROPE,CZE,1
2007,CZE,0.014823430068156673,0.719,R10EUROPE,CZE,1
2008,CZE,0.014823430068156673,0.719,R10EUROPE,CZE,1
2009,CZE,0.014823430068156673,0.719,R10EUROPE,CZE,1
2010,CZE,0.014823430068156673,0.719,R10EUROPE,CZE,1
2011,CZE,0.0,0.719,R10EUROPE,CZE,1
2012,CZE,0.0,0.719,R10EUROPE,CZE,1
2013,CZE,0.01563679349922409,0.777,R10EUROPE,CZE,1
2014,CZE,0.1820163915104427,1.659,R10EUROPE,CZE,1
2015,CZE,0.1820163915104427,1.659,R10EUROPE,CZE,1
2016,CZE,0.1820163915104427,1.659,R10EUROPE,CZE,1
2017,CZE,0.1820163915104427,1.659,R10EUROPE,CZE,1
2018,CZE,0.16381800962328552,1.659,R10EUROPE,CZE,1
2019,CZE,0.0,1.659,R10EUROPE,CZE,1
2020,CZE,0.0,1.659,R10EUROPE,CZE,1
2021,CZE,0.0,1.659,R10EUROPE,CZE,1
2000,HUN,0.33342801685462153,1.252,R10EUROPE,HUN,0
2001,HUN,0.34555969348126103,1.31,R10EUROPE,HUN,0
2002,HUN,0.36743401567536615,1.42,R10EUROPE,HUN,1
2003,HUN,0.19818561125235434,1.42,R10EUROPE,HUN,1
2004,HUN,0.2160401888346648,1.529,R10EUROPE,HUN,1
2005,HUN,0.0453721597542025,1.563,R10EUROPE,HUN,1
2006,HUN,0.05853566477026706,1.741,R10EUROPE,HUN,1
2007,HUN,0.05750261191854622,1.878,R10EUROPE,HUN,1
2008,HUN,0.05750261191854622,1.878,R10EUROPE,HUN,1
2009,HUN,0.04197577111068651,1.878,R10EUROPE,HUN,1
2010,HUN,0.037402575799119875,1.878,R10EUROPE,HUN,1
2011,HUN,0.10858234435495628,2.915,R10EUROPE,HUN,1
2012,HUN,0.09191440199981238,2.915,R10EUROPE,HUN,1
2013,HUN,0.09191440199981238,2.915,R10EUROPE,HUN,1
2014,HUN,0.09191440199981238,2.915,R10EUROPE,HUN,1
2015,HUN,0.09191440199981238,2.915,R10EUROPE,HUN,1
2016,HUN,0.0,2.915,R10EUROPE,HUN,1
2017,HUN,0.0,2.915,R10EUROPE,HUN,1
2018,HUN,0.0,2.915,R10EUROPE,HUN,1
2019,HUN,0.0,2.915,R10EUROPE,HUN,1
2020,HUN,0.0034072339996764622,2.965,R10EUROPE,HUN,1
2021,HUN,0.0034072339996764622,2.965,R10EUROPE,HUN,1
2000,ESP,0.45216041107012117,0.381,R10EUROPE,ESP,1
2001,ESP,0.5841286512501838,0.828,R10EUROPE,ESP,1
2002,ESP,0.8768402823672972,3.959,R10EUROPE,ESP,1
2003,ESP,0.9350955574622022,6.485,R10EUROPE,ESP,1
2004,ESP,1.0214491973159867,8.067,R10EUROPE,ESP,1
2005,ESP,1.0190559659316625,12.784,R10EUROPE,ESP,1
2006,ESP,0.8478556141080478,17.839,R10EUROPE,ESP,1
2007,ESP,0.3958934718104117,20.982,R10EUROPE,ESP,1
2008,ESP,0.2950344960643523,23.622,R10EUROPE,ESP,1
2009,ESP,0.2450404181152508,24.134,R10EUROPE,ESP,1
2010,ESP,0.1466151768425532,25.337,R10EUROPE,ESP,1
2011,ESP,0.08394845359920367,26.694,R10EUROPE,ESP,1
2012,ESP,0.04952953211052136,26.719,R10EUROPE,ESP,1
2013,ESP,0.024945344086019228,26.719,R10EUROPE,ESP,1
2014,ESP,0.02055914414394655,26.719,R10EUROPE,ESP,1
2015,ESP,0.010678440854636095,26.719,R10EUROPE,ESP,1
2016,ESP,0.00018723788011332232,26.719,R10EUROPE,ESP,1
2017,ESP,0.0,26.719,R10EUROPE,ESP,1
2018,ESP,0.00017210288281566122,26.742,R10EUROPE,ESP,1
2019,ESP,0.00017210288281566122,26.742,R10EUROPE,ESP,1
2020,ESP,0.00017210288281566122,26.742,R10EUROPE,ESP,1
2021,ESP,0.00017210288281566122,26.742,R10EUROPE,ESP,1
2000,ITA,0.29661125978638236,9.107,R10EUROPE,ITA,1
2001,ITA,0.29644214638918753,10.013,R10EUROPE,ITA,1
2002,ITA,0.18162245295830126,11.619,R10EUROPE,ITA,1
2003,ITA,0.18066713537772072,15.314,R10EUROPE,ITA,1
2004,ITA,0.19384236687094902,20.131,R10EUROPE,ITA,1
2005,ITA,0.21860336974900796,24.473,R10EUROPE,ITA,1
2006,ITA,0.2391170443715711,29.25,R10EUROPE,ITA,1
2007,ITA,0.22474334907991844,32.018,R10EUROPE,ITA,1
2008,ITA,0.18937661403143946,36.449,R10EUROPE,ITA,1
2009,ITA,0.1320940235820598,37.435,R10EUROPE,ITA,1
2010,ITA,0.10483570180356461,40.288,R10EUROPE,ITA,1
2011,ITA,0.07454825227638517,41.904,R10EUROPE,ITA,1
2012,ITA,0.05950819470809399,42.748,R10EUROPE,ITA,1
2013,ITA,0.03299358679827624,42.872,R10EUROPE,ITA,1
2014,ITA,0.02749373218047224,42.872,R10EUROPE,ITA,1
2015,ITA,0.013411234934232352,43.063,R10EUROPE,ITA,1
2016,ITA,0.005471488610883535,43.063,R10EUROPE,ITA,1
2017,ITA,0.001469428368282344,43.063,R10EUROPE,ITA,1
2018,ITA,0.0017247733885759065,43.243,R10EUROPE,ITA,1
2019,ITA,0.0017247733885759065,43.243,R10EUROPE,ITA,1
2020,ITA,0.001065927574436909,43.293,R10EUROPE,ITA,1
2021,ITA,0.001065927574436909,43.293,R10EUROPE,ITA,1
2016,ZAF,0.0,0.28,R10AFRICA,ZAF,0
2017,ZAF,0.0,0.28,R10AFRICA,ZAF,0
2018,ZAF,0.0,0.28,R10AFRICA,ZAF,0
2019,ZAF,0.0,0.28,R10AFRICA,ZAF,0
2020,ZAF,0.0,0.28,R10AFRICA,ZAF,0
2021,ZAF,0.0,0.28,R10AFRICA,ZAF,0
2000,CHN,0.651448392106027,2.469,R10CHINA+,CHN,0
2001,CHN,0.34305725881506355,2.469,R10CHINA+,CHN,0
2002,CHN,0.3014623652228916,2.834,R10CHINA+,CHN,0
2003,CHN,0.4562309493986161,5.789,R10CHINA+,CHN,0
2004,CHN,0.2680596180709729,7.918,R10CHINA+,CHN,0
2005,CHN,0.4353278916906125,15.041,R10CHINA+,CHN,0
2006,CHN,0.5345059936957346,21.007,R10CHINA+,CHN,0
2007,CHN,0.5746620301717988,27.437,R10CHINA+,CHN,0
2008,CHN,0.3888555912005256,29.915,R10CHINA+,CHN,0
2009,CHN,0.32567425857018417,32.419,R10CHINA+,CHN,0
2010,CHN,0.18626910181735168,35.334,R10CHINA+,CHN,0
2011,CHN,0.12632057806390007,38.078,R10CHINA+,CHN,0
2012,CHN,0.07559232954002182,39.498,R10CHINA+,CHN,0
2013,CHN,0.0858145908013157,45.151,R10CHINA+,CHN,0
2014,CHN,0.12457953240996322,58.311,R10CHINA+,CHN,0
2015,CHN,0.1356756012490976,66.752,R10CHINA+,CHN,0
2016,CHN,0.12770270272423034,69.446,R10CHINA+,CHN,0
2017,CHN,0.13695873203307385,75.041,R10CHINA+,CHN,0
2018,CHN,0.12676273032007446,82.003,R10CHINA+,CHN,0
2019,CHN,0.09052020945271089,89.933,R10CHINA+,CHN,0
2020,CHN,0.07981144671213869,97.995,R10CHINA+,CHN,0
2021,CHN,0.0865893494001162,105.19,R10CHINA+,CHN,0
2000,UKR,0.0,6.971,R10REF_ECON,UKR,0
2001,UKR,0.0,6.971,R10REF_ECON,UKR,0
2002,UKR,0.0,6.971,R10REF_ECON,UKR,0
2003,UKR,0.0,6.971,R10REF_ECON,UKR,0
2004,UKR,0.0,6.971,R10REF_ECON,UKR,0
2005,UKR,0.0,6.971,R10REF_ECON,UKR,0
2006,UKR,0.0,6.971,R10REF_ECON,UKR,0
2007,UKR,0.0,6.971,R10REF_ECON,UKR,0
2008,UKR,0.0,6.971,R10REF_ECON,UKR,0
2009,UKR,0.0,6.971,R10REF_ECON,UKR,0
2010,UKR,0.0,6.971,R10REF_ECON,UKR,0
2011,UKR,0.0,6.971,R10REF_ECON,UKR,0
2012,UKR,0.0,6.971,R10REF_ECON,UKR,0
2013,UKR,0.0,6.971,R10REF_ECON,UKR,0
2014,UKR,0.0,6.971,R10REF_ECON,UKR,0
2015,UKR,0.0,6.971,R10REF_ECON,UKR,0
2016,UKR,0.0,6.971,R10REF_ECON,UKR,0
2017,UKR,0.0,6.971,R10REF_ECON,UKR,0
2018,UKR,0.00998370349595179,7.326,R10REF_ECON,UKR,0
2019,UKR,0.02937983447967829,8.057,R10REF_ECON,UKR,0
2020,UKR,0.02937983447967829,8.057,R10REF_ECON,UKR,0
2021,UKR,0.02937983447967829,8.057,R10REF_ECON,UKR,0
2004,POL,0.6306777454703258,0.761,R10EUROPE,POL,1
2005,POL,0.31301597213676,0.761,R10EUROPE,POL,1
2006,POL,0.31301597213676,0.761,R10EUROPE,POL,1
2007,POL,0.10496503656998457,0.761,R10EUROPE,POL,1
2008,POL,0.06212407340556081,0.761,R10EUROPE,POL,1
2009,POL,0.0,0.761,R10EUROPE,POL,1
2010,POL,0.0,0.761,R10EUROPE,POL,1
2011,POL,0.0,0.761,R10EUROPE,POL,1
2012,POL,0.010298182865734029,0.801,R10EUROPE,POL,1
2013,POL,0.010298182865734029,0.801,R10EUROPE,POL,1
2014,POL,0.022367072792145004,0.85,R10EUROPE,POL,1
2015,POL,0.022367072792145004,0.85,R10EUROPE,POL,1
2016,POL,0.022367072792145004,0.85,R10EUROPE,POL,1
2017,POL,0.14305016949464489,1.563,R10EUROPE,POL,1
2018,POL,0.2231542343843851,2.193,R10EUROPE,POL,1
2019,POL,0.20871508213597356,2.193,R10EUROPE,POL,1
2020,POL,0.25468772011102847,2.643,R10EUROPE,POL,1
2021,POL,0.2981004301602359,3.133,R10EUROPE,POL,1
2000,GBR,0.27920093843342975,18.928,R10EUROPE,GBR,1
2001,GBR,0.1961828700403483,19.494,R10EUROPE,GBR,1
2002,GBR,0.17303386103095741,20.962,R10EUROPE,GBR,1
2003,GBR,0.1266503193902886,21.562,R10EUROPE,GBR,1
2004,GBR,0.11217091518768729,23.705,R10EUROPE,GBR,1
2005,GBR,0.04642503196440373,23.749,R10EUROPE,GBR,1
2006,GBR,0.04027670439484332,23.749,R10EUROPE,GBR,1
2007,GBR,0.025280086019829895,23.749,R10EUROPE,GBR,1
2008,GBR,0.020537661926429696,23.869,R10EUROPE,GBR,1
2009,GBR,0.013756738220305653,25.381,R10EUROPE,GBR,1
2010,GBR,0.023785475666326494,26.711,R10EUROPE,GBR,1
2011,GBR,0.04974067803225801,30.273,R10EUROPE,GBR,1
2012,GBR,0.06526048692973463,32.578,R10EUROPE,GBR,1
2013,GBR,0.07377980005515972,34.073,R10EUROPE,GBR,1
2014,GBR,0.060670105979816924,34.073,R10EUROPE,GBR,1
2015,GBR,0.04989059472854507,34.073,R10EUROPE,GBR,1
2016,GBR,0.029343479642171655,34.983,R10EUROPE,GBR,1
2017,GBR,0.014346946597044496,34.983,R10EUROPE,GBR,1
2018,GBR,0.0063176953011927495,35.163,R10EUROPE,GBR,1
2019,GBR,0.010191342672182913,35.845,R10EUROPE,GBR,1
2020,GBR,0.010191342672182913,35.845,R10EUROPE,GBR,1
2021,GBR,0.005132421171297752,35.89,R10EUROPE,GBR,1
2000,CAN,0.06368976535031656,5.124,R10NORTH_AM,CAN,0
2001,CAN,0.11357155981756462,6.798,R10NORTH_AM,CAN,1
2002,CAN,0.1151514128657729,7.243,R10NORTH_AM,CAN,1
2003,CAN,0.1590210806073813,9.098,R10NORTH_AM,CAN,1
2004,CAN,0.15039709130899936,10.324,R10NORTH_AM,CAN,1
2005,CAN,0.15039709130899936,10.324,R10NORTH_AM,CAN,1
2006,CAN,0.1008577635358936,10.991,R10NORTH_AM,CAN,1
2007,CAN,0.08698548433766429,10.991,R10NORTH_AM,CAN,1
2008,CAN,0.05744239577348198,12.029,R10NORTH_AM,CAN,1
2009,CAN,0.06930530922170441,14.433,R10NORTH_AM,CAN,1
2010,CAN,0.08299715377556383,15.381,R10NORTH_AM,CAN,1
2011,CAN,0.07021583533722575,15.431,R10NORTH_AM,CAN,1
2012,CAN,0.07646753745637591,15.887,R10NORTH_AM,CAN,1
2013,CAN,0.060992251750378035,16.173,R10NORTH_AM,CAN,1
2014,CAN,0.023026291213753325,16.173,R10NORTH_AM,CAN,1
2015,CAN,0.025056659414490534,17.407,R10NORTH_AM,CAN,1
2016,CAN,0.025565805412866238,17.507,R10NORTH_AM,CAN,1
2017,CAN,0.02308041890613821,17.807,R10NORTH_AM,CAN,1
2018,CAN,0.019436160525447832,17.807,R10NORTH_AM,CAN,1
2019,CAN,0.023446279417728588,18.16,R10NORTH_AM,CAN,1
2020,CAN,0.020480024646237327,19.264,R10NORTH_AM,CAN,1
2021,CAN,0.046414852261856376,21.965,R10NORTH_AM,CAN,1
2000,SRB,0.0,0.36,R10REF_ECON,SRB,0
2001,SRB,0.0,0.36,R10REF_ECON,SRB,0
2002,SRB,0.0,0.36,R10REF_ECON,SRB,0
2003,SRB,0.0,0.36,R10REF_ECON,SRB,0
2004,SRB,0.0,0.36,R10REF_ECON,SRB,0
2005,SRB,0.0,0.36,R10REF_ECON,SRB,0
2006,SRB,0.0,0.36,R10REF_ECON,SRB,0
2007,SRB,0.0,0.36,R10REF_ECON,SRB,0
2008,SRB,0.0,0.36,R10REF_ECON,SRB,0
2009,SRB,0.0,0.36,R10REF_ECON,SRB,0
2010,SRB,0.0,0.36,R10REF_ECON,SRB,0
2011,SRB,0.0,0.36,R10REF_ECON,SRB,0
2012,SRB,0.0,0.36,R10REF_ECON,SRB,0
2013,SRB,0.0,0.36,R10REF_ECON,SRB,0
2014,SRB,0.0,0.36,R10REF_ECON,SRB,0
2015,SRB,0.0,0.36,R10REF_ECON,SRB,0
2016,SRB,0.0,0.36,R10REF_ECON,SRB,0
2017,SRB,0.0,0.36,R10REF_ECON,SRB,0
2018,SRB,0.0,0.36,R10REF_ECON,SRB,0
2019,SRB,0.0,0.36,R10REF_ECON,SRB,0
2020,SRB,0.0,0.36,R10REF_ECON,SRB,0
2021,SRB,0.0,0.36,R10REF_ECON,SRB,0
2000,SVN,0.3390027585196598,0.297,R10EUROPE,SVN,0
2001,SVN,0.3390027585196598,0.297,R10EUROPE,SVN,0
2002,SVN,0.3390027585196598,0.297,R10EUROPE,SVN,0
2003,SVN,0.3390027585196598,0.297,R10EUROPE,SVN,0
2004,SVN,0.3390027585196598,0.297,R10EUROPE,SVN,1
2005,SVN,0.0,0.297,R10EUROPE,SVN,1
2006,SVN,0.0,0.297,R10EUROPE,SVN,1
2007,SVN,0.0,0.297,R10EUROPE,SVN,1
2008,SVN,0.051074997169549,0.381,R10EUROPE,SVN,1
2009,SVN,0.051074997169549,0.381,R10EUROPE,SVN,1
2010,SVN,0.051074997169549,0.381,R10EUROPE,SVN,1
2011,SVN,0.051074997169549,0.381,R10EUROPE,SVN,1
2012,SVN,0.051074997169549,0.381,R10EUROPE,SVN,1
2013,SVN,0.0,0.381,R10EUROPE,SVN,1
2014,SVN,0.0,0.381,R10EUROPE,SVN,1
2015,SVN,0.0,0.381,R10EUROPE,SVN,1
2016,SVN,0.0,0.381,R10EUROPE,SVN,1
2017,SVN,0.0,0.381,R10EUROPE,SVN,1
2018,SVN,0.026391273045903718,0.434,R10EUROPE,SVN,1
2019,SVN,0.026391273045903718,0.434,R10EUROPE,SVN,1
2020,SVN,0.051608822248026875,0.49,R10EUROPE,SVN,1
2021,SVN,0.051608822248026875,0.49,R10EUROPE,SVN,1
2000,JPN,0.08267764925047882,46.914,R10PAC_OECD,JPN,1
2001,JPN,0.05436281647748431,48.054,R10PAC_OECD,JPN,1
2002,JPN,0.040876263475715824,48.979,R10PAC_OECD,JPN,1
2003,JPN,0.029648835564198617,50.221,R10PAC_OECD,JPN,1
2004,JPN,0.0190976605208788,50.381,R10PAC_OECD,JPN,1
2005,JPN,0.014780187313489845,50.485,R10PAC_OECD,JPN,1
2006,JPN,0.01557654660237251,51.915,R10PAC_OECD,JPN,1
2007,JPN,0.013652591992551422,52.415,R10PAC_OECD,JPN,1
2008,JPN,0.021905852384789926,55.968,R10PAC_OECD,JPN,1
2009,JPN,0.03406835313861589,59.568,R10PAC_OECD,JPN,1
2010,JPN,0.0450315735022111,62.923,R10PAC_OECD,JPN,1
2011,JPN,0.040557464370025276,63.332,R10PAC_OECD,JPN,1
2012,JPN,0.0416877743071411,64.29,R10PAC_OECD,JPN,1
2013,JPN,0.03726512101611967,67.203,R10PAC_OECD,JPN,1
2014,JPN,0.04174603944423594,73.084,R10PAC_OECD,JPN,1
2015,JPN,0.03362029614219941,74.236,R10PAC_OECD,JPN,1
2016,JPN,0.04081378953627879,77.355,R10PAC_OECD,JPN,1
2017,JPN,0.0408611813300106,78.543,R10PAC_OECD,JPN,1
2018,JPN,0.0358774798497028,80.155,R10PAC_OECD,JPN,1
2019,JPN,0.021656527714770446,81.348,R10PAC_OECD,JPN,1
2020,JPN,0.024593979882313155,83.825,R10PAC_OECD,JPN,1
2021,JPN,0.016679405108900536,84.025,R10PAC_OECD,JPN,1
2000,SVK,0.252115545464874,0.317,R10EUROPE,SVK,0
2001,SVK,0.252115545464874,0.317,R10EUROPE,SVK,0
2002,SVK,0.252115545464874,0.317,R10EUROPE,SVK,1
2003,SVK,0.0,0.317,R10EUROPE,SVK,1
2004,SVK,0.0,0.317,R10EUROPE,SVK,1
2005,SVK,0.0,0.317,R10EUROPE,SVK,1
2006,SVK,0.0,0.317,R10EUROPE,SVK,1
2007,SVK,0.04603507895053194,0.397,R10EUROPE,SVK,1
2008,SVK,0.04603507895053194,0.397,R10EUROPE,SVK,1
2009,SVK,0.09977079550301005,0.51,R10EUROPE,SVK,1
2010,SVK,0.09977079550301005,0.51,R10EUROPE,SVK,1
2011,SVK,0.2428356958918374,0.94,R10EUROPE,SVK,1
2012,SVK,0.20293427308332435,1.0,R10EUROPE,SVK,1
2013,SVK,0.20293427308332435,1.0,R10EUROPE,SVK,1
2014,SVK,0.1441579031397111,1.0,R10EUROPE,SVK,1
2015,SVK,0.1441579031397111,1.0,R10EUROPE,SVK,1
2016,SVK,0.012451968893662624,1.0,R10EUROPE,SVK,1
2017,SVK,0.0,1.0,R10EUROPE,SVK,1
2018,SVK,0.0,1.0,R10EUROPE,SVK,1
2019,SVK,0.0,1.0,R10EUROPE,SVK,1
2020,SVK,0.0,1.0,R10EUROPE,SVK,1
2021,SVK,0.0,1.0,R10EUROPE,SVK,1
2000,UZB,0.0,7.29,R10REF_ECON,UZB,0
2001,UZB,0.0,7.29,R10REF_ECON,UZB,0
2002,UZB,0.0,7.29,R10REF_ECON,UZB,0
2003,UZB,0.0,7.29,R10REF_ECON,UZB,0
2004,UZB,0.0,7.29,R10REF_ECON,UZB,0
2005,UZB,0.021043391203823703,8.09,R10REF_ECON,UZB,0
2006,UZB,0.021043391203823703,8.09,R10REF_ECON,UZB,0
2007,UZB,0.021043391203823703,8.09,R10REF_ECON,UZB,0
2008,UZB,0.021043391203823703,8.09,R10REF_ECON,UZB,0
2009,UZB,0.021043391203823703,8.09,R10REF_ECON,UZB,0
2010,UZB,0.0,8.09,R10REF_ECON,UZB,0
2011,UZB,0.0,8.09,R10REF_ECON,UZB,0
2012,UZB,0.011547281436448342,8.568,R10REF_ECON,UZB,0
2013,UZB,0.011547281436448342,8.568,R10REF_ECON,UZB,0
2014,UZB,0.011547281436448342,8.568,R10REF_ECON,UZB,0
2015,UZB,0.020136685681335198,8.938,R10REF_ECON,UZB,0
2016,UZB,0.030207985352552313,9.388,R10REF_ECON,UZB,0
2017,UZB,0.028029251141072686,9.838,R10REF_ECON,UZB,0
2018,UZB,0.028029251141072686,9.838,R10REF_ECON,UZB,0
2019,UZB,0.037266374820681625,10.288,R10REF_ECON,UZB,0
2020,UZB,0.056196484205795816,11.748,R10REF_ECON,UZB,0
2021,UZB,0.05063490156095174,12.018,R10REF_ECON,UZB,0
2000,AUS,0.09391391651019831,4.043,R10PAC_OECD,AUS,1
2001,AUS,0.07531528809368604,4.572,R10PAC_OECD,AUS,1
2002,AUS,0.10156921192561286,5.257,R10PAC_OECD,AUS,1
2003,AUS,0.09218984804285113,5.497,R10PAC_OECD,AUS,1
2004,AUS,0.08256817896071067,5.497,R10PAC_OECD,AUS,1
2005,AUS,0.07819436139614289,5.891,R10PAC_OECD,AUS,1
2006,AUS,0.08554494520085854,6.892,R10PAC_OECD,AUS,1
2007,AUS,0.07313891868047095,7.482,R10PAC_OECD,AUS,1
2008,AUS,0.07254628218477843,7.802,R10PAC_OECD,AUS,1
2009,AUS,0.16183126570552497,11.637,R10PAC_OECD,AUS,1
2010,AUS,0.15209062150373343,11.957,R10PAC_OECD,AUS,1
2011,AUS,0.1208643621536154,12.193,R10PAC_OECD,AUS,1
2012,AUS,0.11296687365430591,12.777,R10PAC_OECD,AUS,1
2013,AUS,0.10888625410234964,13.081,R10PAC_OECD,AUS,1
2014,AUS,0.0365513793799801,13.925,R10PAC_OECD,AUS,1
2015,AUS,0.04139006313543936,14.645,R10PAC_OECD,AUS,1
2016,AUS,0.03732718724726425,14.645,R10PAC_OECD,AUS,1
2017,AUS,0.03649523444621594,15.285,R10PAC_OECD,AUS,1
2018,AUS,0.03163222449169534,15.285,R10PAC_OECD,AUS,1
2019,AUS,0.018811991125206706,15.285,R10PAC_OECD,AUS,1
2020,AUS,0.008591290123168394,15.285,R10PAC_OECD,AUS,1
2021,AUS,0.008591290123168394,15.285,R10PAC_OECD,AUS,1
2000,FIN,0.1535752284553653,1.479,R10EUROPE,FIN,1
2001,FIN,0.1535752284553653,1.479,R10EUROPE,FIN,1
2002,FIN,0.009744360260123708,1.479,R10EUROPE,FIN,1
2003,FIN,0.0,1.479,R10EUROPE,FIN,1
2004,FIN,0.0,1.479,R10EUROPE,FIN,1
2005,FIN,0.0,1.479,R10EUROPE,FIN,1
2006,FIN,0.0,1.479,R10EUROPE,FIN,1
2007,FIN,0.0,1.479,R10EUROPE,FIN,1
2008,FIN,0.0,1.479,R10EUROPE,FIN,1
2009,FIN,0.035284073704446195,1.759,R10EUROPE,FIN,1
2010,FIN,0.049596913422112365,1.884,R10EUROPE,FIN,1
2011,FIN,0.049596913422112365,1.884,R10EUROPE,FIN,1
2012,FIN,0.057931575498429755,1.96,R10EUROPE,FIN,1
2013,FIN,0.057931575498429755,1.96,R10EUROPE,FIN,1
2014,FIN,0.030185500516192842,2.041,R10EUROPE,FIN,1
2015,FIN,0.01613736474159566,2.041,R10EUROPE,FIN,1
2016,FIN,0.01613736474159566,2.041,R10EUROPE,FIN,1
2017,FIN,0.00813196840558894,2.041,R10EUROPE,FIN,1
2018,FIN,0.012829806594290005,2.089,R10EUROPE,FIN,1
2019,FIN,0.004659943673972711,2.089,R10EUROPE,FIN,1
2020,FIN,0.004659943673972711,2.089,R10EUROPE,FIN,1
2021,FIN,0.004659943673972711,2.089,R10EUROPE,FIN,1
2000,FRA,0.20434936905828804,0.826,R10EUROPE,FRA,1
2001,FRA,0.32232912022084004,1.318,R10EUROPE,FRA,1
2002,FRA,0.24738383920376372,1.362,R10EUROPE,FRA,1
2003,FRA,0.22589528477759657,1.448,R10EUROPE,FRA,1
2004,FRA,0.22738260399216625,1.688,R10EUROPE,FRA,1
2005,FRA,0.24633361572708767,2.484,R10EUROPE,FRA,1
2006,FRA,0.1390373529785911,2.527,R10EUROPE,FRA,1
2007,FRA,0.14256070164699275,2.652,R10EUROPE,FRA,1
2008,FRA,0.12865443269644383,2.652,R10EUROPE,FRA,1
2009,FRA,0.15648594360435242,3.492,R10EUROPE,FRA,1
2010,FRA,0.1756157172471644,5.578,R10EUROPE,FRA,1
2011,FRA,0.20447097368649358,6.406,R10EUROPE,FRA,1
2012,FRA,0.22393761898316944,7.284,R10EUROPE,FRA,1
2013,FRA,0.23918009361529768,7.749,R10EUROPE,FRA,1
2014,FRA,0.17282789046634806,7.749,R10EUROPE,FRA,1
2015,FRA,0.06795617250465513,7.749,R10EUROPE,FRA,1
2016,FRA,0.05403082599140685,8.334,R10EUROPE,FRA,1
2017,FRA,0.02729863676034605,8.334,R10EUROPE,FRA,1
2018,FRA,0.014662399710446472,8.334,R10EUROPE,FRA,1
2019,FRA,0.014662399710446472,8.334,R10EUROPE,FRA,1
2020,FRA,0.014662399710446472,8.334,R10EUROPE,FRA,1
2021,FRA,0.0,8.334,R10EUROPE,FRA,1
2000,GRC,0.2037818149093209,0.91,R10EUROPE,GRC,0
2001,GRC,0.2037818149093209,0.91,R10EUROPE,GRC,1
2002,GRC,0.08778826057041877,1.386,R10EUROPE,GRC,1
2003,GRC,0.08778826057041877,1.386,R10EUROPE,GRC,1
2004,GRC,0.10994166054137278,1.533,R10EUROPE,GRC,1
2005,GRC,0.16262081032442333,1.933,R10EUROPE,GRC,1
2006,GRC,0.2049019594167245,2.311,R10EUROPE,GRC,1
2007,GRC,0.10766221983761182,2.311,R10EUROPE,GRC,1
2008,GRC,0.13797439210670004,2.645,R10EUROPE,GRC,1
2009,GRC,0.115261484968187,2.645,R10EUROPE,GRC,1
2010,GRC,0.1260747958364039,3.5,R10EUROPE,GRC,1
2011,GRC,0.13563000974302186,4.365,R10EUROPE,GRC,1
2012,GRC,0.13563000974302186,4.365,R10EUROPE,GRC,1
2013,GRC,0.1257365817542122,4.782,R10EUROPE,GRC,1
2014,GRC,0.1257365817542122,4.782,R10EUROPE,GRC,1
2015,GRC,0.09832503652229074,5.594,R10EUROPE,GRC,1
2016,GRC,0.05086673030236755,5.594,R10EUROPE,GRC,1
2017,GRC,0.05086673030236755,5.594,R10EUROPE,GRC,1
2018,GRC,0.031864278313598726,5.594,R10EUROPE,GRC,1
2019,GRC,0.031864278313598726,5.594,R10EUROPE,GRC,1
2020,GRC,0.0,5.594,R10EUROPE,GRC,1
2021,GRC,0.0,5.594,R10EUROPE,GRC,1
2000,AUT,0.11175846671880207,0.766,R10EUROPE,AUT,0
2001,AUT,0.22517622878104704,1.245,R10EUROPE,AUT,1
2002,AUT,0.20949716577067945,1.245,R10EUROPE,AUT,1
2003,AUT,0.2917551609288227,1.73,R10EUROPE,AUT,1
2004,AUT,0.27175125015200186,1.833,R10EUROPE,AUT,1
2005,AUT,0.19065719051423713,1.833,R10EUROPE,AUT,1
2006,AUT,0.08043494594310285,1.833,R10EUROPE,AUT,1
2007,AUT,0.08043494594310285,1.833,R10EUROPE,AUT,1
2008,AUT,0.052370157185527955,2.233,R10EUROPE,AUT,1
2009,AUT,0.13238671244856315,3.413,R10EUROPE,AUT,1
2010,AUT,0.1398523500055242,3.527,R10EUROPE,AUT,1
2011,AUT,0.1398523500055242,3.527,R10EUROPE,AUT,1
2012,AUT,0.18949975416121223,4.365,R10EUROPE,AUT,1
2013,AUT,0.1434550714023275,4.365,R10EUROPE,AUT,1
2014,AUT,0.05043598718069853,4.365,R10EUROPE,AUT,1
2015,AUT,0.043555995787917245,4.365,R10EUROPE,AUT,1
2016,AUT,0.043555995787917245,4.365,R10EUROPE,AUT,1
2017,AUT,0.0019170344792447391,4.407,R10EUROPE,AUT,1
2018,AUT,0.0019170344792447391,4.407,R10EUROPE,AUT,1
2019,AUT,0.0019170344792447391,4.407,R10EUROPE,AUT,1
2020,AUT,0.01259944469900387,4.647,R10EUROPE,AUT,1
2021,AUT,0.01259944469900387,4.647,R10EUROPE,AUT,1
2000,DNK,0.08678051853672941,0.52,R10EUROPE,DNK,1
2001,DNK,0.02616554551373662,0.52,R10EUROPE,DNK,1
2002,DNK,0.02616554551373662,0.52,R10EUROPE,DNK,1
2003,DNK,0.09883781758255772,0.793,R10EUROPE,DNK,1
2004,DNK,0.08806281594627619,0.793,R10EUROPE,DNK,1
2005,DNK,0.09483832613853926,0.818,R10EUROPE,DNK,1
2006,DNK,0.09483832613853926,0.818,R10EUROPE,DNK,1
2007,DNK,0.09483832613853926,0.818,R10EUROPE,DNK,1
2008,DNK,0.012303824123160778,0.843,R10EUROPE,DNK,1
2009,DNK,0.012303824123160778,0.843,R10EUROPE,DNK,1
2010,DNK,0.006039086477188649,0.843,R10EUROPE,DNK,1
2011,DNK,0.006039086477188649,0.843,R10EUROPE,DNK,1
2012,DNK,0.006039086477188649,0.843,R10EUROPE,DNK,1
2013,DNK,0.0,0.843,R10EUROPE,DNK,1
2014,DNK,0.0,0.843,R10EUROPE,DNK,1
2015,DNK,0.0,0.843,R10EUROPE,DNK,1
2016,DNK,0.0,0.843,R10EUROPE,DNK,1
2017,DNK,0.0,0.843,R10EUROPE,DNK,1
2018,DNK,0.0,0.843,R10EUROPE,DNK,1
2019,DNK,0.0,0.843,R10EUROPE,DNK,1
2020,DNK,0.0,0.843,R10EUROPE,DNK,1
2021,DNK,0.0,0.843,R10EUROPE,DNK,1
2000,COL,0.34292595677793347,2.494,R10LATIN_AM,COL,0
2001,COL,0.3891683388247609,2.954,R10LATIN_AM,COL,0
2002,COL,0.3660411378227697,2.954,R10LATIN_AM,COL,0
2003,COL,0.10171134232453038,2.954,R10LATIN_AM,COL,0
2004,COL,0.07475297047047036,2.954,R10LATIN_AM,COL,0
2005,COL,0.034434051865209536,2.954,R10LATIN_AM,COL,0
2006,COL,0.0,2.954,R10LATIN_AM,COL,0
2007,COL,0.010735201961289187,3.116,R10LATIN_AM,COL,0
2008,COL,0.010735201961289187,3.116,R10LATIN_AM,COL,0
2009,COL,0.010735201961289187,3.116,R10LATIN_AM,COL,0
2010,COL,0.010735201961289187,3.116,R10LATIN_AM,COL,0
2011,COL,0.03837487112651172,3.566,R10LATIN_AM,COL,0
2012,COL,0.027346103224255902,3.566,R10LATIN_AM,COL,0
2013,COL,0.027346103224255902,3.566,R10LATIN_AM,COL,0
2014,COL,0.027346103224255902,3.566,R10LATIN_AM,COL,0
2015,COL,0.027346103224255902,3.566,R10LATIN_AM,COL,0
2016,COL,0.0,3.566,R10LATIN_AM,COL,0
2017,COL,0.0,3.566,R10LATIN_AM,COL,0
2018,COL,0.0,3.566,R10LATIN_AM,COL,0
2019,COL,0.0,3.566,R10LATIN_AM,COL,0
2020,COL,0.0055466520236691075,3.666,R10LATIN_AM,COL,0
2021,COL,0.008274708004157416,3.716,R10LATIN_AM,COL,0
2000,SWE,0.0,0.13,R10EUROPE,SWE,1
2001,SWE,0.0,0.13,R10EUROPE,SWE,1
2002,SWE,0.0,0.13,R10EUROPE,SWE,1
2003,SWE,0.0,0.13,R10EUROPE,SWE,1
2004,SWE,0.0,0.13,R10EUROPE,SWE,1
2005,SWE,0.0,0.13,R10EUROPE,SWE,1
2006,SWE,0.23927602766410683,0.38,R10EUROPE,SWE,1
2007,SWE,0.23927602766410683,0.38,R10EUROPE,SWE,1
2008,SWE,0.23927602766410683,0.38,R10EUROPE,SWE,1
2009,SWE,0.23927602766410683,0.38,R10EUROPE,SWE,1
2010,SWE,0.23927602766410683,0.38,R10EUROPE,SWE,1
2011,SWE,0.0,0.38,R10EUROPE,SWE,1
2012,SWE,0.0,0.38,R10EUROPE,SWE,1
2013,SWE,0.0,0.38,R10EUROPE,SWE,1
2014,SWE,0.0,0.38,R10EUROPE,SWE,1
2015,SWE,0.0,0.38,R10EUROPE,SWE,1
2016,SWE,0.0,0.38,R10EUROPE,SWE,1
2017,SWE,0.0,0.38,R10EUROPE,SWE,1
2018,SWE,0.0,0.38,R10EUROPE,SWE,1
2019,SWE,0.0,0.38,R10EUROPE,SWE,1
2020,SWE,0.0,0.38,R10EUROPE,SWE,1
2021,SWE,0.0,0.38,R10EUROPE,SWE,1
2002,CHL,0.4936895951328455,2.818,R10LATIN_AM,CHL,0
2003,CHL,0.33622553838517844,3.229,R10LATIN_AM,CHL,0
2004,CHL,0.1720416302454013,3.229,R10LATIN_AM,CHL,0
2005,CHL,0.08540827671406737,3.483,R10LATIN_AM,CHL,0
2006,CHL,0.0514698803588205,3.483,R10LATIN_AM,CHL,0
2007,CHL,0.043283880189805224,3.483,R10LATIN_AM,CHL,0
2008,CHL,0.036933786258999124,3.871,R10LATIN_AM,CHL,0
2009,CHL,0.050350698820220696,4.128,R10LATIN_AM,CHL,0
2010,CHL,0.034563715943573214,4.128,R10LATIN_AM,CHL,0
2011,CHL,0.034563715943573214,4.128,R10LATIN_AM,CHL,0
2012,CHL,0.034563715943573214,4.128,R10LATIN_AM,CHL,0
2013,CHL,0.012939025364026913,4.128,R10LATIN_AM,CHL,0
2014,CHL,0.0,4.128,R10LATIN_AM,CHL,0
2015,CHL,0.0,4.128,R10LATIN_AM,CHL,0
2016,CHL,0.0245407710908081,4.66,R10LATIN_AM,CHL,0
2017,CHL,0.0245407710908081,4.66,R10LATIN_AM,CHL,0
2018,CHL,0.0245407710908081,4.66,R10LATIN_AM,CHL,0
2019,CHL,0.0245407710908081,4.66,R10LATIN_AM,CHL,0
2020,CHL,0.02790443346122129,4.737,R10LATIN_AM,CHL,0
2021,CHL,0.003283092742938809,4.737,R10LATIN_AM,CHL,0
2000,MDA,0.0,1.178,R10REF_ECON,MDA,0
2001,MDA,0.0,1.178,R10REF_ECON,MDA,0
2002,MDA,0.0,1.178,R10REF_ECON,MDA,0
2003,MDA,0.0,1.178,R10REF_ECON,MDA,0
2004,MDA,0.0,1.178,R10REF_ECON,MDA,0
2005,MDA,0.0,1.178,R10REF_ECON,MDA,0
2006,MDA,0.0,1.178,R10REF_ECON,MDA,0
2007,MDA,0.0,1.178,R10REF_ECON,MDA,0
2008,MDA,0.0,1.178,R10REF_ECON,MDA,0
2009,MDA,0.0,1.178,R10REF_ECON,MDA,0
2010,MDA,0.0,1.178,R10REF_ECON,MDA,0
2011,MDA,0.0,1.178,R10REF_ECON,MDA,0
2012,MDA,0.0,1.178,R10REF_ECON,MDA,0
2013,MDA,0.0,1.178,R10REF_ECON,MDA,0
2014,MDA,0.0,1.178,R10REF_ECON,MDA,0
2015,MDA,0.0,1.178,R10REF_ECON,MDA,0
2016,MDA,0.0,1.178,R10REF_ECON,MDA,0
2017,MDA,0.0,1.178,R10REF_ECON,MDA,0
2018,MDA,0.0,1.178,R10REF_ECON,MDA,0
2019,MDA,0.0,1.178,R10REF_ECON,MDA,0
2020,MDA,0.0,1.178,R10REF_ECON,MDA,0
2021,MDA,0.0,1.178,R10REF_ECON,MDA,0
2000,PRT,0.9124269092805029,1.1,R10EUROPE,PRT,1
2001,PRT,0.9124269092805029,1.1,R10EUROPE,PRT,1
2002,PRT,0.9124269092805029,1.1,R10EUROPE,PRT,1
2003,PRT,0.1624189990214442,1.492,R10EUROPE,PRT,1
2004,PRT,0.12770658234460064,1.884,R10EUROPE,PRT,1
2005,PRT,0.11362159143439876,1.884,R10EUROPE,PRT,1
2006,PRT,0.15652736843673143,2.276,R10EUROPE,PRT,1
2007,PRT,0.15652736843673143,2.276,R10EUROPE,PRT,1
2008,PRT,0.0910778877766214,2.307,R10EUROPE,PRT,1
2009,PRT,0.11487649816573042,3.245,R10EUROPE,PRT,1
2010,PRT,0.12638638588560758,3.416,R10EUROPE,PRT,1
2011,PRT,0.13314164155418307,4.252,R10EUROPE,PRT,1
2012,PRT,0.13314164155418307,4.252,R10EUROPE,PRT,1
2013,PRT,0.13007985261400634,4.252,R10EUROPE,PRT,1
2014,PRT,0.05554246758639714,4.252,R10EUROPE,PRT,1
2015,PRT,0.04475649268673676,4.252,R10EUROPE,PRT,1
2016,PRT,0.0,4.252,R10EUROPE,PRT,1
2017,PRT,0.0,4.252,R10EUROPE,PRT,1
2018,PRT,0.0,4.252,R10EUROPE,PRT,1
2019,PRT,0.0,4.252,R10EUROPE,PRT,1
2020,PRT,0.0,4.252,R10EUROPE,PRT,1
2021,PRT,0.0,4.252,R10EUROPE,PRT,1
2000,ROU,0.0,2.66,R10EUROPE,ROU,0
2001,ROU,0.0,2.66,R10EUROPE,ROU,0
2002,ROU,0.0,2.66,R10EUROPE,ROU,0
2003,ROU,0.0,2.66,R10EUROPE,ROU,0
2004,ROU,0.0,2.66,R10EUROPE,ROU,0
2005,ROU,0.0,2.66,R10EUROPE,ROU,0
2006,ROU,0.0,2.66,R10EUROPE,ROU,0
2007,ROU,0.0,2.66,R10EUROPE,ROU,1
2008,ROU,0.0,2.66,R10EUROPE,ROU,1
2009,ROU,0.013609452218851015,2.846,R10EUROPE,ROU,1
2010,ROU,0.017216442797474807,2.897,R10EUROPE,ROU,1
2011,ROU,0.017216442797474807,2.897,R10EUROPE,ROU,1
2012,ROU,0.07149934941556046,3.757,R10EUROPE,ROU,1
2013,ROU,0.07149934941556046,3.757,R10EUROPE,ROU,1
2014,ROU,0.057112625646875026,3.757,R10EUROPE,ROU,1
2015,ROU,0.05336416551506051,3.757,R10EUROPE,ROU,1
2016,ROU,0.05587552581561894,3.802,R10EUROPE,ROU,1
2017,ROU,0.002384133030888247,3.802,R10EUROPE,ROU,1
2018,ROU,0.002384133030888247,3.802,R10EUROPE,ROU,1
2019,ROU,0.002384133030888247,3.802,R10EUROPE,ROU,1
2020,ROU,0.002384133030888247,3.802,R10EUROPE,ROU,1
2021,ROU,0.0,3.802,R10EUROPE,ROU,1
2000,BRA,0.33043035271931376,0.842,R10LATIN_AM,BRA,0
2001,BRA,0.597860545344955,2.104,R10LATIN_AM,BRA,0
2002,BRA,0.71922548931513,3.034,R10LATIN_AM,BRA,0
2003,BRA,0.7671382638726494,3.481,R10LATIN_AM,BRA,0
2004,BRA,0.9425893596494548,5.588,R10LATIN_AM,BRA,0
2005,BRA,0.4601210470573882,5.588,R10LATIN_AM,BRA,0
2006,BRA,0.2586819047082911,6.647,R10LATIN_AM,BRA,0
2007,BRA,0.16982802266048136,6.647,R10LATIN_AM,BRA,0
2008,BRA,0.165460492917483,7.485,R10LATIN_AM,BRA,0
2009,BRA,0.06718763372819647,7.735,R10LATIN_AM,BRA,0
2010,BRA,0.07197342054871547,7.91,R10LATIN_AM,BRA,0
2011,BRA,0.03540476891672806,7.91,R10LATIN_AM,BRA,0
2012,BRA,0.045318443035583744,8.296,R10LATIN_AM,BRA,0
2013,BRA,0.025130915492799,8.474,R10LATIN_AM,BRA,0
2014,BRA,0.030848951800761748,9.004,R10LATIN_AM,BRA,0
2015,BRA,0.03186104151391289,9.253,R10LATIN_AM,BRA,0
2016,BRA,0.043185147162814186,9.772,R10LATIN_AM,BRA,0
2017,BRA,0.04549834807828779,10.363,R10LATIN_AM,BRA,0
2018,BRA,0.04106874362902824,10.363,R10LATIN_AM,BRA,0
2019,BRA,0.028513513880063845,10.363,R10LATIN_AM,BRA,0
2020,BRA,0.05259346368314621,11.956,R10LATIN_AM,BRA,0
2021,BRA,0.06349252871181887,13.294,R10LATIN_AM,BRA,0
2000,TUR,0.31026065372839184,5.225,R10EUROPE,TUR,0
2001,TUR,0.2850678177473065,5.411,R10EUROPE,TUR,0
2002,TUR,0.35731268420635454,7.721,R10EUROPE,TUR,1
2003,TUR,0.3185134722624121,9.532,R10EUROPE,TUR,1
2004,TUR,0.15422544995194176,10.542,R10EUROPE,TUR,1
2005,TUR,0.15375409579486732,10.682,R10EUROPE,TUR,1
2006,TUR,0.14973669456563066,10.871,R10EUROPE,TUR,1
2007,TUR,0.07082669335822311,10.871,R10EUROPE,TUR,1
2008,TUR,0.030070821725874275,11.054,R10EUROPE,TUR,1
2009,TUR,0.01737111569048211,11.49,R10EUROPE,TUR,1
2010,TUR,0.04467455522371244,13.291,R10EUROPE,TUR,1
2011,TUR,0.05868740144338136,14.458,R10EUROPE,TUR,1
2012,TUR,0.059608432806720124,14.521,R10EUROPE,TUR,1
2013,TUR,0.10584968274294027,18.281,R10EUROPE,TUR,1
2014,TUR,0.1149287011822584,19.795,R10EUROPE,TUR,1
2015,TUR,0.08292796687259596,19.795,R10EUROPE,TUR,1
2016,TUR,0.08011644357214576,21.255,R10EUROPE,TUR,1
2017,TUR,0.10418978769212472,23.835,R10EUROPE,TUR,1
2018,TUR,0.0647315217880855,25.015,R10EUROPE,TUR,1
2019,TUR,0.0479221018877245,25.015,R10EUROPE,TUR,1
2020,TUR,0.0479221018877245,25.015,R10EUROPE,TUR,1
2021,TUR,0.033113126396422166,25.015,R10EUROPE,TUR,1
2000,KOR,0.14374340752669745,7.872,R10REST_ASIA,KOR,0
2001,KOR,0.16587766819655725,9.31,R10REST_ASIA,KOR,0
2002,KOR,0.08402331187138867,11.11,R10REST_ASIA,KOR,0
2003,KOR,0.09266586734593019,11.56,R10REST_ASIA,KOR,0
2004,KOR,0.08815706069141926,12.01,R10REST_ASIA,KOR,0
2005,KOR,0.10707628440764827,13.091,R10REST_ASIA,KOR,0
2006,KOR,0.08835770575664537,14.217,R10REST_ASIA,KOR,0
2007,KOR,0.05525670698106855,14.538,R10REST_ASIA,KOR,0
2008,KOR,0.0617770961961992,15.6,R10REST_ASIA,KOR,0
2009,KOR,0.06048642797984605,16.109,R10REST_ASIA,KOR,0
2010,KOR,0.06969907014775911,18.335,R10REST_ASIA,KOR,0
2011,KOR,0.06882678857835822,19.831,R10REST_ASIA,KOR,0
2012,KOR,0.0700598467225344,20.396,R10REST_ASIA,KOR,0
2013,KOR,0.0821258584905955,23.148,R10REST_ASIA,KOR,0
2014,KOR,0.13224658563838587,29.976,R10REST_ASIA,KOR,0
2015,KOR,0.12137245170043931,32.511,R10REST_ASIA,KOR,0
2016,KOR,0.10711918030934808,32.985,R10REST_ASIA,KOR,0
2017,KOR,0.13105466062443338,37.754,R10REST_ASIA,KOR,0
2018,KOR,0.11053035831855662,39.099,R10REST_ASIA,KOR,0
2019,KOR,0.06385282176435036,40.849,R10REST_ASIA,KOR,0
2020,KOR,0.04748686830454463,40.999,R10REST_ASIA,KOR,0
2021,KOR,0.046094375303036283,41.321,R10REST_ASIA,KOR,0
2000,HRV,0.026595962043162835,0.374,R10EUROPE,HRV,0
2001,HRV,0.026595962043162835,0.374,R10EUROPE,HRV,0
2002,HRV,0.026595962043162835,0.374,R10EUROPE,HRV,0
2003,HRV,0.08945189351243621,0.574,R10EUROPE,HRV,0
2004,HRV,0.08945189351243621,0.574,R10EUROPE,HRV,0
2005,HRV,0.08945189351243621,0.574,R10EUROPE,HRV,0
2006,HRV,0.08945189351243621,0.574,R10EUROPE,HRV,0
2007,HRV,0.08945189351243621,0.574,R10EUROPE,HRV,0
2008,HRV,0.0,0.574,R10EUROPE,HRV,1
2009,HRV,0.032641562423800785,0.674,R10EUROPE,HRV,1
2010,HRV,0.032641562423800785,0.674,R10EUROPE,HRV,1
2011,HRV,0.032641562423800785,0.674,R10EUROPE,HRV,1
2012,HRV,0.032641562423800785,0.674,R10EUROPE,HRV,1
2013,HRV,0.032641562423800785,0.674,R10EUROPE,HRV,1
2014,HRV,0.0,0.674,R10EUROPE,HRV,1
2015,HRV,0.0,0.674,R10EUROPE,HRV,1
2016,HRV,0.0,0.674,R10EUROPE,HRV,1
2017,HRV,0.06164861455547688,0.909,R10EUROPE,HRV,1
2018,HRV,0.06164861455547688,0.909,R10EUROPE,HRV,1
2019,HRV,0.06164861455547688,0.909,R10EUROPE,HRV,1
2020,HRV,0.06164861455547688,0.909,R10EUROPE,HRV,1
2021,HRV,0.06164861455547688,0.909,R10EUROPE,HRV,1
2010,MAR,0.16813181448783987,0.87,R10AFRICA,MAR,0
2011,MAR,0.16813181448783987,0.87,R10AFRICA,MAR,0
2012,MAR,0.16813181448783987,0.87,R10AFRICA,MAR,0
2013,MAR,0.16813181448783987,0.87,R10AFRICA,MAR,0
2014,MAR,0.16813181448783987,0.87,R10AFRICA,MAR,0
2015,MAR,0.0,0.87,R10AFRICA,MAR,0
2016,MAR,0.0,0.87,R10AFRICA,MAR,0
2017,MAR,0.0,0.87,R10AFRICA,MAR,0
2018,MAR,0.0,0.87,R10AFRICA,MAR,0
2019,MAR,0.0,0.87,R10AFRICA,MAR,0
2020,MAR,0.0,0.87,R10AFRICA,MAR,0
2021,MAR,0.0,0.87,R10AFRICA,MAR,0
2003,VNM,0.4440822462652303,2.355,R10CHINA+,VNM,0
2004,VNM,0.36079666146753464,3.565,R10CHINA+,VNM,0
2005,VNM,0.17958531814387002,4.298,R10CHINA+,VNM,0
2006,VNM,0.17958531814387002,4.298,R10CHINA+,VNM,0
2007,VNM,0.20447546940444283,4.771,R10CHINA+,VNM,0
2008,VNM,0.21637973980719893,6.271,R10CHINA+,VNM,0
2009,VNM,0.14662873131468412,7.066,R10CHINA+,VNM,0
2010,VNM,0.10453999054396501,7.066,R10CHINA+,VNM,0
2011,VNM,0.1270511537145651,7.816,R10CHINA+,VNM,0
2012,VNM,0.10376095444780109,7.816,R10CHINA+,VNM,0
2013,VNM,0.04503190561106285,7.816,R10CHINA+,VNM,0
2014,VNM,0.020380577763883467,7.816,R10CHINA+,VNM,0
2015,VNM,0.028854957450100027,8.146,R10CHINA+,VNM,0
2016,VNM,0.008305116611282193,8.146,R10CHINA+,VNM,0
2017,VNM,0.008305116611282193,8.146,R10CHINA+,VNM,0
2018,VNM,0.008305116611282193,8.146,R10CHINA+,VNM,0
2019,VNM,0.008305116611282193,8.146,R10CHINA+,VNM,0
2020,VNM,0.0,8.146,R10CHINA+,VNM,0
2021,VNM,0.0,8.146,R10CHINA+,VNM,0
2000,THA,0.2446574947293607,8.334,R10REST_ASIA,THA,0
2001,THA,0.2329223347291629,8.749,R10REST_ASIA,THA,0
2002,THA,0.19875257425761084,10.924,R10REST_ASIA,THA,0
2003,THA,0.1462056286637914,11.995,R10REST_ASIA,THA,0
2004,THA,0.13001267858790766,12.31,R10REST_ASIA,THA,0
2005,THA,0.08248659832144933,12.387,R10REST_ASIA,THA,0
2006,THA,0.07683689632495816,12.668,R10REST_ASIA,THA,0
2007,THA,0.04421135065741377,13.562,R10REST_ASIA,THA,0
2008,THA,0.08442957643239035,17.989,R10REST_ASIA,THA,0
2009,THA,0.09597152590342195,19.465,R10REST_ASIA,THA,0
2010,THA,0.10203934322142638,20.135,R10REST_ASIA,THA,0
2011,THA,0.10065763342567347,20.463,R10REST_ASIA,THA,0
2012,THA,0.08831469660753477,20.706,R10REST_ASIA,THA,0
2013,THA,0.04008201233082698,21.895,R10REST_ASIA,THA,0
2014,THA,0.05141781087066666,25.011,R10REST_ASIA,THA,0
2015,THA,0.050555676410403816,25.766,R10REST_ASIA,THA,0
2016,THA,0.08231151529886516,30.39,R10REST_ASIA,THA,0
2017,THA,0.09186340335257848,32.132,R10REST_ASIA,THA,0
2018,THA,0.08577952240449171,33.041,R10REST_ASIA,THA,0
2019,THA,0.06118584894715773,33.658,R10REST_ASIA,THA,0
2020,THA,0.06279672534736758,34.938,R10REST_ASIA,THA,0
2021,THA,0.03553975484393779,36.188,R10REST_ASIA,THA,0
2017,MKD,0.0,0.23,R10REF_ECON,MKD,0
2018,MKD,0.0,0.23,R10REF_ECON,MKD,0
2019,MKD,0.0,0.23,R10REF_ECON,MKD,0
2020,MKD,0.0,0.23,R10REF_ECON,MKD,0
2021,MKD,0.0,0.23,R10REF_ECON,MKD,0
2000,NLD,0.13183933274174842,5.526,R10EUROPE,NLD,1
2001,NLD,0.07136097490893212,5.526,R10EUROPE,NLD,1
2002,NLD,0.047150392740636926,5.526,R10EUROPE,NLD,1
2003,NLD,0.027843945377323154,5.596,R10EUROPE,NLD,1
2004,NLD,0.029995223587546915,6.406,R10EUROPE,NLD,1
2005,NLD,0.031214308122862855,6.444,R10EUROPE,NLD,1
2006,NLD,0.031214308122862855,6.444,R10EUROPE,NLD,1
2007,NLD,0.03452158858306431,6.548,R10EUROPE,NLD,1
2008,NLD,0.041450470749247126,6.856,R10EUROPE,NLD,1
2009,NLD,0.013670423316805014,6.856,R10EUROPE,NLD,1
2010,NLD,0.07287219080710594,9.16,R10EUROPE,NLD,1
2011,NLD,0.09195220662733039,10.004,R10EUROPE,NLD,1
2012,NLD,0.13189939626924918,12.166,R10EUROPE,NLD,1
2013,NLD,0.15366486098780574,14.011,R10EUROPE,NLD,1
2014,NLD,0.15366486098780574,14.011,R10EUROPE,NLD,1
2015,NLD,0.08871631694342708,14.011,R10EUROPE,NLD,1
2016,NLD,0.0696928428161323,14.011,R10EUROPE,NLD,1
2017,NLD,0.028642026923617836,14.011,R10EUROPE,NLD,1
2018,NLD,0.0,14.011,R10EUROPE,NLD,1
2019,NLD,0.002047129148551985,14.155,R10EUROPE,NLD,1
2020,NLD,0.002047129148551985,14.155,R10EUROPE,NLD,1
2021,NLD,0.002047129148551985,14.155,R10EUROPE,NLD,1
2005,PHL,0.3957290866551959,2.892,R10REST_ASIA,PHL,0
2006,PHL,0.21505274259646567,2.892,R10REST_ASIA,PHL,0
2007,PHL,0.0,2.892,R10REST_ASIA,PHL,0
2008,PHL,0.0,2.892,R10REST_ASIA,PHL,0
2009,PHL,0.0,2.892,R10REST_ASIA,PHL,0
2010,PHL,0.0,2.892,R10REST_ASIA,PHL,0
2011,PHL,0.0,2.892,R10REST_ASIA,PHL,0
2012,PHL,0.0,2.892,R10REST_ASIA,PHL,0
2013,PHL,0.0,2.892,R10REST_ASIA,PHL,0
2014,PHL,0.0,2.892,R10REST_ASIA,PHL,0
2015,PHL,0.0,2.892,R10REST_ASIA,PHL,0
2016,PHL,0.02749190236302379,3.312,R10REST_ASIA,PHL,0
2017,PHL,0.02749190236302379,3.312,R10REST_ASIA,PHL,0
2018,PHL,0.02749190236302379,3.312,R10REST_ASIA,PHL,0
2019,PHL,0.02749190236302379,3.312,R10REST_ASIA,PHL,0
2020,PHL,0.02749190236302379,3.312,R10REST_ASIA,PHL,0
2021,PHL,0.0,3.312,R10REST_ASIA,PHL,0
2000,MEX,0.04813569558096997,9.514,R10LATIN_AM,MEX,0
2001,MEX,0.07937739579794667,11.019,R10LATIN_AM,MEX,0
2002,MEX,0.14250742294623175,14.641,R10LATIN_AM,MEX,0
2003,MEX,0.20504817946677822,20.804,R10LATIN_AM,MEX,0
2004,MEX,0.210728831760441,21.299,R10LATIN_AM,MEX,0
2005,MEX,0.18853120537497103,22.564,R10LATIN_AM,MEX,0
2006,MEX,0.17545457098363637,24.727,R10LATIN_AM,MEX,0
2007,MEX,0.12884907534990608,26.838,R10LATIN_AM,MEX,0
2008,MEX,0.05225418258110137,26.838,R10LATIN_AM,MEX,0
2009,MEX,0.05028937579700976,27.221,R10LATIN_AM,MEX,0
2010,MEX,0.04453243993459388,28.056,R10LATIN_AM,MEX,0
2011,MEX,0.02558312140719332,28.056,R10LATIN_AM,MEX,0
2012,MEX,0.008916258957691658,28.056,R10LATIN_AM,MEX,0
2013,MEX,0.022934357382524473,30.06,R10LATIN_AM,MEX,0
2014,MEX,0.02715379587453448,31.123,R10LATIN_AM,MEX,0
2015,MEX,0.026347571233932277,31.952,R10LATIN_AM,MEX,0
2016,MEX,0.038334706220989334,33.862,R10LATIN_AM,MEX,0
2017,MEX,0.048321110380076915,35.522,R10LATIN_AM,MEX,0
2018,MEX,0.042143307704133326,36.951,R10LATIN_AM,MEX,0
2019,MEX,0.049387546821031414,39.606,R10LATIN_AM,MEX,0
2020,MEX,0.0628406361686149,43.335,R10LATIN_AM,MEX,0
2021,MEX,0.05840929350512414,44.976,R10LATIN_AM,MEX,0
2000,NZL,0.1362554908768825,0.947,R10PAC_OECD,NZL,1
2001,NZL,0.1068659423865499,0.947,R10PAC_OECD,NZL,1
2002,NZL,0.1068659423865499,0.947,R10PAC_OECD,NZL,1
2003,NZL,0.0,0.947,R10PAC_OECD,NZL,1
2004,NZL,0.01054605839018996,0.998,R10PAC_OECD,NZL,1
2005,NZL,0.01054605839018996,0.998,R10PAC_OECD,NZL,1
2006,NZL,0.01054605839018996,0.998,R10PAC_OECD,NZL,1
2007,NZL,0.08147785566978683,1.401,R10PAC_OECD,NZL,1
2008,NZL,0.08147785566978683,1.401,R10PAC_OECD,NZL,1
2009,NZL,0.07019155306250169,1.401,R10PAC_OECD,NZL,1
2010,NZL,0.07019155306250169,1.401,R10PAC_OECD,NZL,1
2011,NZL,0.10050748275272836,1.611,R10PAC_OECD,NZL,1
2012,NZL,0.028327573324115285,1.611,R10PAC_OECD,NZL,1
2013,NZL,0.04078823621099126,1.711,R10PAC_OECD,NZL,1
2014,NZL,0.04078823621099126,1.711,R10PAC_OECD,NZL,1
2015,NZL,0.04078823621099126,1.711,R10PAC_OECD,NZL,1
2016,NZL,0.012117406174956935,1.711,R10PAC_OECD,NZL,1
2017,NZL,0.012117406174956935,1.711,R10PAC_OECD,NZL,1
2018,NZL,0.0,1.711,R10PAC_OECD,NZL,1
2019,NZL,0.0,1.711,R10PAC_OECD,NZL,1
2020,NZL,0.01142500933303503,1.811,R10PAC_OECD,NZL,1
2021,NZL,0.01142500933303503,1.811,R10PAC_OECD,NZL,1
2000,ARG,0.19161811943325913,8.796,R10LATIN_AM,ARG,0
2001,ARG,0.23462326654988708,10.502,R10LATIN_AM,ARG,0
2002,ARG,0.20800602832642245,10.884,R10LATIN_AM,ARG,0
2003,ARG,0.18287304422986717,10.884,R10LATIN_AM,ARG,0
2004,ARG,0.08239137702810906,10.884,R10LATIN_AM,ARG,0
2005,ARG,0.043519724538805926,10.884,R10LATIN_AM,ARG,0
2006,ARG,0.007171212009716044,10.884,R10LATIN_AM,ARG,0
2007,ARG,0.008402265219839888,11.349,R10LATIN_AM,ARG,0
2008,ARG,0.012281867442492489,11.569,R10LATIN_AM,ARG,0
2009,ARG,0.016533479493731518,11.814,R10LATIN_AM,ARG,0
2010,ARG,0.05393055301270233,14.153,R10LATIN_AM,ARG,0
2011,ARG,0.06379711662444976,14.828,R10LATIN_AM,ARG,0
2012,ARG,0.05888763281059162,15.108,R10LATIN_AM,ARG,0
2013,ARG,0.05482941252045603,15.108,R10LATIN_AM,ARG,0
2014,ARG,0.05041762920712456,15.108,R10LATIN_AM,ARG,0
2015,ARG,0.013948653134259636,15.168,R10LATIN_AM,ARG,0
2016,ARG,0.013458049472792055,15.853,R10LATIN_AM,ARG,0
2017,ARG,0.025834368822841736,17.163,R10LATIN_AM,ARG,0
2018,ARG,0.04218392279010863,18.575,R10LATIN_AM,ARG,0
2019,ARG,0.045140757856699354,18.84,R10LATIN_AM,ARG,0
2020,ARG,0.06438971618088485,20.722,R10LATIN_AM,ARG,0
2021,ARG,0.05897985262102745,21.113,R10LATIN_AM,ARG,0
2008,DOM,0.0,0.319,R10LATIN_AM,DOM,0
2009,DOM,0.0,0.319,R10LATIN_AM,DOM,0
2010,DOM,0.0,0.319,R10LATIN_AM,DOM,0
2011,DOM,0.0,0.319,R10LATIN_AM,DOM,0
2012,DOM,0.059057766434022385,0.425,R10LATIN_AM,DOM,0
2013,DOM,0.059057766434022385,0.425,R10LATIN_AM,DOM,0
2014,DOM,0.059057766434022385,0.425,R10LATIN_AM,DOM,0
2015,DOM,0.059057766434022385,0.425,R10LATIN_AM,DOM,0
2016,DOM,0.059057766434022385,0.425,R10LATIN_AM,DOM,0
2017,DOM,0.12998991218363032,0.783,R10LATIN_AM,DOM,0
2018,DOM,0.12998991218363032,0.783,R10LATIN_AM,DOM,0
2019,DOM,0.12998991218363032,0.783,R10LATIN_AM,DOM,0
2020,DOM,0.2925002773563541,1.533,R10LATIN_AM,DOM,0
2021,DOM,0.2925002773563541,1.533,R10LATIN_AM,DOM,0
2000,IDN,0.059302687546712196,8.958,R10REST_ASIA,IDN,0
2001,IDN,0.059302687546712196,8.958,R10REST_ASIA,IDN,0
2002,IDN,0.00683590662593736,8.958,R10REST_ASIA,IDN,0
2003,IDN,0.00683590662593736,8.958,R10REST_ASIA,IDN,0
2004,IDN,0.010185401487611268,9.108,R10REST_ASIA,IDN,0
2005,IDN,0.021186215165473143,9.948,R10REST_ASIA,IDN,0
2006,IDN,0.021186215165473143,9.948,R10REST_ASIA,IDN,0
2007,IDN,0.035945903527686784,10.688,R10REST_ASIA,IDN,0
2008,IDN,0.03833859204241796,10.812,R10REST_ASIA,IDN,0
2009,IDN,0.03489574900231629,10.812,R10REST_ASIA,IDN,0
2010,IDN,0.02655710876199535,11.341,R10REST_ASIA,IDN,0
2011,IDN,0.03927267354523223,12.061,R10REST_ASIA,IDN,0
2012,IDN,0.036901057051555775,12.811,R10REST_ASIA,IDN,0
2013,IDN,0.04105015616134855,13.221,R10REST_ASIA,IDN,0
2014,IDN,0.04277674713970958,13.331,R10REST_ASIA,IDN,0
2015,IDN,0.03882059762041212,13.72,R10REST_ASIA,IDN,0
2016,IDN,0.03297355780528921,14.185,R10REST_ASIA,IDN,0
2017,IDN,0.02226325037564436,14.302,R10REST_ASIA,IDN,0
2018,IDN,0.015842769366106735,14.302,R10REST_ASIA,IDN,0
2019,IDN,0.03288587629601136,15.672,R10REST_ASIA,IDN,0
2020,IDN,0.04080275147085488,16.757,R10REST_ASIA,IDN,0
2021,IDN,0.03998527874574087,17.257,R10REST_ASIA,IDN,0
2000,IRL,0.055828822974170134,1.03,R10EUROPE,IRL,1
2001,IRL,0.055828822974170134,1.03,R10EUROPE,IRL,1
2002,IRL,0.17750715352970947,1.777,R10EUROPE,IRL,1
2003,IRL,0.12800315450108268,1.881,R10EUROPE,IRL,1
2004,IRL,0.14020950561813805,1.985,R10EUROPE,IRL,1
2005,IRL,0.15910294684194515,2.155,R10EUROPE,IRL,1
2006,IRL,0.19962805068812228,2.559,R10EUROPE,IRL,1
2007,IRL,0.1073668221755093,2.959,R10EUROPE,IRL,1
2008,IRL,0.09484145695843815,2.959,R10EUROPE,IRL,1
2009,IRL,0.0831207870505879,2.959,R10EUROPE,IRL,1
2010,IRL,0.12866217411067904,3.947,R10EUROPE,IRL,1
2011,IRL,0.09053439626582893,3.947,R10EUROPE,IRL,1
2012,IRL,0.05931331763743919,3.947,R10EUROPE,IRL,1
2013,IRL,0.05931331763743919,3.947,R10EUROPE,IRL,1
2014,IRL,0.05931331763743919,3.947,R10EUROPE,IRL,1
2015,IRL,0.022292524003658887,4.407,R10EUROPE,IRL,1
2016,IRL,0.022292524003658887,4.407,R10EUROPE,IRL,1
2017,IRL,0.022292524003658887,4.407,R10EUROPE,IRL,1
2018,IRL,0.022292524003658887,4.407,R10EUROPE,IRL,1
2019,IRL,0.022292524003658887,4.407,R10EUROPE,IRL,1
2020,IRL,0.0,4.407,R10EUROPE,IRL,1
2021,IRL,0.0,4.407,R10EUROPE,IRL,1
2000,MYS,0.14070758972991193,5.321,R10REST_ASIA,MYS,0
2001,MYS,0.07604251808829621,6.271,R10REST_ASIA,MYS,0
2002,MYS,0.06937797003851465,6.991,R10REST_ASIA,MYS,0
2003,MYS,0.09835719368239215,7.991,R10REST_ASIA,MYS,0
2004,MYS,0.08472980741406544,7.991,R10REST_ASIA,MYS,0
2005,MYS,0.10436738503483811,8.741,R10REST_ASIA,MYS,0
2006,MYS,0.07142195973060916,8.854,R10REST_ASIA,MYS,0
2007,MYS,0.05284454258172189,9.044,R10REST_ASIA,MYS,0
2008,MYS,0.028444059027953328,9.194,R10REST_ASIA,MYS,0
2009,MYS,0.044700967708034334,9.944,R10REST_ASIA,MYS,0
2010,MYS,0.03638076863326578,10.451,R10REST_ASIA,MYS,0
2011,MYS,0.03372177829149159,10.451,R10REST_ASIA,MYS,0
2012,MYS,0.02934144363177693,10.451,R10REST_ASIA,MYS,0
2013,MYS,0.02596056880454123,10.451,R10REST_ASIA,MYS,0
2014,MYS,0.01732935480354536,10.836,R10REST_ASIA,MYS,0
2015,MYS,0.007261488993487442,10.836,R10REST_ASIA,MYS,0
2016,MYS,0.03283113364546009,12.283,R10REST_ASIA,MYS,0
2017,MYS,0.06297255367329702,14.183,R10REST_ASIA,MYS,0
2018,MYS,0.06297255367329702,14.183,R10REST_ASIA,MYS,0
2019,MYS,0.05530943582036407,14.183,R10REST_ASIA,MYS,0
2020,MYS,0.05530943582036407,14.183,R10REST_ASIA,MYS,0
2021,MYS,0.07779174179753845,17.864,R10REST_ASIA,MYS,0
2000,PAK,0.11404204041815835,8.331,R10INDIA+,PAK,0
2000,PAK,0.11404204041815835,8.331,R10REST_ASIA,PAK,0
2001,PAK,0.05822097319323616,8.566,R10INDIA+,PAK,0
2001,PAK,0.05822097319323616,8.566,R10REST_ASIA,PAK,0
2002,PAK,0.041651232173302244,8.566,R10INDIA+,PAK,0
2002,PAK,0.041651232173302244,8.566,R10REST_ASIA,PAK,0
2003,PAK,0.041651232173302244,8.566,R10INDIA+,PAK,0
2003,PAK,0.041651232173302244,8.566,R10REST_ASIA,PAK,0
2004,PAK,0.020355076633359115,8.566,R10INDIA+,PAK,0
2004,PAK,0.020355076633359115,8.566,R10REST_ASIA,PAK,0
2005,PAK,0.00557898131546497,8.566,R10INDIA+,PAK,0
2005,PAK,0.00557898131546497,8.566,R10REST_ASIA,PAK,0
2006,PAK,0.0,8.566,R10INDIA+,PAK,0
2006,PAK,0.0,8.566,R10REST_ASIA,PAK,0
2007,PAK,0.0,8.566,R10INDIA+,PAK,0
2007,PAK,0.0,8.566,R10REST_ASIA,PAK,0
2008,PAK,0.0,8.566,R10INDIA+,PAK,0
2008,PAK,0.0,8.566,R10REST_ASIA,PAK,0
2009,PAK,0.0,8.566,R10INDIA+,PAK,0
2009,PAK,0.0,8.566,R10REST_ASIA,PAK,0
2010,PAK,0.020225174750524655,9.468,R10INDIA+,PAK,0
2010,PAK,0.020225174750524655,9.468,R10REST_ASIA,PAK,0
2011,PAK,0.02891190051700354,9.878,R10INDIA+,PAK,0
2011,PAK,0.02891190051700354,9.878,R10REST_ASIA,PAK,0
2012,PAK,0.04056123834016323,10.45,R10INDIA+,PAK,0
2012,PAK,0.04056123834016323,10.45,R10REST_ASIA,PAK,0
2013,PAK,0.04056123834016323,10.45,R10INDIA+,PAK,0
2013,PAK,0.04056123834016323,10.45,R10REST_ASIA,PAK,0
2014,PAK,0.0727245656814397,12.168,R10INDIA+,PAK,0
2014,PAK,0.0727245656814397,12.168,R10REST_ASIA,PAK,0
2015,PAK,0.055710135132141625,12.416,R10INDIA+,PAK,0
2015,PAK,0.055710135132141625,12.416,R10REST_ASIA,PAK,0
2016,PAK,0.04679716170052162,12.416,R10INDIA+,PAK,0
2016,PAK,0.04679716170052162,12.416,R10REST_ASIA,PAK,0
2017,PAK,0.036739994721142644,12.516,R10INDIA+,PAK,0
2017,PAK,0.036739994721142644,12.516,R10REST_ASIA,PAK,0
2018,PAK,0.09226000548637048,16.246,R10INDIA+,PAK,0
2018,PAK,0.09226000548637048,16.246,R10REST_ASIA,PAK,0
2019,PAK,0.05951095020960784,16.246,R10INDIA+,PAK,0
2019,PAK,0.05951095020960784,16.246,R10REST_ASIA,PAK,0
2020,PAK,0.055244139745661336,16.246,R10INDIA+,PAK,0
2020,PAK,0.055244139745661336,16.246,R10REST_ASIA,PAK,0
2021,PAK,0.055244139745661336,16.246,R10INDIA+,PAK,0
2021,PAK,0.055244139745661336,16.246,R10REST_ASIA,PAK,0
2004,PER,0.0,0.308,R10LATIN_AM,PER,1
2005,PER,0.07198116451066405,0.436,R10LATIN_AM,PER,1
2006,PER,0.2552900988046076,0.96,R10LATIN_AM,PER,1
2007,PER,0.2552900988046076,0.96,R10LATIN_AM,PER,1
2008,PER,0.2552900988046076,0.96,R10LATIN_AM,PER,1
2009,PER,0.32963320008635977,1.28,R10LATIN_AM,PER,1
2010,PER,0.24035127118423594,1.28,R10LATIN_AM,PER,1
2011,PER,0.059223841048812176,1.28,R10LATIN_AM,PER,1
2012,PER,0.2651026213514809,3.111,R10LATIN_AM,PER,1
2013,PER,0.2799584848972667,3.298,R10LATIN_AM,PER,1
2014,PER,0.2083928205674539,3.298,R10LATIN_AM,PER,1
2015,PER,0.27323222218988685,4.283,R10LATIN_AM,PER,1
2016,PER,0.27976437532132237,4.394,R10LATIN_AM,PER,1
2017,PER,0.07397544232929976,4.445,R10LATIN_AM,PER,1
2018,PER,0.07546705993907143,4.745,R10LATIN_AM,PER,1
2019,PER,0.07546705993907143,4.745,R10LATIN_AM,PER,1
2020,PER,0.020698857080404975,4.745,R10LATIN_AM,PER,1
2021,PER,0.015489022079445025,4.745,R10LATIN_AM,PER,1
2009,MMR,0.0,0.296,R10REST_ASIA,MMR,0
2010,MMR,0.0,0.296,R10REST_ASIA,MMR,0
2011,MMR,0.0,0.296,R10REST_ASIA,MMR,0
2012,MMR,0.0,0.296,R10REST_ASIA,MMR,0
2013,MMR,0.07094919513846865,0.417,R10REST_ASIA,MMR,0
2014,MMR,0.24545024311571417,0.887,R10REST_ASIA,MMR,0
2015,MMR,0.24545024311571417,0.887,R10REST_ASIA,MMR,0
2016,MMR,0.25918509985099325,0.937,R10REST_ASIA,MMR,0
2017,MMR,0.25918509985099325,0.937,R10REST_ASIA,MMR,0
2018,MMR,0.24909836449192002,1.268,R10REST_ASIA,MMR,0
2019,MMR,0.09352966319329714,1.387,R10REST_ASIA,MMR,0
2020,MMR,0.17833909272708648,2.015,R10REST_ASIA,MMR,0
2021,MMR,0.16548608277159982,2.015,R10REST_ASIA,MMR,0
2011,BGD,0.04746295018420099,3.257,R10INDIA+,BGD,0
2011,BGD,0.04746295018420099,3.257,R10REST_ASIA,BGD,0
2012,BGD,0.04133636311057498,3.42,R10INDIA+,BGD,0
2012,BGD,0.04133636311057498,3.42,R10REST_ASIA,BGD,0
2013,BGD,0.06529751252111882,3.832,R10INDIA+,BGD,0
2013,BGD,0.06529751252111882,3.832,R10REST_ASIA,BGD,0
2014,BGD,0.07752365834159192,4.057,R10INDIA+,BGD,0
2014,BGD,0.07752365834159192,4.057,R10REST_ASIA,BGD,0
2015,BGD,0.12766659626499632,5.558,R10INDIA+,BGD,0
2015,BGD,0.12766659626499632,5.558,R10REST_ASIA,BGD,0
2016,BGD,0.15042133995094842,6.563,R10INDIA+,BGD,0
2016,BGD,0.15042133995094842,6.563,R10REST_ASIA,BGD,0
2017,BGD,0.17960364632823422,7.811,R10INDIA+,BGD,0
2017,BGD,0.17960364632823422,7.811,R10REST_ASIA,BGD,0
2018,BGD,0.17618812582656762,8.626,R10INDIA+,BGD,0
2018,BGD,0.17618812582656762,8.626,R10REST_ASIA,BGD,0
2019,BGD,0.1922912360304334,9.775,R10INDIA+,BGD,0
2019,BGD,0.1922912360304334,9.775,R10REST_ASIA,BGD,0
2020,BGD,0.12464716160581157,10.0,R10INDIA+,BGD,0
2020,BGD,0.12464716160581157,10.0,R10REST_ASIA,BGD,0
2021,BGD,0.10840885627471675,10.98,R10INDIA+,BGD,0
2021,BGD,0.10840885627471675,10.98,R10REST_ASIA,BGD,0
2015,SYR,0.017544946531647954,5.763,R10MIDDLE_EAST,SYR,0
2016,SYR,0.0,5.763,R10MIDDLE_EAST,SYR,0
2017,SYR,0.0,5.763,R10MIDDLE_EAST,SYR,0
2018,SYR,0.0,5.763,R10MIDDLE_EAST,SYR,0
2019,SYR,0.02477020931414664,6.513,R10MIDDLE_EAST,SYR,0
2020,SYR,0.02477020931414664,6.513,R10MIDDLE_EAST,SYR,0
2021,SYR,0.02477020931414664,6.513,R10MIDDLE_EAST,SYR,0
2021,SEN,0.1675032182147722,0.436,R10AFRICA,SEN,0
2019,TJK,0.0,0.206,R10REF_ECON,TJK,0
2020,TJK,0.0,0.206,R10REF_ECON,TJK,0
2021,TJK,0.0,0.206,R10REF_ECON,TJK,0
